treat,age,educ,black,hisp,married,nodegree,re74,re75,re78,pool,u74,u75,employed78,age2,age3,educ2,re74_2,re75_2,educ_re74
1.0,37.0,11.0,1.0,0.0,1.0,1.0,0.0,0.0,9930.046,psid,1,1,1,1369.0,50653.0,121.0,0.0,0.0,0.0
1.0,22.0,9.0,0.0,1.0,0.0,1.0,0.0,0.0,3595.894,psid,1,1,1,484.0,10648.0,81.0,0.0,0.0,0.0
1.0,30.0,12.0,1.0,0.0,0.0,0.0,0.0,0.0,24909.45,psid,1,1,1,900.0,27000.0,144.0,0.0,0.0,0.0
1.0,27.0,11.0,1.0,0.0,0.0,1.0,0.0,0.0,7506.146,psid,1,1,1,729.0,19683.0,121.0,0.0,0.0,0.0
1.0,33.0,8.0,1.0,0.0,0.0,1.0,0.0,0.0,289.7899,psid,1,1,1,1089.0,35937.0,64.0,0.0,0.0,0.0
1.0,22.0,9.0,1.0,0.0,0.0,1.0,0.0,0.0,4056.494,psid,1,1,1,484.0,10648.0,81.0,0.0,0.0,0.0
1.0,23.0,12.0,1.0,0.0,0.0,0.0,0.0,0.0,0.0,psid,1,1,0,529.0,12167.0,144.0,0.0,0.0,0.0
1.0,32.0,11.0,1.0,0.0,0.0,1.0,0.0,0.0,8472.158,psid,1,1,1,1024.0,32768.0,121.0,0.0,0.0,0.0
1.0,22.0,16.0,1.0,0.0,0.0,0.0,0.0,0.0,2164.022,psid,1,1,1,484.0,10648.0,256.0,0.0,0.0,0.0
1.0,33.0,12.0,0.0,0.0,1.0,0.0,0.0,0.0,12418.07,psid,1,1,1,1089.0,35937.0,144.0,0.0,0.0,0.0
1.0,19.0,9.0,1.0,0.0,0.0,1.0,0.0,0.0,8173.908,psid,1,1,1,361.0,6859.0,81.0,0.0,0.0,0.0
1.0,21.0,13.0,1.0,0.0,0.0,0.0,0.0,0.0,17094.64,psid,1,1,1,441.0,9261.0,169.0,0.0,0.0,0.0
1.0,18.0,8.0,1.0,0.0,0.0,1.0,0.0,0.0,0.0,psid,1,1,0,324.0,5832.0,64.0,0.0,0.0,0.0
1.0,27.0,10.0,1.0,0.0,1.0,1.0,0.0,0.0,18739.93,psid,1,1,1,729.0,19683.0,100.0,0.0,0.0,0.0
1.0,17.0,7.0,1.0,0.0,0.0,1.0,0.0,0.0,3023.879,psid,1,1,1,289.0,4913.0,49.0,0.0,0.0,0.0
1.0,19.0,10.0,1.0,0.0,0.0,1.0,0.0,0.0,3228.503,psid,1,1,1,361.0,6859.0,100.0,0.0,0.0,0.0
1.0,27.0,13.0,1.0,0.0,0.0,0.0,0.0,0.0,14581.86,psid,1,1,1,729.0,19683.0,169.0,0.0,0.0,0.0
1.0,23.0,10.0,1.0,0.0,0.0,1.0,0.0,0.0,7693.4,psid,1,1,1,529.0,12167.0,100.0,0.0,0.0,0.0
1.0,40.0,12.0,1.0,0.0,0.0,0.0,0.0,0.0,10804.32,psid,1,1,1,1600.0,64000.0,144.0,0.0,0.0,0.0
1.0,26.0,12.0,1.0,0.0,0.0,0.0,0.0,0.0,10747.35,psid,1,1,1,676.0,17576.0,144.0,0.0,0.0,0.0
1.0,23.0,11.0,1.0,0.0,0.0,1.0,0.0,0.0,0.0,psid,1,1,0,529.0,12167.0,121.0,0.0,0.0,0.0
1.0,41.0,14.0,0.0,0.0,0.0,0.0,0.0,0.0,5149.501,psid,1,1,1,1681.0,68921.0,196.0,0.0,0.0,0.0
1.0,38.0,9.0,0.0,0.0,0.0,1.0,0.0,0.0,6408.95,psid,1,1,1,1444.0,54872.0,81.0,0.0,0.0,0.0
1.0,24.0,11.0,1.0,0.0,0.0,1.0,0.0,0.0,1991.4,psid,1,1,1,576.0,13824.0,121.0,0.0,0.0,0.0
1.0,18.0,10.0,1.0,0.0,0.0,1.0,0.0,0.0,11163.17,psid,1,1,1,324.0,5832.0,100.0,0.0,0.0,0.0
1.0,29.0,11.0,1.0,0.0,1.0,1.0,0.0,0.0,9642.999,psid,1,1,1,841.0,24389.0,121.0,0.0,0.0,0.0
1.0,25.0,11.0,1.0,0.0,0.0,1.0,0.0,0.0,9897.049,psid,1,1,1,625.0,15625.0,121.0,0.0,0.0,0.0
1.0,27.0,10.0,0.0,1.0,0.0,1.0,0.0,0.0,11142.87,psid,1,1,1,729.0,19683.0,100.0,0.0,0.0,0.0
1.0,17.0,10.0,1.0,0.0,0.0,1.0,0.0,0.0,16218.04,psid,1,1,1,289.0,4913.0,100.0,0.0,0.0,0.0
1.0,24.0,11.0,1.0,0.0,0.0,1.0,0.0,0.0,995.7002,psid,1,1,1,576.0,13824.0,121.0,0.0,0.0,0.0
1.0,17.0,10.0,1.0,0.0,0.0,1.0,0.0,0.0,0.0,psid,1,1,0,289.0,4913.0,100.0,0.0,0.0,0.0
1.0,48.0,4.0,1.0,0.0,0.0,1.0,0.0,0.0,6551.592,psid,1,1,1,2304.0,110592.0,16.0,0.0,0.0,0.0
1.0,25.0,11.0,1.0,0.0,1.0,1.0,0.0,0.0,1574.424,psid,1,1,1,625.0,15625.0,121.0,0.0,0.0,0.0
1.0,20.0,12.0,1.0,0.0,0.0,0.0,0.0,0.0,0.0,psid,1,1,0,400.0,8000.0,144.0,0.0,0.0,0.0
1.0,25.0,12.0,1.0,0.0,0.0,0.0,0.0,0.0,3191.753,psid,1,1,1,625.0,15625.0,144.0,0.0,0.0,0.0
1.0,42.0,14.0,1.0,0.0,0.0,0.0,0.0,0.0,20505.93,psid,1,1,1,1764.0,74088.0,196.0,0.0,0.0,0.0
1.0,25.0,5.0,1.0,0.0,0.0,1.0,0.0,0.0,6181.88,psid,1,1,1,625.0,15625.0,25.0,0.0,0.0,0.0
1.0,23.0,12.0,1.0,0.0,1.0,0.0,0.0,0.0,5911.551,psid,1,1,1,529.0,12167.0,144.0,0.0,0.0,0.0
1.0,46.0,8.0,1.0,0.0,1.0,1.0,0.0,0.0,3094.156,psid,1,1,1,2116.0,97336.0,64.0,0.0,0.0,0.0
1.0,24.0,10.0,1.0,0.0,0.0,1.0,0.0,0.0,0.0,psid,1,1,0,576.0,13824.0,100.0,0.0,0.0,0.0
1.0,21.0,12.0,1.0,0.0,0.0,0.0,0.0,0.0,1254.582,psid,1,1,1,441.0,9261.0,144.0,0.0,0.0,0.0
1.0,19.0,9.0,0.0,0.0,0.0,1.0,0.0,0.0,13188.83,psid,1,1,1,361.0,6859.0,81.0,0.0,0.0,0.0
1.0,17.0,8.0,1.0,0.0,0.0,1.0,0.0,0.0,8061.485,psid,1,1,1,289.0,4913.0,64.0,0.0,0.0,0.0
1.0,18.0,8.0,0.0,1.0,1.0,1.0,0.0,0.0,2787.96,psid,1,1,1,324.0,5832.0,64.0,0.0,0.0,0.0
1.0,20.0,11.0,1.0,0.0,0.0,1.0,0.0,0.0,3972.54,psid,1,1,1,400.0,8000.0,121.0,0.0,0.0,0.0
1.0,25.0,11.0,1.0,0.0,1.0,1.0,0.0,0.0,0.0,psid,1,1,0,625.0,15625.0,121.0,0.0,0.0,0.0
1.0,17.0,8.0,1.0,0.0,0.0,1.0,0.0,0.0,0.0,psid,1,1,0,289.0,4913.0,64.0,0.0,0.0,0.0
1.0,17.0,9.0,1.0,0.0,0.0,1.0,0.0,0.0,0.0,psid,1,1,0,289.0,4913.0,81.0,0.0,0.0,0.0
1.0,25.0,5.0,1.0,0.0,0.0,1.0,0.0,0.0,12187.41,psid,1,1,1,625.0,15625.0,25.0,0.0,0.0,0.0
1.0,23.0,12.0,1.0,0.0,0.0,0.0,0.0,0.0,4843.176,psid,1,1,1,529.0,12167.0,144.0,0.0,0.0,0.0
1.0,28.0,8.0,1.0,0.0,0.0,1.0,0.0,0.0,0.0,psid,1,1,0,784.0,21952.0,64.0,0.0,0.0,0.0
1.0,31.0,11.0,1.0,0.0,1.0,1.0,0.0,0.0,8087.487,psid,1,1,1,961.0,29791.0,121.0,0.0,0.0,0.0
1.0,18.0,11.0,1.0,0.0,0.0,1.0,0.0,0.0,0.0,psid,1,1,0,324.0,5832.0,121.0,0.0,0.0,0.0
1.0,25.0,12.0,1.0,0.0,0.0,0.0,0.0,0.0,2348.973,psid,1,1,1,625.0,15625.0,144.0,0.0,0.0,0.0
1.0,30.0,11.0,1.0,0.0,1.0,1.0,0.0,0.0,590.7818,psid,1,1,1,900.0,27000.0,121.0,0.0,0.0,0.0
1.0,17.0,10.0,1.0,0.0,0.0,1.0,0.0,0.0,0.0,psid,1,1,0,289.0,4913.0,100.0,0.0,0.0,0.0
1.0,37.0,9.0,1.0,0.0,0.0,1.0,0.0,0.0,1067.506,psid,1,1,1,1369.0,50653.0,81.0,0.0,0.0,0.0
1.0,41.0,4.0,1.0,0.0,1.0,1.0,0.0,0.0,7284.986,psid,1,1,1,1681.0,68921.0,16.0,0.0,0.0,0.0
1.0,42.0,14.0,1.0,0.0,1.0,0.0,0.0,0.0,13167.52,psid,1,1,1,1764.0,74088.0,196.0,0.0,0.0,0.0
1.0,22.0,11.0,0.0,0.0,0.0,1.0,0.0,0.0,1048.432,psid,1,1,1,484.0,10648.0,121.0,0.0,0.0,0.0
1.0,17.0,8.0,1.0,0.0,0.0,1.0,0.0,0.0,0.0,psid,1,1,0,289.0,4913.0,64.0,0.0,0.0,0.0
1.0,29.0,8.0,1.0,0.0,0.0,1.0,0.0,0.0,1923.938,psid,1,1,1,841.0,24389.0,64.0,0.0,0.0,0.0
1.0,35.0,10.0,1.0,0.0,0.0,1.0,0.0,0.0,4666.236,psid,1,1,1,1225.0,42875.0,100.0,0.0,0.0,0.0
1.0,27.0,11.0,1.0,0.0,0.0,1.0,0.0,0.0,549.2984,psid,1,1,1,729.0,19683.0,121.0,0.0,0.0,0.0
1.0,29.0,4.0,1.0,0.0,0.0,1.0,0.0,0.0,762.9146,psid,1,1,1,841.0,24389.0,16.0,0.0,0.0,0.0
1.0,28.0,9.0,1.0,0.0,0.0,1.0,0.0,0.0,10694.29,psid,1,1,1,784.0,21952.0,81.0,0.0,0.0,0.0
1.0,27.0,11.0,1.0,0.0,0.0,1.0,0.0,0.0,0.0,psid,1,1,0,729.0,19683.0,121.0,0.0,0.0,0.0
1.0,23.0,7.0,0.0,0.0,0.0,1.0,0.0,0.0,0.0,psid,1,1,0,529.0,12167.0,49.0,0.0,0.0,0.0
1.0,45.0,5.0,1.0,0.0,1.0,1.0,0.0,0.0,8546.715,psid,1,1,1,2025.0,91125.0,25.0,0.0,0.0,0.0
1.0,29.0,13.0,1.0,0.0,0.0,0.0,0.0,0.0,7479.656,psid,1,1,1,841.0,24389.0,169.0,0.0,0.0,0.0
1.0,27.0,9.0,1.0,0.0,0.0,1.0,0.0,0.0,0.0,psid,1,1,0,729.0,19683.0,81.0,0.0,0.0,0.0
1.0,46.0,13.0,1.0,0.0,0.0,0.0,0.0,0.0,647.2046,psid,1,1,1,2116.0,97336.0,169.0,0.0,0.0,0.0
1.0,18.0,6.0,1.0,0.0,0.0,1.0,0.0,0.0,0.0,psid,1,1,0,324.0,5832.0,36.0,0.0,0.0,0.0
1.0,25.0,12.0,1.0,0.0,0.0,0.0,0.0,0.0,11965.81,psid,1,1,1,625.0,15625.0,144.0,0.0,0.0,0.0
1.0,28.0,15.0,1.0,0.0,0.0,0.0,0.0,0.0,9598.541,psid,1,1,1,784.0,21952.0,225.0,0.0,0.0,0.0
1.0,25.0,11.0,0.0,0.0,0.0,1.0,0.0,0.0,18783.35,psid,1,1,1,625.0,15625.0,121.0,0.0,0.0,0.0
1.0,22.0,12.0,1.0,0.0,0.0,0.0,0.0,0.0,18678.08,psid,1,1,1,484.0,10648.0,144.0,0.0,0.0,0.0
1.0,21.0,9.0,1.0,0.0,0.0,1.0,0.0,0.0,0.0,psid,1,1,0,441.0,9261.0,81.0,0.0,0.0,0.0
1.0,40.0,11.0,1.0,0.0,0.0,1.0,0.0,0.0,23005.6,psid,1,1,1,1600.0,64000.0,121.0,0.0,0.0,0.0
1.0,22.0,11.0,1.0,0.0,0.0,1.0,0.0,0.0,6456.697,psid,1,1,1,484.0,10648.0,121.0,0.0,0.0,0.0
1.0,25.0,12.0,1.0,0.0,0.0,0.0,0.0,0.0,0.0,psid,1,1,0,625.0,15625.0,144.0,0.0,0.0,0.0
1.0,18.0,12.0,1.0,0.0,0.0,0.0,0.0,0.0,2321.107,psid,1,1,1,324.0,5832.0,144.0,0.0,0.0,0.0
1.0,38.0,12.0,0.0,0.0,0.0,0.0,0.0,0.0,4941.849,psid,1,1,1,1444.0,54872.0,144.0,0.0,0.0,0.0
1.0,27.0,13.0,1.0,0.0,0.0,0.0,0.0,0.0,0.0,psid,1,1,0,729.0,19683.0,169.0,0.0,0.0,0.0
1.0,27.0,8.0,1.0,0.0,0.0,1.0,0.0,0.0,0.0,psid,1,1,0,729.0,19683.0,64.0,0.0,0.0,0.0
1.0,38.0,11.0,1.0,0.0,0.0,1.0,0.0,0.0,0.0,psid,1,1,0,1444.0,54872.0,121.0,0.0,0.0,0.0
1.0,23.0,8.0,0.0,1.0,0.0,1.0,0.0,0.0,3881.284,psid,1,1,1,529.0,12167.0,64.0,0.0,0.0,0.0
1.0,26.0,11.0,1.0,0.0,0.0,1.0,0.0,0.0,17230.96,psid,1,1,1,676.0,17576.0,121.0,0.0,0.0,0.0
1.0,21.0,12.0,0.0,0.0,0.0,0.0,0.0,0.0,8048.603,psid,1,1,1,441.0,9261.0,144.0,0.0,0.0,0.0
1.0,25.0,8.0,1.0,0.0,0.0,1.0,0.0,0.0,0.0,psid,1,1,0,625.0,15625.0,64.0,0.0,0.0,0.0
1.0,31.0,11.0,1.0,0.0,1.0,1.0,0.0,0.0,14509.93,psid,1,1,1,961.0,29791.0,121.0,0.0,0.0,0.0
1.0,17.0,10.0,1.0,0.0,0.0,1.0,0.0,0.0,0.0,psid,1,1,0,289.0,4913.0,100.0,0.0,0.0,0.0
1.0,25.0,11.0,1.0,0.0,0.0,1.0,0.0,0.0,0.0,psid,1,1,0,625.0,15625.0,121.0,0.0,0.0,0.0
1.0,21.0,12.0,1.0,0.0,0.0,0.0,0.0,0.0,9983.784,psid,1,1,1,441.0,9261.0,144.0,0.0,0.0,0.0
1.0,44.0,11.0,1.0,0.0,0.0,1.0,0.0,0.0,0.0,psid,1,1,0,1936.0,85184.0,121.0,0.0,0.0,0.0
1.0,25.0,12.0,0.0,0.0,0.0,0.0,0.0,0.0,5587.503,psid,1,1,1,625.0,15625.0,144.0,0.0,0.0,0.0
1.0,18.0,9.0,1.0,0.0,0.0,1.0,0.0,0.0,4482.845,psid,1,1,1,324.0,5832.0,81.0,0.0,0.0,0.0
1.0,42.0,12.0,1.0,0.0,0.0,0.0,0.0,0.0,2456.153,psid,1,1,1,1764.0,74088.0,144.0,0.0,0.0,0.0
1.0,25.0,10.0,1.0,0.0,0.0,1.0,0.0,0.0,0.0,psid,1,1,0,625.0,15625.0,100.0,0.0,0.0,0.0
1.0,31.0,9.0,0.0,1.0,0.0,1.0,0.0,0.0,26817.6,psid,1,1,1,961.0,29791.0,81.0,0.0,0.0,0.0
1.0,24.0,10.0,1.0,0.0,0.0,1.0,0.0,0.0,0.0,psid,1,1,0,576.0,13824.0,100.0,0.0,0.0,0.0
1.0,26.0,10.0,1.0,0.0,0.0,1.0,0.0,0.0,9265.788,psid,1,1,1,676.0,17576.0,100.0,0.0,0.0,0.0
1.0,25.0,11.0,1.0,0.0,0.0,1.0,0.0,0.0,485.2298,psid,1,1,1,625.0,15625.0,121.0,0.0,0.0,0.0
1.0,18.0,11.0,1.0,0.0,0.0,1.0,0.0,0.0,4814.627,psid,1,1,1,324.0,5832.0,121.0,0.0,0.0,0.0
1.0,19.0,11.0,1.0,0.0,0.0,1.0,0.0,0.0,7458.105,psid,1,1,1,361.0,6859.0,121.0,0.0,0.0,0.0
1.0,43.0,9.0,1.0,0.0,0.0,1.0,0.0,0.0,0.0,psid,1,1,0,1849.0,79507.0,81.0,0.0,0.0,0.0
1.0,27.0,13.0,1.0,0.0,0.0,0.0,0.0,0.0,34099.28,psid,1,1,1,729.0,19683.0,169.0,0.0,0.0,0.0
1.0,17.0,9.0,1.0,0.0,0.0,1.0,0.0,0.0,1953.268,psid,1,1,1,289.0,4913.0,81.0,0.0,0.0,0.0
1.0,30.0,11.0,1.0,0.0,0.0,1.0,0.0,0.0,0.0,psid,1,1,0,900.0,27000.0,121.0,0.0,0.0,0.0
1.0,26.0,10.0,1.0,0.0,1.0,1.0,2027.999,0.0,0.0,psid,0,1,0,676.0,17576.0,100.0,4112779.944001,0.0,20279.99
1.0,20.0,9.0,1.0,0.0,0.0,1.0,6083.994,0.0,8881.665,psid,0,1,1,400.0,8000.0,81.0,37014982.992036,0.0,54755.945999999996
1.0,17.0,9.0,0.0,1.0,0.0,1.0,445.1704,74.34345,6210.67,psid,0,0,1,289.0,4913.0,81.0,198176.68503615996,5526.9485579025,4006.5335999999998
1.0,20.0,12.0,1.0,0.0,0.0,0.0,989.2678,165.2077,0.0,psid,0,0,0,400.0,8000.0,144.0,978650.7801168399,27293.584139289997,11871.2136
1.0,18.0,11.0,1.0,0.0,0.0,1.0,858.2543,214.5636,929.8839,psid,0,0,1,324.0,5832.0,121.0,736600.4434684899,46037.53844496,9440.7973
1.0,27.0,12.0,1.0,0.0,1.0,0.0,3670.872,334.0493,0.0,psid,0,0,0,729.0,19683.0,144.0,13475301.240384,111588.93483049,44050.464
1.0,21.0,12.0,0.0,0.0,0.0,0.0,3670.872,334.0494,12558.02,psid,0,0,1,441.0,9261.0,144.0,13475301.240384,111589.00164035999,44050.464
1.0,27.0,12.0,1.0,0.0,0.0,0.0,2143.413,357.9499,22163.25,psid,0,0,1,729.0,19683.0,144.0,4594219.288569,128128.13091001,25720.956
1.0,20.0,12.0,1.0,0.0,0.0,0.0,0.0,377.5686,1652.637,psid,1,0,1,400.0,8000.0,144.0,0.0,142558.04770596,0.0
1.0,19.0,10.0,1.0,0.0,0.0,1.0,0.0,385.2741,8124.715,psid,1,0,1,361.0,6859.0,100.0,0.0,148436.13213080997,0.0
1.0,23.0,12.0,1.0,0.0,0.0,0.0,5506.308,501.0741,671.3318,psid,0,0,1,529.0,12167.0,144.0,30319427.790864,251075.25369081,66075.696
1.0,29.0,14.0,1.0,0.0,0.0,0.0,0.0,679.6734,17814.98,psid,1,0,1,841.0,24389.0,196.0,0.0,461955.93066756,0.0
1.0,18.0,10.0,1.0,0.0,0.0,1.0,0.0,798.9079,9737.154,psid,1,0,1,324.0,5832.0,100.0,0.0,638253.83268241,0.0
1.0,19.0,9.0,1.0,0.0,0.0,1.0,0.0,798.9079,17685.18,psid,1,0,1,361.0,6859.0,81.0,0.0,638253.83268241,0.0
1.0,27.0,13.0,0.0,0.0,1.0,0.0,9381.566,853.7225,0.0,psid,0,0,0,729.0,19683.0,169.0,88013780.612356,728842.10700625,121960.35800000001
1.0,18.0,11.0,0.0,0.0,0.0,1.0,3678.231,919.5579,4321.705,psid,0,0,1,324.0,5832.0,121.0,13529383.289361002,845586.73145241,40460.541000000005
1.0,27.0,9.0,1.0,0.0,1.0,1.0,0.0,934.4454,1773.423,psid,1,0,1,729.0,19683.0,81.0,0.0,873188.2055811599,0.0
1.0,22.0,12.0,1.0,0.0,0.0,0.0,5605.852,936.1773,0.0,psid,0,0,0,484.0,10648.0,144.0,31425576.645903997,876427.93703529,67270.224
1.0,23.0,10.0,1.0,0.0,1.0,1.0,0.0,936.4386,11233.26,psid,1,0,1,529.0,12167.0,100.0,0.0,876917.2515699599,0.0
1.0,23.0,12.0,0.0,1.0,0.0,0.0,9385.74,1117.439,559.4432,psid,0,0,1,529.0,12167.0,144.0,88092115.3476,1248669.9187210002,112628.88
1.0,20.0,11.0,1.0,0.0,0.0,1.0,3637.498,1220.836,1085.44,psid,0,0,1,400.0,8000.0,121.0,13231391.700004,1490440.538896,40012.478
1.0,17.0,9.0,1.0,0.0,0.0,1.0,1716.509,1253.439,5445.2,psid,0,0,1,289.0,4913.0,81.0,2946403.1470810003,1571109.3267210003,15448.581
1.0,28.0,11.0,1.0,0.0,0.0,1.0,0.0,1284.079,60307.93,psid,1,0,1,784.0,21952.0,121.0,0.0,1648858.8782409998,0.0
1.0,26.0,11.0,1.0,0.0,1.0,1.0,0.0,1392.853,1460.36,psid,1,0,1,676.0,17576.0,121.0,0.0,1940039.4796090003,0.0
1.0,20.0,11.0,1.0,0.0,0.0,1.0,16318.62,1484.994,6943.342,psid,0,0,1,400.0,8000.0,121.0,266297358.70440003,2205207.180036,179504.82
1.0,24.0,11.0,1.0,0.0,1.0,1.0,824.3886,1666.113,4032.708,psid,0,0,1,576.0,13824.0,121.0,679616.56380996,2775932.528769,9068.2746
1.0,31.0,9.0,1.0,0.0,0.0,1.0,0.0,1698.607,10363.27,psid,1,0,1,961.0,29791.0,81.0,0.0,2885265.7404489997,0.0
1.0,23.0,8.0,0.0,0.0,1.0,1.0,0.0,1713.15,4232.309,psid,1,0,1,529.0,12167.0,64.0,0.0,2934882.9225000003,0.0
1.0,18.0,10.0,1.0,0.0,0.0,1.0,2143.411,1784.274,11141.39,psid,0,0,1,324.0,5832.0,100.0,4594210.714921,3183633.7070759996,21434.11
1.0,29.0,12.0,1.0,0.0,0.0,0.0,10881.94,1817.284,0.0,psid,0,0,0,841.0,24389.0,144.0,118416618.16360001,3302521.1366560003,130583.28
1.0,26.0,11.0,0.0,0.0,0.0,1.0,0.0,2226.266,13385.86,psid,1,0,1,676.0,17576.0,121.0,0.0,4956260.302756,0.0
1.0,24.0,9.0,1.0,0.0,0.0,1.0,9154.7,2288.675,4849.559,psid,0,0,1,576.0,13824.0,81.0,83808532.09000002,5238033.255625001,82392.3
1.0,25.0,12.0,1.0,0.0,0.0,0.0,14426.79,2409.274,0.0,psid,0,0,0,625.0,15625.0,144.0,208132269.7041,5804601.207075999,173121.48
1.0,24.0,10.0,1.0,0.0,0.0,1.0,4250.402,2421.947,1660.508,psid,0,0,1,576.0,13824.0,100.0,18065917.161604002,5865827.270809,42504.020000000004
1.0,46.0,8.0,1.0,0.0,0.0,1.0,3165.658,2594.723,0.0,psid,0,0,0,2116.0,97336.0,64.0,10021390.572964,6732587.446729,25325.264
1.0,31.0,12.0,0.0,0.0,0.0,0.0,0.0,2611.218,2484.549,psid,1,0,1,961.0,29791.0,144.0,0.0,6818459.443523999,0.0
1.0,19.0,11.0,1.0,0.0,0.0,1.0,2305.026,2615.276,4146.603,psid,0,0,1,361.0,6859.0,121.0,5313144.860675999,6839668.556175999,25355.286
1.0,19.0,8.0,1.0,0.0,0.0,1.0,0.0,2657.057,9970.681,psid,1,0,1,361.0,6859.0,64.0,0.0,7059951.901248999,0.0
1.0,27.0,11.0,1.0,0.0,0.0,1.0,2206.94,2666.274,0.0,psid,0,0,0,729.0,19683.0,121.0,4870584.163600001,7109017.043075999,24276.34
1.0,26.0,11.0,1.0,0.0,1.0,1.0,0.0,2754.646,26372.28,psid,1,0,1,676.0,17576.0,121.0,0.0,7588074.585316001,0.0
1.0,20.0,10.0,1.0,0.0,0.0,1.0,5005.731,2777.355,5615.189,psid,0,0,1,400.0,8000.0,100.0,25057342.844360996,7713700.7960250005,50057.31
1.0,28.0,10.0,1.0,0.0,0.0,1.0,0.0,2836.506,3196.571,psid,1,0,1,784.0,21952.0,100.0,0.0,8045766.288035999,0.0
1.0,24.0,12.0,1.0,0.0,0.0,0.0,13765.75,2842.764,6167.681,psid,0,0,1,576.0,13824.0,144.0,189495873.0625,8081307.159696001,165189.0
1.0,19.0,8.0,1.0,0.0,0.0,1.0,2636.353,2937.264,7535.942,psid,0,0,1,361.0,6859.0,64.0,6950357.140609001,8627519.805696001,21090.824
1.0,23.0,12.0,1.0,0.0,0.0,0.0,6269.341,3039.96,8484.239,psid,0,0,1,529.0,12167.0,144.0,39304636.57428101,9241356.8016,75232.092
1.0,42.0,9.0,1.0,0.0,1.0,1.0,0.0,3058.531,1294.409,psid,1,0,1,1764.0,74088.0,81.0,0.0,9354611.877961,0.0
1.0,25.0,13.0,1.0,0.0,0.0,0.0,12362.93,3090.732,0.0,psid,0,0,0,625.0,15625.0,169.0,152842038.18490002,9552624.295824,160718.09
1.0,18.0,9.0,1.0,0.0,0.0,1.0,0.0,3287.375,5010.342,psid,1,0,1,324.0,5832.0,81.0,0.0,10806834.390625,0.0
1.0,21.0,12.0,1.0,0.0,0.0,0.0,6473.683,3332.409,9371.037,psid,0,0,1,441.0,9261.0,144.0,41908571.584489,11104949.743281001,77684.196
1.0,27.0,10.0,1.0,0.0,0.0,1.0,1001.146,3550.075,0.0,psid,0,0,0,729.0,19683.0,100.0,1002293.3133159999,12603032.505624998,10011.46
1.0,21.0,8.0,1.0,0.0,0.0,1.0,989.2678,3695.897,4279.613,psid,0,0,1,441.0,9261.0,64.0,978650.7801168399,13659654.634608999,7914.1424
1.0,22.0,9.0,1.0,0.0,0.0,1.0,2192.877,3836.986,3462.564,psid,0,0,1,484.0,10648.0,81.0,4808709.537129,14722461.564196,19735.893
1.0,31.0,4.0,1.0,0.0,0.0,1.0,8517.589,4023.211,7382.549,psid,0,0,1,961.0,29791.0,16.0,72549322.372921,16186226.750520999,34070.356
1.0,24.0,10.0,1.0,0.0,1.0,1.0,11703.2,4078.152,0.0,psid,0,0,0,576.0,13824.0,100.0,136964890.24,16631323.735104,117032.0
1.0,29.0,10.0,1.0,0.0,0.0,1.0,0.0,4398.95,0.0,psid,1,0,0,841.0,24389.0,100.0,0.0,19350761.1025,0.0
1.0,29.0,12.0,1.0,0.0,0.0,0.0,9748.387,4878.937,10976.51,psid,0,0,1,841.0,24389.0,144.0,95031049.10176902,23804026.249968998,116980.644
1.0,19.0,10.0,0.0,0.0,0.0,1.0,0.0,5324.109,13829.62,psid,1,0,1,361.0,6859.0,100.0,0.0,28346136.643881004,0.0
1.0,19.0,11.0,0.0,1.0,1.0,1.0,5424.485,5463.803,6788.463,psid,0,0,1,361.0,6859.0,121.0,29425037.515224997,29853143.222808998,59669.335
1.0,31.0,9.0,1.0,0.0,0.0,1.0,10717.03,5517.841,9558.501,psid,0,0,1,961.0,29791.0,81.0,114854732.02090001,30446569.301281005,96453.27
1.0,22.0,10.0,1.0,0.0,1.0,1.0,1468.348,5588.664,13228.28,psid,0,0,1,484.0,10648.0,100.0,2156045.849104,31233165.304895997,14683.48
1.0,21.0,9.0,1.0,0.0,0.0,1.0,6416.47,5749.331,743.6666,psid,0,0,1,441.0,9261.0,81.0,41171087.260900006,33054806.947561003,57748.23
1.0,17.0,10.0,1.0,0.0,0.0,1.0,1291.468,5793.852,5522.788,psid,0,0,1,289.0,4913.0,100.0,1667889.5950240002,33568720.997903995,12914.68
1.0,26.0,12.0,1.0,0.0,1.0,0.0,8408.762,5794.831,1424.944,psid,0,0,1,676.0,17576.0,144.0,70707278.372644,33580066.318561,100905.144
1.0,20.0,9.0,0.0,1.0,0.0,1.0,12260.78,5875.049,1358.643,psid,0,0,1,400.0,8000.0,81.0,150326726.2084,34516200.752401,110347.02
1.0,19.0,10.0,1.0,0.0,0.0,1.0,4121.949,6056.754,0.0,psid,0,0,0,361.0,6859.0,100.0,16990463.558600996,36684269.016516,41219.49
1.0,26.0,10.0,1.0,0.0,0.0,1.0,25929.68,6788.958,672.8773,psid,0,0,1,676.0,17576.0,100.0,672348304.9024,46089950.72576399,259296.8
1.0,28.0,11.0,1.0,0.0,0.0,1.0,1929.029,6871.856,0.0,psid,0,0,0,784.0,21952.0,121.0,3721152.882841,47222404.884735994,21219.319
1.0,22.0,12.0,0.0,1.0,1.0,0.0,492.2305,7055.702,10092.83,psid,0,0,1,484.0,10648.0,144.0,242290.86513025,49782930.712804005,5906.766
1.0,33.0,11.0,1.0,0.0,0.0,1.0,0.0,7867.916,6281.433,psid,1,0,1,1089.0,35937.0,121.0,0.0,61904102.183056004,0.0
1.0,22.0,12.0,0.0,0.0,0.0,0.0,6759.994,8455.504,12590.71,psid,0,0,1,484.0,10648.0,144.0,45697518.880036,71495547.89401601,81119.928
1.0,29.0,10.0,0.0,1.0,0.0,1.0,0.0,8853.674,5112.014,psid,1,0,1,841.0,24389.0,100.0,0.0,78387543.29827602,0.0
1.0,33.0,12.0,1.0,0.0,1.0,0.0,20279.95,10941.35,15952.6,psid,0,0,1,1089.0,35937.0,144.0,411276372.00250006,119713139.8225,243359.40000000002
1.0,25.0,14.0,1.0,0.0,1.0,0.0,35040.07,11536.57,36646.95,psid,0,0,1,625.0,15625.0,196.0,1227806505.6049,133092447.3649,490560.98
1.0,35.0,9.0,1.0,0.0,1.0,1.0,13602.43,13830.64,12803.97,psid,0,0,1,1225.0,42875.0,81.0,185026101.9049,191286602.8096,122421.87
1.0,35.0,8.0,1.0,0.0,1.0,1.0,13732.07,17976.15,3786.628,psid,0,0,1,1225.0,42875.0,64.0,188569746.4849,323141968.82250005,109856.56
1.0,33.0,11.0,1.0,0.0,1.0,1.0,14660.71,25142.24,4181.942,psid,0,0,1,1089.0,35937.0,121.0,214936417.70409998,632132232.2176001,161267.81
0.0,47.0,12.0,0.0,0.0,0.0,0.0,0.0,0.0,0.0,psid,1,1,0,2209.0,103823.0,144.0,0.0,0.0,0.0
0.0,50.0,12.0,1.0,0.0,1.0,0.0,0.0,0.0,0.0,psid,1,1,0,2500.0,125000.0,144.0,0.0,0.0,0.0
0.0,44.0,12.0,0.0,0.0,0.0,0.0,0.0,0.0,0.0,psid,1,1,0,1936.0,85184.0,144.0,0.0,0.0,0.0
0.0,28.0,12.0,1.0,0.0,1.0,0.0,0.0,0.0,0.0,psid,1,1,0,784.0,21952.0,144.0,0.0,0.0,0.0
0.0,54.0,12.0,0.0,0.0,1.0,0.0,0.0,0.0,0.0,psid,1,1,0,2916.0,157464.0,144.0,0.0,0.0,0.0
0.0,55.0,12.0,0.0,1.0,1.0,0.0,0.0,0.0,0.0,psid,1,1,0,3025.0,166375.0,144.0,0.0,0.0,0.0
0.0,47.0,12.0,0.0,0.0,1.0,0.0,0.0,0.0,0.0,psid,1,1,0,2209.0,103823.0,144.0,0.0,0.0,0.0
0.0,25.0,12.0,1.0,0.0,0.0,0.0,0.0,0.0,0.0,psid,1,1,0,625.0,15625.0,144.0,0.0,0.0,0.0
0.0,44.0,12.0,0.0,0.0,1.0,0.0,0.0,0.0,0.0,psid,1,1,0,1936.0,85184.0,144.0,0.0,0.0,0.0
0.0,50.0,12.0,1.0,0.0,1.0,0.0,0.0,0.0,0.0,psid,1,1,0,2500.0,125000.0,144.0,0.0,0.0,0.0
0.0,23.0,12.0,1.0,0.0,0.0,0.0,0.0,0.0,4728.725,psid,1,1,1,529.0,12167.0,144.0,0.0,0.0,0.0
0.0,49.0,14.0,0.0,0.0,1.0,0.0,0.0,0.0,0.0,psid,1,1,0,2401.0,117649.0,196.0,0.0,0.0,0.0
0.0,55.0,14.0,0.0,0.0,1.0,0.0,0.0,0.0,0.0,psid,1,1,0,3025.0,166375.0,196.0,0.0,0.0,0.0
0.0,34.0,14.0,1.0,0.0,1.0,0.0,0.0,0.0,0.0,psid,1,1,0,1156.0,39304.0,196.0,0.0,0.0,0.0
0.0,34.0,16.0,0.0,0.0,1.0,0.0,0.0,0.0,11821.813,psid,1,1,1,1156.0,39304.0,256.0,0.0,0.0,0.0
0.0,55.0,13.0,0.0,1.0,1.0,0.0,0.0,0.0,0.0,psid,1,1,0,3025.0,166375.0,169.0,0.0,0.0,0.0
0.0,52.0,12.0,0.0,0.0,1.0,0.0,0.0,0.0,0.0,psid,1,1,0,2704.0,140608.0,144.0,0.0,0.0,0.0
0.0,52.0,15.0,0.0,0.0,1.0,0.0,0.0,0.0,0.0,psid,1,1,0,2704.0,140608.0,225.0,0.0,0.0,0.0
0.0,30.0,16.0,0.0,0.0,1.0,0.0,0.0,0.0,0.0,psid,1,1,0,900.0,27000.0,256.0,0.0,0.0,0.0
0.0,21.0,12.0,0.0,0.0,0.0,0.0,0.0,0.0,0.0,psid,1,1,0,441.0,9261.0,144.0,0.0,0.0,0.0
0.0,30.0,17.0,0.0,0.0,0.0,0.0,0.0,0.0,0.0,psid,1,1,0,900.0,27000.0,289.0,0.0,0.0,0.0
0.0,44.0,12.0,0.0,0.0,1.0,0.0,0.0,0.0,0.0,psid,1,1,0,1936.0,85184.0,144.0,0.0,0.0,0.0
0.0,46.0,12.0,0.0,0.0,0.0,0.0,0.0,0.0,0.0,psid,1,1,0,2116.0,97336.0,144.0,0.0,0.0,0.0
0.0,53.0,17.0,0.0,0.0,1.0,0.0,0.0,0.0,0.0,psid,1,1,0,2809.0,148877.0,289.0,0.0,0.0,0.0
0.0,26.0,16.0,0.0,0.0,0.0,0.0,0.0,0.0,9014.1321,psid,1,1,1,676.0,17576.0,256.0,0.0,0.0,0.0
0.0,49.0,12.0,0.0,0.0,1.0,0.0,0.0,0.0,13299.539,psid,1,1,1,2401.0,117649.0,144.0,0.0,0.0,0.0
0.0,39.0,15.0,0.0,0.0,1.0,0.0,0.0,0.0,1921.0445,psid,1,1,1,1521.0,59319.0,225.0,0.0,0.0,0.0
0.0,26.0,17.0,0.0,0.0,1.0,0.0,0.0,0.0,11821.813,psid,1,1,1,676.0,17576.0,289.0,0.0,0.0,0.0
0.0,32.0,16.0,0.0,0.0,1.0,0.0,0.0,0.0,0.0,psid,1,1,0,1024.0,32768.0,256.0,0.0,0.0,0.0
0.0,34.0,12.0,0.0,0.0,1.0,0.0,0.0,0.0,0.0,psid,1,1,0,1156.0,39304.0,144.0,0.0,0.0,0.0
0.0,31.0,14.0,0.0,0.0,1.0,0.0,0.0,0.0,0.0,psid,1,1,0,961.0,29791.0,196.0,0.0,0.0,0.0
0.0,39.0,17.0,0.0,1.0,1.0,0.0,0.0,0.0,8866.3594,psid,1,1,1,1521.0,59319.0,289.0,0.0,0.0,0.0
0.0,40.0,17.0,0.0,0.0,1.0,0.0,0.0,0.0,0.0,psid,1,1,0,1600.0,64000.0,289.0,0.0,0.0,0.0
0.0,31.0,12.0,0.0,0.0,1.0,0.0,0.0,0.0,0.0,psid,1,1,0,961.0,29791.0,144.0,0.0,0.0,0.0
0.0,27.0,13.0,0.0,0.0,1.0,0.0,0.0,0.0,28076.805,psid,1,1,1,729.0,19683.0,169.0,0.0,0.0,0.0
0.0,48.0,12.0,0.0,0.0,1.0,0.0,0.0,0.0,0.0,psid,1,1,0,2304.0,110592.0,144.0,0.0,0.0,0.0
0.0,41.0,13.0,0.0,0.0,1.0,0.0,0.0,0.0,0.0,psid,1,1,0,1681.0,68921.0,169.0,0.0,0.0,0.0
0.0,26.0,14.0,0.0,0.0,0.0,0.0,0.0,0.0,0.0,psid,1,1,0,676.0,17576.0,196.0,0.0,0.0,0.0
0.0,50.0,17.0,0.0,0.0,0.0,0.0,0.0,0.0,0.0,psid,1,1,0,2500.0,125000.0,289.0,0.0,0.0,0.0
0.0,48.0,12.0,0.0,0.0,1.0,0.0,0.0,0.0,12930.108,psid,1,1,1,2304.0,110592.0,144.0,0.0,0.0,0.0
0.0,45.0,16.0,0.0,0.0,1.0,0.0,0.0,0.0,0.0,psid,1,1,0,2025.0,91125.0,256.0,0.0,0.0,0.0
0.0,37.0,13.0,0.0,0.0,1.0,0.0,0.0,0.0,0.0,psid,1,1,0,1369.0,50653.0,169.0,0.0,0.0,0.0
0.0,33.0,12.0,0.0,0.0,1.0,0.0,0.0,0.0,0.0,psid,1,1,0,1089.0,35937.0,144.0,0.0,0.0,0.0
0.0,31.0,12.0,0.0,0.0,1.0,0.0,0.0,0.0,0.0,psid,1,1,0,961.0,29791.0,144.0,0.0,0.0,0.0
0.0,36.0,12.0,1.0,0.0,1.0,0.0,0.0,0.0,17732.719,psid,1,1,1,1296.0,46656.0,144.0,0.0,0.0,0.0
0.0,44.0,13.0,0.0,0.0,1.0,0.0,0.0,0.0,0.0,psid,1,1,0,1936.0,85184.0,169.0,0.0,0.0,0.0
0.0,28.0,17.0,0.0,0.0,1.0,0.0,0.0,0.0,0.0,psid,1,1,0,784.0,21952.0,289.0,0.0,0.0,0.0
0.0,30.0,17.0,0.0,0.0,1.0,0.0,0.0,0.0,0.0,psid,1,1,0,900.0,27000.0,289.0,0.0,0.0,0.0
0.0,42.0,16.0,0.0,0.0,1.0,0.0,0.0,0.0,0.0,psid,1,1,0,1764.0,74088.0,256.0,0.0,0.0,0.0
0.0,30.0,12.0,0.0,0.0,1.0,0.0,0.0,0.0,0.0,psid,1,1,0,900.0,27000.0,144.0,0.0,0.0,0.0
0.0,27.0,16.0,0.0,0.0,1.0,0.0,0.0,0.0,0.0,psid,1,1,0,729.0,19683.0,256.0,0.0,0.0,0.0
0.0,37.0,12.0,0.0,0.0,1.0,0.0,0.0,0.0,0.0,psid,1,1,0,1369.0,50653.0,144.0,0.0,0.0,0.0
0.0,37.0,12.0,0.0,0.0,1.0,0.0,0.0,0.0,0.0,psid,1,1,0,1369.0,50653.0,144.0,0.0,0.0,0.0
0.0,45.0,12.0,0.0,0.0,1.0,0.0,0.0,0.0,22165.899,psid,1,1,1,2025.0,91125.0,144.0,0.0,0.0,0.0
0.0,35.0,16.0,0.0,0.0,1.0,0.0,0.0,0.0,0.0,psid,1,1,0,1225.0,42875.0,256.0,0.0,0.0,0.0
0.0,37.0,17.0,0.0,0.0,1.0,0.0,0.0,0.0,66497.696,psid,1,1,1,1369.0,50653.0,289.0,0.0,0.0,0.0
0.0,27.0,17.0,0.0,0.0,1.0,0.0,0.0,0.0,0.0,psid,1,1,0,729.0,19683.0,289.0,0.0,0.0,0.0
0.0,47.0,14.0,0.0,0.0,1.0,0.0,0.0,0.0,0.0,psid,1,1,0,2209.0,103823.0,196.0,0.0,0.0,0.0
0.0,48.0,12.0,0.0,0.0,1.0,0.0,0.0,0.0,0.0,psid,1,1,0,2304.0,110592.0,144.0,0.0,0.0,0.0
0.0,42.0,12.0,0.0,0.0,1.0,0.0,0.0,0.0,0.0,psid,1,1,0,1764.0,74088.0,144.0,0.0,0.0,0.0
0.0,43.0,12.0,0.0,0.0,1.0,0.0,0.0,0.0,0.0,psid,1,1,0,1849.0,79507.0,144.0,0.0,0.0,0.0
0.0,46.0,12.0,0.0,0.0,1.0,0.0,0.0,0.0,0.0,psid,1,1,0,2116.0,97336.0,144.0,0.0,0.0,0.0
0.0,46.0,12.0,0.0,0.0,1.0,0.0,0.0,0.0,0.0,psid,1,1,0,2116.0,97336.0,144.0,0.0,0.0,0.0
0.0,46.0,12.0,0.0,0.0,1.0,0.0,0.0,0.0,0.0,psid,1,1,0,2116.0,97336.0,144.0,0.0,0.0,0.0
0.0,29.0,16.0,0.0,0.0,1.0,0.0,0.0,0.0,8396.4424,psid,1,1,1,841.0,24389.0,256.0,0.0,0.0,0.0
0.0,39.0,13.0,0.0,0.0,1.0,0.0,0.0,0.0,0.0,psid,1,1,0,1521.0,59319.0,169.0,0.0,0.0,0.0
0.0,32.0,12.0,0.0,0.0,1.0,0.0,0.0,0.0,0.0,psid,1,1,0,1024.0,32768.0,144.0,0.0,0.0,0.0
0.0,48.0,16.0,0.0,0.0,1.0,0.0,0.0,0.0,0.0,psid,1,1,0,2304.0,110592.0,256.0,0.0,0.0,0.0
0.0,48.0,16.0,0.0,0.0,1.0,0.0,0.0,0.0,0.0,psid,1,1,0,2304.0,110592.0,256.0,0.0,0.0,0.0
0.0,41.0,13.0,0.0,0.0,1.0,0.0,0.0,0.0,0.0,psid,1,1,0,1681.0,68921.0,169.0,0.0,0.0,0.0
0.0,42.0,13.0,0.0,0.0,1.0,0.0,0.0,0.0,0.0,psid,1,1,0,1764.0,74088.0,169.0,0.0,0.0,0.0
0.0,42.0,13.0,0.0,0.0,1.0,0.0,0.0,0.0,0.0,psid,1,1,0,1764.0,74088.0,169.0,0.0,0.0,0.0
0.0,42.0,13.0,0.0,0.0,1.0,0.0,0.0,0.0,0.0,psid,1,1,0,1764.0,74088.0,169.0,0.0,0.0,0.0
0.0,54.0,13.0,0.0,0.0,1.0,0.0,0.0,0.0,0.0,psid,1,1,0,2916.0,157464.0,169.0,0.0,0.0,0.0
0.0,29.0,14.0,0.0,0.0,1.0,0.0,0.0,0.0,0.0,psid,1,1,0,841.0,24389.0,196.0,0.0,0.0,0.0
0.0,54.0,12.0,0.0,0.0,1.0,0.0,0.0,0.0,0.0,psid,1,1,0,2916.0,157464.0,144.0,0.0,0.0,0.0
0.0,54.0,12.0,0.0,0.0,1.0,0.0,0.0,0.0,0.0,psid,1,1,0,2916.0,157464.0,144.0,0.0,0.0,0.0
0.0,26.0,14.0,0.0,0.0,1.0,0.0,0.0,0.0,0.0,psid,1,1,0,676.0,17576.0,196.0,0.0,0.0,0.0
0.0,43.0,17.0,0.0,0.0,1.0,0.0,0.0,0.0,36943.164,psid,1,1,1,1849.0,79507.0,289.0,0.0,0.0,0.0
0.0,54.0,12.0,0.0,0.0,1.0,0.0,0.0,0.0,0.0,psid,1,1,0,2916.0,157464.0,144.0,0.0,0.0,0.0
0.0,37.0,12.0,0.0,0.0,1.0,0.0,0.0,0.0,0.0,psid,1,1,0,1369.0,50653.0,144.0,0.0,0.0,0.0
0.0,54.0,16.0,0.0,0.0,1.0,0.0,0.0,0.0,0.0,psid,1,1,0,2916.0,157464.0,256.0,0.0,0.0,0.0
0.0,48.0,17.0,0.0,0.0,1.0,0.0,0.0,0.0,0.0,psid,1,1,0,2304.0,110592.0,289.0,0.0,0.0,0.0
0.0,44.0,12.0,0.0,0.0,1.0,0.0,0.0,0.0,0.0,psid,1,1,0,1936.0,85184.0,144.0,0.0,0.0,0.0
0.0,54.0,12.0,0.0,0.0,1.0,0.0,0.0,0.0,0.0,psid,1,1,0,2916.0,157464.0,144.0,0.0,0.0,0.0
0.0,38.0,12.0,0.0,0.0,1.0,0.0,0.0,0.0,0.0,psid,1,1,0,1444.0,54872.0,144.0,0.0,0.0,0.0
0.0,37.0,13.0,0.0,0.0,1.0,0.0,0.0,0.0,0.0,psid,1,1,0,1369.0,50653.0,169.0,0.0,0.0,0.0
0.0,27.0,17.0,0.0,0.0,1.0,0.0,0.0,0.0,0.0,psid,1,1,0,729.0,19683.0,289.0,0.0,0.0,0.0
0.0,51.0,12.0,0.0,0.0,1.0,0.0,0.0,0.0,0.0,psid,1,1,0,2601.0,132651.0,144.0,0.0,0.0,0.0
0.0,39.0,12.0,0.0,0.0,1.0,0.0,0.0,0.0,0.0,psid,1,1,0,1521.0,59319.0,144.0,0.0,0.0,0.0
0.0,55.0,14.0,0.0,0.0,1.0,0.0,0.0,0.0,0.0,psid,1,1,0,3025.0,166375.0,196.0,0.0,0.0,0.0
0.0,54.0,13.0,0.0,0.0,1.0,0.0,0.0,0.0,0.0,psid,1,1,0,2916.0,157464.0,169.0,0.0,0.0,0.0
0.0,54.0,13.0,0.0,0.0,1.0,0.0,0.0,0.0,0.0,psid,1,1,0,2916.0,157464.0,169.0,0.0,0.0,0.0
0.0,34.0,12.0,0.0,0.0,1.0,0.0,0.0,0.0,0.0,psid,1,1,0,1156.0,39304.0,144.0,0.0,0.0,0.0
0.0,50.0,14.0,0.0,0.0,1.0,0.0,0.0,0.0,0.0,psid,1,1,0,2500.0,125000.0,196.0,0.0,0.0,0.0
0.0,50.0,12.0,0.0,0.0,1.0,0.0,0.0,0.0,0.0,psid,1,1,0,2500.0,125000.0,144.0,0.0,0.0,0.0
0.0,21.0,14.0,0.0,1.0,0.0,0.0,0.0,71.612903,3657.3733,psid,1,0,1,441.0,9261.0,196.0,0.0,5128.407876087409,0.0
0.0,26.0,12.0,0.0,0.0,1.0,0.0,0.0,71.612903,0.0,psid,1,0,0,676.0,17576.0,144.0,0.0,5128.407876087409,0.0
0.0,21.0,13.0,0.0,0.0,0.0,0.0,0.0,692.85484,2659.9078,psid,1,0,1,441.0,9261.0,169.0,0.0,480047.82931142556,0.0
0.0,23.0,16.0,0.0,0.0,1.0,0.0,0.0,1521.7742,0.0,psid,1,0,0,529.0,12167.0,256.0,0.0,2315796.7157856403,0.0
0.0,21.0,15.0,0.0,0.0,0.0,0.0,0.0,3222.5806,14777.266,psid,1,0,1,441.0,9261.0,225.0,0.0,10385025.723496359,0.0
0.0,23.0,14.0,0.0,0.0,0.0,0.0,0.0,3401.6129,5319.8157,psid,1,0,1,529.0,12167.0,196.0,0.0,11570970.321446411,0.0
0.0,27.0,16.0,0.0,0.0,1.0,0.0,0.0,4833.871,0.0,psid,1,0,0,729.0,19683.0,256.0,0.0,23366308.844641,0.0
0.0,25.0,12.0,0.0,0.0,1.0,0.0,0.0,5729.0323,26599.078,psid,1,0,1,625.0,15625.0,144.0,0.0,32821811.094443288,0.0
0.0,27.0,17.0,0.0,0.0,0.0,0.0,0.0,6087.0968,7388.6329,psid,1,0,1,729.0,19683.0,289.0,0.0,37052747.452570245,0.0
0.0,55.0,12.0,0.0,0.0,1.0,0.0,0.0,6266.129,10344.086,psid,1,0,1,3025.0,166375.0,144.0,0.0,39264372.644641,0.0
0.0,20.0,12.0,0.0,0.0,1.0,0.0,0.0,7161.2903,0.0,psid,1,0,0,400.0,8000.0,144.0,0.0,51284078.760874085,0.0
0.0,18.0,12.0,0.0,0.0,1.0,0.0,0.0,8056.4516,19210.445,psid,1,0,1,324.0,5832.0,144.0,0.0,64906412.38314257,0.0
0.0,27.0,12.0,0.0,0.0,1.0,0.0,0.0,8235.4839,20688.172,psid,1,0,1,729.0,19683.0,144.0,0.0,67823195.06715919,0.0
0.0,28.0,16.0,0.0,0.0,1.0,0.0,0.0,8951.6129,36943.164,psid,1,0,1,784.0,21952.0,256.0,0.0,80131373.51144642,0.0
0.0,36.0,12.0,1.0,0.0,1.0,0.0,0.0,8951.6129,11821.813,psid,1,0,1,1296.0,46656.0,144.0,0.0,80131373.51144642,0.0
0.0,33.0,13.0,1.0,0.0,1.0,0.0,0.0,10741.935,20688.172,psid,1,0,1,1089.0,35937.0,169.0,0.0,115389167.54422499,0.0
0.0,36.0,12.0,0.0,0.0,1.0,0.0,0.0,10741.935,0.0,psid,1,0,0,1296.0,46656.0,144.0,0.0,115389167.54422499,0.0
0.0,27.0,13.0,0.0,0.0,1.0,0.0,0.0,16112.903,29554.531,psid,1,0,1,729.0,19683.0,169.0,0.0,259625643.08740902,0.0
0.0,45.0,17.0,0.0,0.0,1.0,0.0,0.0,16112.903,17732.719,psid,1,0,1,2025.0,91125.0,289.0,0.0,259625643.08740902,0.0
0.0,45.0,17.0,0.0,0.0,1.0,0.0,0.0,16112.903,17732.719,psid,1,0,1,2025.0,91125.0,289.0,0.0,259625643.08740902,0.0
0.0,45.0,17.0,0.0,0.0,1.0,0.0,0.0,16112.903,17732.719,psid,1,0,1,2025.0,91125.0,289.0,0.0,259625643.08740902,0.0
0.0,31.0,12.0,0.0,0.0,1.0,0.0,0.0,17903.226,0.0,psid,1,0,0,961.0,29791.0,144.0,0.0,320525501.20707595,0.0
0.0,34.0,12.0,0.0,0.0,1.0,0.0,0.0,17903.226,63542.243,psid,1,0,1,1156.0,39304.0,144.0,0.0,320525501.20707595,0.0
0.0,34.0,12.0,0.0,0.0,1.0,0.0,0.0,17903.226,63542.243,psid,1,0,1,1156.0,39304.0,144.0,0.0,320525501.20707595,0.0
0.0,47.0,14.0,0.0,0.0,1.0,0.0,0.0,17903.226,22165.899,psid,1,0,1,2209.0,103823.0,196.0,0.0,320525501.20707595,0.0
0.0,35.0,16.0,0.0,0.0,1.0,0.0,0.0,19693.548,17732.719,psid,1,0,1,1225.0,42875.0,256.0,0.0,387835832.82830393,0.0
0.0,43.0,17.0,0.0,0.0,1.0,0.0,0.0,21161.613,29554.531,psid,1,0,1,1849.0,79507.0,289.0,0.0,447813864.76176906,0.0
0.0,25.0,12.0,1.0,0.0,1.0,0.0,0.0,21483.871,1220.6022,psid,1,0,1,625.0,15625.0,144.0,0.0,461556713.144641,0.0
0.0,29.0,15.0,0.0,0.0,0.0,0.0,0.0,21483.871,22313.671,psid,1,0,1,841.0,24389.0,225.0,0.0,461556713.144641,0.0
0.0,31.0,12.0,0.0,0.0,1.0,0.0,0.0,21483.871,20688.172,psid,1,0,1,961.0,29791.0,144.0,0.0,461556713.144641,0.0
0.0,52.0,12.0,0.0,0.0,1.0,0.0,0.0,21483.871,22165.899,psid,1,0,1,2704.0,140608.0,144.0,0.0,461556713.144641,0.0
0.0,22.0,16.0,0.0,0.0,0.0,0.0,0.0,22558.065,32509.985,psid,1,0,1,484.0,10648.0,256.0,0.0,508866296.5442249,0.0
0.0,53.0,15.0,0.0,0.0,1.0,0.0,0.0,24169.355,28076.805,psid,1,0,1,2809.0,148877.0,225.0,0.0,584157721.116025,0.0
0.0,29.0,17.0,0.0,0.0,1.0,0.0,0.0,25959.677,36898.833,psid,1,0,1,841.0,24389.0,289.0,0.0,673904829.944329,0.0
0.0,31.0,13.0,0.0,0.0,1.0,0.0,0.0,25959.677,39898.618,psid,1,0,1,961.0,29791.0,169.0,0.0,673904829.944329,0.0
0.0,35.0,12.0,0.0,0.0,1.0,0.0,0.0,26138.71,29554.531,psid,1,0,1,1225.0,42875.0,144.0,0.0,683232160.4641,0.0
0.0,29.0,16.0,0.0,0.0,1.0,0.0,0.0,26854.839,23643.625,psid,1,0,1,841.0,24389.0,256.0,0.0,721182377.715921,0.0
0.0,39.0,12.0,0.0,0.0,1.0,0.0,0.0,28645.161,31032.258,psid,1,0,1,1521.0,59319.0,144.0,0.0,820545248.715921,0.0
0.0,37.0,14.0,0.0,0.0,1.0,0.0,0.0,32225.806,0.0,psid,1,0,0,1369.0,50653.0,196.0,0.0,1038502572.3496361,0.0
0.0,30.0,14.0,0.0,0.0,1.0,0.0,0.0,32225.806,22165.899,psid,1,0,1,900.0,27000.0,196.0,0.0,1038502572.3496361,0.0
0.0,43.0,17.0,0.0,0.0,1.0,0.0,0.0,42251.613,41376.344,psid,1,0,1,1849.0,79507.0,289.0,0.0,1785198801.1017687,0.0
0.0,32.0,17.0,0.0,0.0,1.0,0.0,0.0,46548.387,39898.618,psid,1,0,1,1024.0,32768.0,289.0,0.0,2166752332.3017693,0.0
0.0,44.0,12.0,0.0,0.0,1.0,0.0,0.0,71612.903,81274.962,psid,1,0,1,1936.0,85184.0,144.0,0.0,5128407876.08741,0.0
0.0,32.0,16.0,0.0,0.0,1.0,0.0,577.98371,6910.6452,18609.011,psid,0,0,1,1024.0,32768.0,256.0,334065.16902536404,47757017.08028304,9247.73936
0.0,43.0,12.0,1.0,0.0,1.0,0.0,715.13238,1879.8387,5910.9063,psid,0,0,1,1849.0,79507.0,144.0,511414.32092446444,3533793.53801769,8581.58856
0.0,24.0,12.0,1.0,0.0,0.0,0.0,783.70672,0.0,10344.086,psid,0,1,1,576.0,13824.0,144.0,614196.2229731585,0.0,9404.48064
0.0,22.0,13.0,0.0,0.0,0.0,0.0,783.70672,0.0,2305.2535,psid,0,1,1,484.0,10648.0,169.0,614196.2229731585,0.0,10188.18736
0.0,35.0,15.0,0.0,0.0,1.0,0.0,979.6334,537.09677,0.0,psid,0,0,0,1225.0,42875.0,225.0,959681.59839556,288472.9403444329,14694.501
0.0,26.0,15.0,0.0,0.0,0.0,0.0,979.6334,1879.8387,3250.9985,psid,0,0,1,676.0,17576.0,225.0,959681.59839556,3533793.53801769,14694.501
0.0,29.0,17.0,0.0,0.0,1.0,0.0,979.6334,8951.6129,0.0,psid,0,0,0,841.0,24389.0,289.0,959681.59839556,80131373.51144642,16653.7678
0.0,23.0,12.0,1.0,0.0,0.0,0.0,1077.5967,3222.5806,5910.9063,psid,0,0,1,529.0,12167.0,144.0,1161214.6478508902,10385025.723496359,12931.1604
0.0,19.0,12.0,0.0,0.0,1.0,0.0,1154.0081,8593.5484,26599.078,psid,0,0,1,361.0,6859.0,144.0,1331734.69486561,73849074.10314256,13848.0972
0.0,48.0,16.0,0.0,0.0,1.0,0.0,1240.2159,1466.2742,1152.6267,psid,0,0,1,2304.0,110592.0,256.0,1538135.47861281,2149960.0295856404,19843.4544
0.0,48.0,16.0,0.0,0.0,1.0,0.0,1240.2159,1466.2742,1152.6267,psid,0,0,1,2304.0,110592.0,256.0,1538135.47861281,2149960.0295856404,19843.4544
0.0,22.0,12.0,1.0,0.0,1.0,0.0,1269.6049,0.0,0.0,psid,0,1,0,484.0,10648.0,144.0,1611896.60210401,0.0,15235.2588
0.0,20.0,12.0,1.0,0.0,0.0,0.0,1367.5682,12532.258,2955.4531,psid,0,0,1,400.0,8000.0,144.0,1870242.7816512398,157057490.578564,16410.8184
0.0,24.0,17.0,0.0,0.0,1.0,0.0,1371.4868,0.0,24825.806,psid,0,1,1,576.0,13824.0,289.0,1880976.0425742397,0.0,23315.275599999997
0.0,27.0,16.0,0.0,0.0,1.0,0.0,1469.4501,1253.2258,4363.7266,psid,0,0,1,729.0,19683.0,256.0,2159283.59639001,1570574.9057856398,23511.2016
0.0,21.0,14.0,0.0,0.0,0.0,0.0,1506.6762,2685.4839,11082.949,psid,0,0,1,441.0,9261.0,196.0,2270073.1716464404,7211823.777159211,21093.466800000002
0.0,53.0,13.0,0.0,0.0,1.0,0.0,1567.4134,3938.7097,4728.725,psid,0,0,1,2809.0,148877.0,169.0,2456784.76649956,15513434.100874089,20376.3742
0.0,53.0,13.0,0.0,0.0,1.0,0.0,1567.4134,3938.7097,4728.725,psid,0,0,1,2809.0,148877.0,169.0,2456784.76649956,15513434.100874089,20376.3742
0.0,53.0,16.0,0.0,0.0,1.0,0.0,1665.3768,0.0,2955.4531,psid,0,1,1,2809.0,148877.0,256.0,2773479.88597824,0.0,26646.0288
0.0,22.0,15.0,0.0,0.0,1.0,0.0,1763.3401,5370.9677,22165.899,psid,0,0,1,484.0,10648.0,225.0,3109368.3082680097,28847294.034443293,26450.101499999997
0.0,21.0,15.0,0.0,0.0,0.0,0.0,1763.3401,9667.7419,4137.6344,psid,0,0,1,441.0,9261.0,225.0,3109368.3082680097,93465233.44501562,26450.101499999997
0.0,30.0,12.0,0.0,0.0,1.0,0.0,1959.2668,1790.3226,1477.7266,psid,0,0,1,900.0,27000.0,144.0,3838726.39358224,3205255.0120707597,23511.2016
0.0,21.0,12.0,1.0,0.0,0.0,0.0,1959.2668,5460.4839,1152.6267,psid,0,0,1,441.0,9261.0,144.0,3838726.39358224,29816884.422159214,23511.2016
0.0,27.0,16.0,0.0,0.0,1.0,0.0,1959.2668,17545.161,21427.035,psid,0,0,1,729.0,19683.0,256.0,3838726.39358224,307832674.515921,31348.2688
0.0,22.0,15.0,0.0,0.0,0.0,0.0,1967.1039,2864.5161,5024.2704,psid,0,0,1,484.0,10648.0,225.0,3869497.7533952105,8205452.487159209,29506.5585
0.0,22.0,12.0,1.0,0.0,1.0,0.0,2006.2892,2470.6452,0.0,psid,0,0,0,484.0,10648.0,144.0,4025196.35403664,6104087.70428304,24075.4704
0.0,23.0,13.0,0.0,0.0,1.0,0.0,2155.1935,5370.9677,11378.495,psid,0,0,1,529.0,12167.0,169.0,4644859.02244225,28847294.034443293,28017.515499999998
0.0,33.0,12.0,0.0,0.0,1.0,0.0,2351.1202,0.0,2770.7373,psid,0,1,1,1089.0,35937.0,144.0,5527766.194848039,0.0,28213.4424
0.0,24.0,13.0,0.0,0.0,0.0,0.0,2351.1202,3127.6935,14777.266,psid,0,0,1,576.0,13824.0,169.0,5527766.194848039,9782466.62994225,30564.562599999997
0.0,20.0,12.0,1.0,0.0,0.0,0.0,2351.1202,4475.8065,17732.719,psid,0,0,1,400.0,8000.0,144.0,5527766.194848039,20032843.825442247,28213.4424
0.0,22.0,16.0,0.0,0.0,0.0,0.0,2351.1202,23274.194,25860.215,psid,0,0,1,484.0,10648.0,256.0,5527766.194848039,541688106.349636,37617.9232
0.0,19.0,12.0,0.0,0.0,1.0,0.0,2547.0468,10741.935,0.0,psid,0,0,0,361.0,6859.0,144.0,6487447.4013902405,115389167.54422499,30564.5616
0.0,22.0,15.0,0.0,0.0,1.0,0.0,2547.0468,17187.097,25860.215,psid,0,0,1,484.0,10648.0,225.0,6487447.4013902405,295396303.28740907,38205.702000000005
0.0,43.0,14.0,0.0,0.0,1.0,0.0,2645.0102,0.0,6992.6022,psid,0,1,1,1849.0,79507.0,196.0,6996078.9581040405,0.0,37030.1428
0.0,39.0,12.0,0.0,0.0,1.0,0.0,2742.9735,7161.2903,11821.813,psid,0,0,1,1521.0,59319.0,144.0,7523903.62170225,51284078.760874085,32915.682
0.0,28.0,12.0,1.0,0.0,0.0,0.0,2938.9002,2864.5161,0.0,psid,0,0,0,784.0,21952.0,144.0,8637134.38556004,8205452.487159209,35266.8024
0.0,19.0,14.0,0.0,0.0,0.0,0.0,2938.9002,3222.5806,0.0,psid,0,0,0,361.0,6859.0,196.0,8637134.38556004,10385025.723496359,41144.6028
0.0,26.0,17.0,0.0,0.0,1.0,0.0,2938.9002,12532.258,23643.625,psid,0,0,1,676.0,17576.0,289.0,8637134.38556004,157057490.578564,49961.303400000004
0.0,18.0,12.0,0.0,0.0,1.0,0.0,3134.8269,11100.0,20688.172,psid,0,0,1,324.0,5832.0,144.0,9827139.69296361,123210000.0,37617.9228
0.0,23.0,15.0,0.0,0.0,1.0,0.0,3320.9572,2506.4516,9974.6544,psid,0,0,1,529.0,12167.0,225.0,11028756.72423184,6282299.623142559,49814.358
0.0,24.0,12.0,1.0,0.0,0.0,0.0,3330.7536,4654.8387,11821.813,psid,0,0,1,576.0,13824.0,144.0,11093919.54391296,21667523.323017694,39969.0432
0.0,27.0,12.0,0.0,0.0,1.0,0.0,3526.6802,0.0,5910.9063,psid,0,1,1,729.0,19683.0,144.0,12437473.233072039,0.0,42320.1624
0.0,29.0,17.0,0.0,0.0,1.0,0.0,3526.6802,15217.742,24382.488,psid,0,0,1,841.0,24389.0,289.0,12437473.233072039,231579671.57856402,59953.5634
0.0,22.0,12.0,1.0,0.0,0.0,0.0,3579.5804,17133.387,11821.813,psid,0,0,1,484.0,10648.0,144.0,12813395.840064159,293552950.091769,42954.9648
0.0,27.0,12.0,0.0,0.0,1.0,0.0,3722.6069,254.22581,1090.5622,psid,0,0,1,729.0,19683.0,144.0,13857802.131927611,64630.7624701561,44671.2828
0.0,27.0,15.0,0.0,0.0,1.0,0.0,3722.6069,4654.8387,19210.445,psid,0,0,1,729.0,19683.0,225.0,13857802.131927611,21667523.323017694,55839.103500000005
0.0,20.0,12.0,1.0,0.0,0.0,0.0,3730.444,8951.6129,13299.539,psid,0,0,1,400.0,8000.0,144.0,13916212.437136,80131373.51144642,44765.328
0.0,27.0,12.0,1.0,0.0,1.0,0.0,3918.5336,1994.4194,17732.719,psid,0,0,1,729.0,19683.0,144.0,15354905.57432896,3977708.74309636,47022.4032
0.0,23.0,12.0,1.0,0.0,1.0,0.0,3918.5336,2864.5161,8866.3594,psid,0,0,1,529.0,12167.0,144.0,15354905.57432896,8205452.487159209,47022.4032
0.0,23.0,12.0,1.0,0.0,1.0,0.0,3918.5336,11637.097,9752.9954,psid,0,0,1,529.0,12167.0,144.0,15354905.57432896,135422026.587409,47022.4032
0.0,22.0,12.0,0.0,0.0,1.0,0.0,3918.5336,15396.774,39898.618,psid,0,0,1,484.0,10648.0,144.0,15354905.57432896,237060649.607076,47022.4032
0.0,31.0,12.0,1.0,0.0,1.0,0.0,3918.5336,18440.323,24973.579,psid,0,0,1,961.0,29791.0,144.0,15354905.57432896,340045512.344329,47022.4032
0.0,26.0,17.0,0.0,0.0,0.0,0.0,4173.2383,11637.097,9457.4501,psid,0,0,1,676.0,17576.0,289.0,17415917.90858689,135422026.587409,70945.0511
0.0,20.0,12.0,0.0,0.0,1.0,0.0,4310.387,0.0,4433.1797,psid,0,1,1,400.0,8000.0,144.0,18579436.089769,0.0,51724.644
0.0,30.0,17.0,0.0,0.0,1.0,0.0,4310.387,4296.7742,22476.221,psid,0,0,1,900.0,27000.0,289.0,18579436.089769,18462268.52578564,73276.579
0.0,42.0,16.0,0.0,0.0,0.0,0.0,4398.554,17903.226,16254.992,psid,0,0,1,1764.0,74088.0,256.0,19347277.290916,320525501.20707595,70376.864
0.0,21.0,14.0,0.0,0.0,1.0,0.0,4506.3136,9309.6774,23052.535,psid,0,0,1,441.0,9261.0,196.0,20306862.261544965,86670093.29207078,63088.390400000004
0.0,25.0,16.0,0.0,0.0,1.0,0.0,4604.277,2954.0323,0.0,psid,0,0,0,625.0,15625.0,256.0,21199366.692729,8726306.829443289,73668.432
0.0,27.0,15.0,0.0,0.0,1.0,0.0,4702.2403,0.0,0.0,psid,0,1,0,729.0,19683.0,225.0,22111063.838944092,0.0,70533.6045
0.0,26.0,17.0,0.0,0.0,1.0,0.0,4702.2403,19693.548,26599.078,psid,0,0,1,676.0,17576.0,289.0,22111063.838944092,387835832.82830393,79938.08510000001
0.0,29.0,16.0,0.0,0.0,1.0,0.0,4800.2037,17187.097,23643.625,psid,0,0,1,841.0,24389.0,256.0,23041955.56149369,295396303.28740907,76803.2592
0.0,20.0,12.0,0.0,0.0,0.0,0.0,4811.9593,716.12903,0.0,psid,0,0,0,400.0,8000.0,144.0,23154952.304856494,512840.7876087408,57743.511600000005
0.0,52.0,12.0,0.0,0.0,1.0,0.0,4898.167,0.0,0.0,psid,0,1,0,2704.0,140608.0,144.0,23992039.959889002,0.0,58778.004
0.0,23.0,17.0,0.0,0.0,0.0,0.0,4898.167,2148.3871,33987.711,psid,0,0,1,529.0,12167.0,289.0,23992039.959889002,4615567.13144641,83268.839
0.0,21.0,14.0,0.0,0.0,1.0,0.0,4898.167,7161.2903,17141.628,psid,0,0,1,441.0,9261.0,196.0,23992039.959889002,51284078.760874085,68574.338
0.0,24.0,16.0,0.0,0.0,0.0,0.0,4898.167,8951.6129,17732.719,psid,0,0,1,576.0,13824.0,256.0,23992039.959889002,80131373.51144642,78370.672
0.0,30.0,17.0,0.0,0.0,1.0,0.0,4898.167,12084.677,5172.043,psid,0,0,1,900.0,27000.0,289.0,23992039.959889002,146039418.194329,83268.839
0.0,25.0,17.0,0.0,0.0,0.0,0.0,4996.1303,17414.468,5030.1813,psid,0,0,1,625.0,15625.0,289.0,24961317.974578086,303263695.723024,84934.2151
0.0,21.0,12.0,0.0,0.0,1.0,0.0,5094.0937,6803.2258,7388.6329,psid,0,0,1,441.0,9261.0,144.0,25949790.624379694,46283881.285785645,61129.1244
0.0,28.0,12.0,0.0,0.0,1.0,0.0,5094.0937,10741.935,9014.1321,psid,0,0,1,784.0,21952.0,144.0,25949790.624379694,115389167.54422499,61129.1244
0.0,20.0,12.0,0.0,0.0,1.0,0.0,5182.2607,6266.129,15244.227,psid,0,0,1,400.0,8000.0,144.0,26855825.962764487,39264372.644641,62187.1284
0.0,36.0,16.0,0.0,0.0,0.0,0.0,5290.0204,4833.871,5319.8157,psid,0,0,1,1296.0,46656.0,256.0,27984315.832416162,23366308.844641,84640.3264
0.0,19.0,12.0,1.0,0.0,0.0,0.0,5387.9837,8056.4516,12117.358,psid,0,0,1,361.0,6859.0,144.0,29030368.351465687,64906412.38314257,64655.80439999999
0.0,21.0,12.0,1.0,0.0,1.0,0.0,5868.0041,3043.5484,10048.541,psid,0,0,1,441.0,9261.0,144.0,34433472.11761681,9263186.863142561,70416.04920000001
0.0,47.0,12.0,0.0,0.0,1.0,0.0,5868.0041,9513.7742,5319.8157,psid,0,0,1,2209.0,103823.0,144.0,34433472.11761681,90511899.52858564,70416.04920000001
0.0,24.0,16.0,0.0,0.0,1.0,0.0,5877.8004,4833.871,33987.711,psid,0,0,1,576.0,13824.0,256.0,34548537.54224016,23366308.844641,94044.8064
0.0,24.0,12.0,1.0,0.0,1.0,0.0,5877.8004,8951.6129,17732.719,psid,0,0,1,576.0,13824.0,144.0,34548537.54224016,80131373.51144642,70533.6048
0.0,25.0,17.0,0.0,0.0,1.0,0.0,5877.8004,10562.903,30101.29,psid,0,0,1,625.0,15625.0,289.0,34548537.54224016,111574919.78740901,99922.60680000001
0.0,21.0,16.0,0.0,0.0,1.0,0.0,5877.8004,10562.903,16993.856,psid,0,0,1,441.0,9261.0,256.0,34548537.54224016,111574919.78740901,94044.8064
0.0,31.0,12.0,1.0,0.0,1.0,0.0,5877.8004,11064.194,15959.447,psid,0,0,1,961.0,29791.0,144.0,34548537.54224016,122416388.86963598,70533.6048
0.0,26.0,14.0,0.0,0.0,1.0,0.0,5877.8004,13427.419,31032.258,psid,0,0,1,676.0,17576.0,196.0,34548537.54224016,180295581.001561,82289.2056
0.0,22.0,12.0,1.0,0.0,0.0,0.0,5891.5153,10367.758,5763.1336,psid,0,0,1,484.0,10648.0,144.0,34709952.53013409,107490405.94656399,70698.1836
0.0,20.0,13.0,1.0,0.0,0.0,0.0,5897.3931,12532.258,14777.266,psid,0,0,1,400.0,8000.0,169.0,34779245.37592761,157057490.578564,76666.1103
0.0,20.0,13.0,0.0,1.0,1.0,0.0,6073.7271,10025.806,27337.942,psid,0,0,1,400.0,8000.0,169.0,36890160.88527441,100516785.94963601,78958.4523
0.0,27.0,14.0,0.0,0.0,1.0,0.0,6269.6538,0.0,26007.988,psid,0,1,1,729.0,19683.0,196.0,39308558.77185444,0.0,87775.1532
0.0,26.0,12.0,0.0,0.0,0.0,0.0,6269.6538,11637.097,10344.086,psid,0,0,1,676.0,17576.0,144.0,39308558.77185444,135422026.587409,75235.8456
0.0,23.0,17.0,0.0,0.0,1.0,0.0,6367.6171,5370.9677,0.0,psid,0,0,0,529.0,12167.0,289.0,40546547.532212414,28847294.034443293,108249.49070000001
0.0,23.0,12.0,1.0,0.0,0.0,0.0,6494.9694,12532.258,14186.175,psid,0,0,1,529.0,12167.0,144.0,42184627.50693636,157057490.578564,77939.63279999999
0.0,22.0,12.0,1.0,0.0,0.0,0.0,6583.1365,4475.8065,0.0,psid,0,0,0,484.0,10648.0,144.0,43337686.17763224,20032843.825442247,78997.63799999999
0.0,21.0,12.0,1.0,0.0,0.0,0.0,6661.5071,11458.065,11208.556,psid,0,0,1,441.0,9261.0,144.0,44375676.84335041,131287253.544225,79938.0852
0.0,21.0,12.0,0.0,0.0,1.0,0.0,6661.5071,12532.258,25121.352,psid,0,0,1,441.0,9261.0,144.0,44375676.84335041,157057490.578564,79938.0852
0.0,28.0,14.0,0.0,0.0,1.0,0.0,6739.8778,7877.4194,13742.857,psid,0,0,1,784.0,21952.0,196.0,45425952.758932844,62053736.403496355,94358.2892
0.0,27.0,12.0,1.0,0.0,1.0,0.0,6855.4745,0.0,8275.2688,psid,0,1,1,729.0,19683.0,144.0,46997530.62015025,0.0,82265.694
0.0,25.0,14.0,0.0,0.0,0.0,0.0,6857.4338,1790.3226,0.0,psid,0,0,0,625.0,15625.0,196.0,47024398.32138244,3205255.0120707597,96004.0732
0.0,30.0,12.0,0.0,0.0,1.0,0.0,6857.4338,3222.5806,3250.9985,psid,0,0,1,900.0,27000.0,144.0,47024398.32138244,10385025.723496359,82289.2056
0.0,27.0,13.0,1.0,0.0,1.0,0.0,6857.4338,4096.2581,24514.006,psid,0,0,1,729.0,19683.0,169.0,47024398.32138244,16779330.42181561,89146.6394
0.0,22.0,13.0,0.0,0.0,0.0,0.0,6857.4338,6266.129,17363.287,psid,0,0,1,484.0,10648.0,169.0,47024398.32138244,39264372.644641,89146.6394
0.0,23.0,16.0,0.0,0.0,1.0,0.0,6857.4338,14143.548,22165.899,psid,0,0,1,529.0,12167.0,256.0,47024398.32138244,200039950.028304,109718.9408
0.0,24.0,12.0,1.0,0.0,1.0,0.0,6857.4338,14322.581,26599.078,psid,0,0,1,576.0,13824.0,144.0,47024398.32138244,205136326.50156102,82289.2056
0.0,19.0,13.0,0.0,0.0,0.0,0.0,6857.4338,15217.742,17732.719,psid,0,0,1,361.0,6859.0,169.0,47024398.32138244,231579671.57856402,89146.6394
0.0,21.0,14.0,0.0,0.0,1.0,0.0,6974.9898,11407.935,17141.628,psid,0,0,1,441.0,9261.0,196.0,48650482.71010404,130140980.964225,97649.8572
0.0,29.0,17.0,0.0,0.0,1.0,0.0,7053.3605,7161.2903,8866.3594,psid,0,0,1,841.0,24389.0,289.0,49749894.342960246,51284078.760874085,119907.12849999999
0.0,27.0,16.0,0.0,0.0,1.0,0.0,7053.3605,11637.097,25121.352,psid,0,0,1,729.0,19683.0,256.0,49749894.342960246,135422026.587409,112853.768
0.0,28.0,15.0,0.0,0.0,1.0,0.0,7249.2872,15217.742,9161.9048,psid,0,0,1,784.0,21952.0,225.0,52552164.908083834,231579671.57856402,108739.30799999999
0.0,26.0,12.0,0.0,0.0,1.0,0.0,7406.0285,0.0,2955.4531,psid,0,1,1,676.0,17576.0,144.0,54849258.14281225,0.0,88872.342
0.0,54.0,12.0,0.0,0.0,1.0,0.0,7445.2138,0.0,0.0,psid,0,1,0,2916.0,157464.0,144.0,55431208.527710445,0.0,89342.5656
0.0,28.0,15.0,1.0,0.0,0.0,0.0,7445.2138,0.0,12708.449,psid,0,1,1,784.0,21952.0,225.0,55431208.527710445,0.0,111678.20700000001
0.0,27.0,15.0,0.0,0.0,1.0,0.0,7445.2138,10741.935,18471.582,psid,0,0,1,729.0,19683.0,225.0,55431208.527710445,115389167.54422499,111678.20700000001
0.0,26.0,13.0,0.0,0.0,0.0,0.0,7449.1324,5729.0323,9605.2227,psid,0,0,1,676.0,17576.0,169.0,55489573.512729764,32821811.094443288,96838.7212
0.0,21.0,12.0,0.0,0.0,1.0,0.0,7523.5845,7934.7097,0.0,psid,0,0,0,441.0,9261.0,144.0,56604323.72864025,62959618.023274094,90283.014
0.0,53.0,14.0,1.0,0.0,1.0,0.0,7641.1405,8421.6774,8127.4962,psid,0,0,1,2809.0,148877.0,196.0,58387028.14074025,70924650.22967076,106975.967
0.0,21.0,13.0,0.0,0.0,1.0,0.0,7688.1629,12743.516,11082.949,psid,0,0,1,441.0,9261.0,169.0,59107848.77693641,162397200.042256,99946.1177
0.0,22.0,13.0,0.0,0.0,0.0,0.0,7739.1039,3759.6774,16254.992,psid,0,0,1,484.0,10648.0,169.0,59893729.174995214,14135174.15207076,100608.3507
0.0,27.0,16.0,0.0,0.0,0.0,0.0,7837.0672,0.0,0.0,psid,0,1,0,729.0,19683.0,256.0,61419622.29731584,0.0,125393.0752
0.0,37.0,15.0,0.0,1.0,1.0,0.0,7837.0672,179.03226,11821.813,psid,0,0,1,1369.0,50653.0,225.0,61419622.29731584,32052.5501207076,117556.008
0.0,33.0,13.0,0.0,0.0,0.0,0.0,7837.0672,3580.6452,16254.992,psid,0,0,1,1089.0,35937.0,169.0,61419622.29731584,12821020.048283039,101881.8736
0.0,19.0,12.0,1.0,0.0,0.0,0.0,7837.0672,3759.6774,3694.3164,psid,0,0,1,361.0,6859.0,144.0,61419622.29731584,14135174.15207076,94044.8064
0.0,28.0,12.0,0.0,0.0,1.0,0.0,7837.0672,4475.8065,15663.902,psid,0,0,1,784.0,21952.0,144.0,61419622.29731584,20032843.825442247,94044.8064
0.0,32.0,12.0,1.0,0.0,1.0,0.0,7837.0672,5370.9677,8866.3594,psid,0,0,1,1024.0,32768.0,144.0,61419622.29731584,28847294.034443293,94044.8064
0.0,24.0,12.0,0.0,0.0,0.0,0.0,7837.0672,5370.9677,5910.9063,psid,0,0,1,576.0,13824.0,144.0,61419622.29731584,28847294.034443293,94044.8064
0.0,22.0,12.0,0.0,0.0,0.0,0.0,7837.0672,7497.871,17732.719,psid,0,0,1,484.0,10648.0,144.0,61419622.29731584,56218069.532641,94044.8064
0.0,20.0,12.0,1.0,0.0,1.0,0.0,7837.0672,8951.6129,20688.172,psid,0,0,1,400.0,8000.0,144.0,61419622.29731584,80131373.51144642,94044.8064
0.0,23.0,12.0,0.0,0.0,1.0,0.0,7837.0672,8951.6129,12058.249,psid,0,0,1,529.0,12167.0,144.0,61419622.29731584,80131373.51144642,94044.8064
0.0,27.0,12.0,1.0,0.0,1.0,0.0,7837.0672,8951.6129,2210.679,psid,0,0,1,729.0,19683.0,144.0,61419622.29731584,80131373.51144642,94044.8064
0.0,23.0,12.0,1.0,0.0,1.0,0.0,7837.0672,12532.258,21870.353,psid,0,0,1,529.0,12167.0,144.0,61419622.29731584,157057490.578564,94044.8064
0.0,19.0,12.0,0.0,1.0,1.0,0.0,7837.0672,12532.258,13299.539,psid,0,0,1,361.0,6859.0,144.0,61419622.29731584,157057490.578564,94044.8064
0.0,27.0,14.0,0.0,0.0,0.0,0.0,7837.0672,14322.581,16254.992,psid,0,0,1,729.0,19683.0,196.0,61419622.29731584,205136326.50156102,109718.94080000001
0.0,22.0,16.0,0.0,0.0,1.0,0.0,7837.0672,16112.903,16254.992,psid,0,0,1,484.0,10648.0,256.0,61419622.29731584,259625643.08740902,125393.0752
0.0,42.0,12.0,0.0,0.0,1.0,0.0,7837.0672,16112.903,15516.129,psid,0,0,1,1764.0,74088.0,144.0,61419622.29731584,259625643.08740902,94044.8064
0.0,20.0,13.0,0.0,0.0,0.0,0.0,7837.0672,17491.452,2216.5899,psid,0,0,1,400.0,8000.0,169.0,61419622.29731584,305950893.06830406,101881.8736
0.0,29.0,13.0,0.0,0.0,0.0,0.0,7958.5418,0.0,0.0,psid,0,1,0,841.0,24389.0,169.0,63338387.58234724,0.0,103461.0434
0.0,23.0,12.0,1.0,0.0,1.0,0.0,7993.8086,13427.419,4433.1797,psid,0,0,1,529.0,12167.0,144.0,63900975.933433965,180295581.001561,95925.7032
0.0,19.0,12.0,0.0,0.0,1.0,0.0,8054.5458,9309.6774,11963.674,psid,0,0,1,361.0,6859.0,144.0,64875708.044297636,86670093.29207078,96654.5496
0.0,21.0,12.0,1.0,0.0,1.0,0.0,8150.5499,13092.629,10583.478,psid,0,0,1,441.0,9261.0,144.0,66431463.67239001,171416934.13164103,97806.5988
0.0,26.0,12.0,0.0,0.0,1.0,0.0,8228.9206,13606.452,11969.585,psid,0,0,1,676.0,17576.0,144.0,67715134.24110435,185135536.02830398,98747.0472
0.0,21.0,16.0,0.0,0.0,0.0,0.0,8228.9206,22379.032,27337.942,psid,0,0,1,441.0,9261.0,256.0,67715134.24110435,500821073.257024,131662.7296
0.0,24.0,12.0,1.0,0.0,1.0,0.0,8275.943,15416.468,8335.8556,psid,0,0,1,576.0,13824.0,144.0,68491232.53924899,237667485.59502402,99311.31599999999
0.0,29.0,12.0,0.0,0.0,1.0,0.0,8389.5804,5908.0645,14481.72,psid,0,0,1,841.0,24389.0,144.0,70385059.28806417,34905226.136160254,100674.96480000002
0.0,26.0,12.0,1.0,0.0,1.0,0.0,8616.8554,8593.5484,10344.086,psid,0,0,1,676.0,17576.0,144.0,74250196.98450917,73849074.10314256,103402.2648
0.0,23.0,14.0,1.0,0.0,1.0,0.0,8675.6334,10398.194,13003.994,psid,0,0,1,529.0,12167.0,196.0,75266614.89119557,108122438.46163599,121458.86760000001
0.0,25.0,12.0,0.0,0.0,0.0,0.0,8683.4705,9130.6452,15811.674,psid,0,0,1,625.0,15625.0,144.0,75402659.92437024,83368681.76828305,104201.646
0.0,21.0,12.0,0.0,0.0,1.0,0.0,8816.7006,5729.0323,18096.24,psid,0,0,1,441.0,9261.0,144.0,77734209.47004037,32821811.094443288,105800.4072
0.0,25.0,12.0,1.0,0.0,0.0,0.0,8816.7006,6266.129,10344.086,psid,0,0,1,625.0,15625.0,144.0,77734209.47004037,39264372.644641,105800.4072
0.0,22.0,12.0,0.0,0.0,1.0,0.0,8816.7006,9939.871,15486.575,psid,0,0,1,484.0,10648.0,144.0,77734209.47004037,98801035.49664098,105800.4072
0.0,22.0,12.0,0.0,0.0,1.0,0.0,8816.7006,10741.935,19653.763,psid,0,0,1,484.0,10648.0,144.0,77734209.47004037,115389167.54422499,105800.4072
0.0,23.0,12.0,1.0,0.0,1.0,0.0,8816.7006,12174.194,18471.582,psid,0,0,1,529.0,12167.0,144.0,77734209.47004037,148210999.54963598,105800.4072
0.0,18.0,12.0,0.0,0.0,0.0,0.0,8816.7006,14322.581,22165.899,psid,0,0,1,324.0,5832.0,144.0,77734209.47004037,205136326.50156102,105800.4072
0.0,27.0,12.0,1.0,0.0,0.0,0.0,8816.7006,14322.581,19210.445,psid,0,0,1,729.0,19683.0,144.0,77734209.47004037,205136326.50156102,105800.4072
0.0,21.0,12.0,1.0,0.0,0.0,0.0,8816.7006,14859.677,5578.4178,psid,0,0,1,441.0,9261.0,144.0,77734209.47004037,220810000.544329,105800.4072
0.0,25.0,12.0,0.0,0.0,1.0,0.0,8816.7006,16112.903,26599.078,psid,0,0,1,625.0,15625.0,144.0,77734209.47004037,259625643.08740902,105800.4072
0.0,21.0,13.0,0.0,0.0,1.0,0.0,8816.7006,17903.226,28224.578,psid,0,0,1,441.0,9261.0,169.0,77734209.47004037,320525501.20707595,114617.1078
0.0,27.0,12.0,0.0,0.0,1.0,0.0,8816.7006,44758.065,0.0,psid,0,0,0,729.0,19683.0,144.0,77734209.47004037,2003284382.5442252,105800.4072
0.0,23.0,12.0,0.0,0.0,1.0,0.0,8840.2118,7161.2903,10416.495,psid,0,0,1,529.0,12167.0,144.0,78149344.66885923,51284078.760874085,106082.5416
0.0,21.0,12.0,0.0,0.0,1.0,0.0,8867.6415,14995.742,17732.719,psid,0,0,1,441.0,9261.0,144.0,78635065.77252224,224872278.130564,106411.698
0.0,23.0,14.0,1.0,0.0,1.0,0.0,8934.2566,12532.258,8866.3594,psid,0,0,1,529.0,12167.0,196.0,79820940.99464357,157057490.578564,125079.59240000001
0.0,23.0,16.0,1.0,0.0,0.0,0.0,9012.6273,16490.661,19210.445,psid,0,0,1,529.0,12167.0,256.0,81227450.84870529,271941900.21692103,144202.0368
0.0,31.0,17.0,0.0,0.0,1.0,0.0,9012.6273,29465.129,39817.343,psid,0,0,1,961.0,29791.0,289.0,81227450.84870529,868193826.986641,153214.6641
0.0,27.0,12.0,1.0,0.0,1.0,0.0,9067.4868,5370.9677,6649.7696,psid,0,0,1,729.0,19683.0,144.0,82219316.86817425,28847294.034443293,108809.84160000001
0.0,21.0,12.0,1.0,0.0,1.0,0.0,9169.3686,7161.2903,7388.6329,psid,0,0,1,441.0,9261.0,144.0,84077320.52266596,51284078.760874085,110032.42319999999
0.0,23.0,12.0,1.0,0.0,1.0,0.0,9169.3686,8271.2903,10403.195,psid,0,0,1,529.0,12167.0,144.0,84077320.52266596,68414243.2268741,110032.42319999999
0.0,19.0,12.0,0.0,0.0,1.0,0.0,9208.554,5550.0,11526.267,psid,0,0,1,361.0,6859.0,144.0,84797466.770916,30802500.0,110502.648
0.0,46.0,12.0,0.0,0.0,1.0,0.0,9284.9654,8504.0323,10376.596,psid,0,0,1,2116.0,97336.0,144.0,86210582.47919714,72318565.3594433,111419.58479999998
0.0,24.0,12.0,0.0,0.0,1.0,0.0,9371.1731,2864.5161,2216.5899,psid,0,0,1,576.0,13824.0,144.0,87818885.27016361,8205452.487159209,112454.0772
0.0,20.0,13.0,0.0,1.0,0.0,0.0,9404.4807,0.0,8275.2688,psid,0,1,1,400.0,8000.0,169.0,88444257.23667249,0.0,122258.2491
0.0,24.0,17.0,0.0,0.0,1.0,0.0,9404.4807,5370.9677,22904.762,psid,0,0,1,576.0,13824.0,289.0,88444257.23667249,28847294.034443293,159876.17190000002
0.0,23.0,12.0,0.0,0.0,1.0,0.0,9404.4807,9130.6452,11821.813,psid,0,0,1,529.0,12167.0,144.0,88444257.23667249,83368681.76828305,112853.7684
0.0,34.0,12.0,0.0,0.0,1.0,0.0,9404.4807,9166.4516,23475.164,psid,0,0,1,1156.0,39304.0,144.0,88444257.23667249,84023834.93514256,112853.7684
0.0,35.0,12.0,0.0,0.0,1.0,0.0,9404.4807,9313.2581,11821.813,psid,0,0,1,1225.0,42875.0,144.0,88444257.23667249,86736776.4372156,112853.7684
0.0,23.0,12.0,0.0,0.0,0.0,0.0,9404.4807,11834.032,16846.083,psid,0,0,1,529.0,12167.0,144.0,88444257.23667249,140044313.377024,112853.7684
0.0,21.0,14.0,1.0,0.0,0.0,0.0,9420.1548,5370.9677,9900.768,psid,0,0,1,441.0,9261.0,196.0,88739316.45596305,28847294.034443293,131882.1672
0.0,21.0,12.0,0.0,1.0,1.0,0.0,9496.5662,8772.5806,10512.547,psid,0,0,1,441.0,9261.0,144.0,90184769.59098242,76958170.38349634,113958.79439999998
0.0,26.0,12.0,0.0,0.0,1.0,0.0,9561.222,0.0,13299.539,psid,0,1,1,676.0,17576.0,144.0,91416966.133284,0.0,114734.66399999999
0.0,23.0,13.0,0.0,0.0,1.0,0.0,9698.3707,8593.5484,23643.625,psid,0,0,1,529.0,12167.0,169.0,94058394.23461848,73849074.10314256,126078.8191
0.0,27.0,12.0,0.0,1.0,1.0,0.0,9698.3707,11279.032,14038.402,psid,0,0,1,729.0,19683.0,144.0,94058394.23461848,127216562.85702398,116380.4484
0.0,50.0,12.0,0.0,1.0,1.0,0.0,9788.4969,9846.7742,13299.539,psid,0,0,1,2500.0,125000.0,144.0,95814671.5613096,96958962.14578563,117461.96280000001
0.0,27.0,12.0,1.0,0.0,1.0,0.0,9796.334,0.0,11821.813,psid,0,1,1,729.0,19683.0,144.0,95968159.83955601,0.0,117556.008
0.0,25.0,12.0,0.0,0.0,1.0,0.0,9796.334,2685.4839,25121.352,psid,0,0,1,625.0,15625.0,144.0,95968159.83955601,7211823.777159211,117556.008
0.0,21.0,12.0,1.0,0.0,1.0,0.0,9796.334,4296.7742,14777.266,psid,0,0,1,441.0,9261.0,144.0,95968159.83955601,18462268.52578564,117556.008
0.0,21.0,13.0,0.0,0.0,1.0,0.0,9796.334,8593.5484,28787.591,psid,0,0,1,441.0,9261.0,169.0,95968159.83955601,73849074.10314256,127352.342
0.0,33.0,12.0,1.0,0.0,0.0,0.0,9796.334,8951.6129,0.0,psid,0,0,0,1089.0,35937.0,144.0,95968159.83955601,80131373.51144642,117556.008
0.0,19.0,12.0,0.0,0.0,1.0,0.0,9796.334,9846.7742,20688.172,psid,0,0,1,361.0,6859.0,144.0,95968159.83955601,96958962.14578563,117556.008
0.0,20.0,12.0,0.0,0.0,1.0,0.0,9796.334,10204.839,29258.986,psid,0,0,1,400.0,8000.0,144.0,95968159.83955601,104138739.015921,117556.008
0.0,22.0,12.0,1.0,0.0,1.0,0.0,9796.334,10741.935,11162.747,psid,0,0,1,484.0,10648.0,144.0,95968159.83955601,115389167.54422499,117556.008
0.0,32.0,12.0,0.0,0.0,1.0,0.0,9796.334,11458.065,11821.813,psid,0,0,1,1024.0,32768.0,144.0,95968159.83955601,131287253.544225,117556.008
0.0,24.0,13.0,0.0,0.0,1.0,0.0,9796.334,11458.065,11526.267,psid,0,0,1,576.0,13824.0,169.0,95968159.83955601,131287253.544225,127352.342
0.0,29.0,12.0,1.0,0.0,1.0,0.0,9796.334,12532.258,19210.445,psid,0,0,1,841.0,24389.0,144.0,95968159.83955601,157057490.578564,117556.008
0.0,23.0,12.0,1.0,0.0,1.0,0.0,9796.334,12532.258,11821.813,psid,0,0,1,529.0,12167.0,144.0,95968159.83955601,157057490.578564,117556.008
0.0,26.0,14.0,0.0,0.0,1.0,0.0,9796.334,13427.419,20688.172,psid,0,0,1,676.0,17576.0,196.0,95968159.83955601,180295581.001561,137148.676
0.0,20.0,12.0,0.0,0.0,1.0,0.0,9796.334,13427.419,10713.518,psid,0,0,1,400.0,8000.0,144.0,95968159.83955601,180295581.001561,117556.008
0.0,27.0,12.0,1.0,0.0,1.0,0.0,9796.334,14322.581,11821.813,psid,0,0,1,729.0,19683.0,144.0,95968159.83955601,205136326.50156102,117556.008
0.0,24.0,12.0,1.0,0.0,1.0,0.0,9796.334,14322.581,33987.711,psid,0,0,1,576.0,13824.0,144.0,95968159.83955601,205136326.50156102,117556.008
0.0,24.0,17.0,0.0,0.0,0.0,0.0,9796.334,16112.903,36943.164,psid,0,0,1,576.0,13824.0,289.0,95968159.83955601,259625643.08740902,166537.678
0.0,21.0,13.0,0.0,0.0,0.0,0.0,9796.334,16112.903,20688.172,psid,0,0,1,441.0,9261.0,169.0,95968159.83955601,259625643.08740902,127352.342
0.0,25.0,12.0,1.0,0.0,1.0,0.0,9796.334,21483.871,6649.7696,psid,0,0,1,625.0,15625.0,144.0,95968159.83955601,461556713.144641,117556.008
0.0,30.0,12.0,1.0,0.0,1.0,0.0,9796.334,25064.516,29554.531,psid,0,0,1,900.0,27000.0,144.0,95968159.83955601,628229962.314256,117556.008
0.0,26.0,12.0,1.0,0.0,0.0,0.0,9913.89,10741.935,15619.57,psid,0,0,1,676.0,17576.0,144.0,98285214.93209998,115389167.54422499,118966.68
0.0,22.0,12.0,0.0,0.0,0.0,0.0,9951.1161,14322.581,14777.266,psid,0,0,1,484.0,10648.0,144.0,99024711.6356792,205136326.50156102,119413.39319999999
0.0,47.0,12.0,0.0,0.0,1.0,0.0,9968.7495,10523.516,11283.92,psid,0,0,1,2209.0,103823.0,144.0,99375966.59375025,110744389.00225599,119624.994
0.0,22.0,12.0,0.0,0.0,0.0,0.0,9992.2607,15754.839,19949.309,psid,0,0,1,484.0,10648.0,144.0,99845273.8967645,248214951.915921,119907.12840000002
0.0,31.0,12.0,1.0,0.0,1.0,0.0,10188.187,8951.6129,9605.2227,psid,0,0,1,961.0,29791.0,144.0,103799154.346969,80131373.51144642,122258.244
0.0,35.0,12.0,0.0,0.0,1.0,0.0,10188.187,9309.6774,11821.813,psid,0,0,1,1225.0,42875.0,144.0,103799154.346969,86670093.29207078,122258.244
0.0,49.0,12.0,0.0,0.0,1.0,0.0,10231.291,11082.097,6537.4624,psid,0,0,1,2401.0,117649.0,144.0,104679315.52668099,122812873.91740899,122775.492
0.0,25.0,13.0,1.0,0.0,0.0,0.0,10246.965,15396.774,12486.79,psid,0,0,1,625.0,15625.0,169.0,105000291.711225,237060649.607076,133210.545
0.0,23.0,12.0,0.0,0.0,1.0,0.0,10290.069,10562.903,9221.0138,psid,0,0,1,529.0,12167.0,144.0,105885520.02476099,111574919.78740901,123480.828
0.0,25.0,17.0,0.0,0.0,1.0,0.0,10384.114,22004.855,49429.954,psid,0,0,1,625.0,15625.0,289.0,107829823.56499599,484213643.57102495,176529.938
0.0,23.0,16.0,0.0,0.0,1.0,0.0,10384.114,26854.839,11821.813,psid,0,0,1,529.0,12167.0,256.0,107829823.56499599,721182377.715921,166145.824
0.0,34.0,17.0,0.0,0.0,0.0,0.0,10580.041,7161.2903,5910.9063,psid,0,0,1,1156.0,39304.0,289.0,111937267.56168099,51284078.760874085,179860.697
0.0,21.0,12.0,0.0,0.0,1.0,0.0,10580.041,8056.4516,12117.358,psid,0,0,1,441.0,9261.0,144.0,111937267.56168099,64906412.38314257,126960.492
0.0,27.0,12.0,1.0,0.0,0.0,0.0,10623.145,3222.5806,8866.3594,psid,0,0,1,729.0,19683.0,144.0,112851209.691025,10385025.723496359,127477.74
0.0,23.0,12.0,0.0,0.0,1.0,0.0,10775.967,5370.9677,11821.813,psid,0,0,1,529.0,12167.0,144.0,116121464.78508902,28847294.034443293,129311.604
0.0,23.0,12.0,0.0,0.0,1.0,0.0,10775.967,7161.2903,16993.856,psid,0,0,1,529.0,12167.0,144.0,116121464.78508902,51284078.760874085,129311.604
0.0,32.0,17.0,0.0,0.0,0.0,0.0,10775.967,7161.2903,0.0,psid,0,0,0,1024.0,32768.0,289.0,116121464.78508902,51284078.760874085,183191.439
0.0,27.0,12.0,1.0,0.0,1.0,0.0,10775.967,8951.6129,7536.4055,psid,0,0,1,729.0,19683.0,144.0,116121464.78508902,80131373.51144642,129311.604
0.0,24.0,12.0,1.0,0.0,0.0,0.0,10775.967,9309.6774,8275.2688,psid,0,0,1,576.0,13824.0,144.0,116121464.78508902,86670093.29207078,129311.604
0.0,34.0,12.0,0.0,0.0,1.0,0.0,10775.967,11637.097,14186.175,psid,0,0,1,1156.0,39304.0,144.0,116121464.78508902,135422026.587409,129311.604
0.0,29.0,12.0,0.0,0.0,1.0,0.0,10775.967,12532.258,25860.215,psid,0,0,1,841.0,24389.0,144.0,116121464.78508902,157057490.578564,129311.604
0.0,28.0,14.0,0.0,0.0,1.0,0.0,10775.967,13427.419,0.0,psid,0,0,0,784.0,21952.0,196.0,116121464.78508902,180295581.001561,150863.538
0.0,18.0,12.0,0.0,0.0,0.0,0.0,10775.967,14322.581,21427.035,psid,0,0,1,324.0,5832.0,144.0,116121464.78508902,205136326.50156102,129311.604
0.0,20.0,12.0,1.0,0.0,0.0,0.0,10775.967,16372.5,29554.531,psid,0,0,1,400.0,8000.0,144.0,116121464.78508902,268058756.25,129311.604
0.0,25.0,13.0,0.0,0.0,1.0,0.0,10775.967,16739.516,18966.621,psid,0,0,1,625.0,15625.0,169.0,116121464.78508902,280211395.914256,140087.571
0.0,23.0,12.0,1.0,0.0,1.0,0.0,10775.967,20481.29,29391.982,psid,0,0,1,529.0,12167.0,144.0,116121464.78508902,419483240.0641,129311.604
0.0,26.0,17.0,0.0,0.0,1.0,0.0,10775.967,29182.258,35465.438,psid,0,0,1,676.0,17576.0,289.0,116121464.78508902,851604181.9785641,183191.439
0.0,24.0,12.0,0.0,0.0,0.0,0.0,10873.931,15754.839,20132.547,psid,0,0,1,576.0,13824.0,144.0,118242375.392761,248214951.915921,130487.172
0.0,23.0,12.0,0.0,0.0,1.0,0.0,10971.894,10204.839,31032.258,psid,0,0,1,529.0,12167.0,144.0,120382457.947236,104138739.015921,131662.728
0.0,23.0,16.0,0.0,0.0,0.0,0.0,10971.894,18798.387,20924.608,psid,0,0,1,529.0,12167.0,256.0,120382457.947236,353379353.80176896,175550.304
0.0,26.0,12.0,1.0,0.0,1.0,0.0,11167.821,1074.1935,8866.3594,psid,0,0,1,676.0,17576.0,144.0,124720225.888041,1153891.6754422502,134013.852
0.0,46.0,12.0,0.0,0.0,1.0,0.0,11167.821,7161.2903,17732.719,psid,0,0,1,2116.0,97336.0,144.0,124720225.888041,51284078.760874085,134013.852
0.0,23.0,12.0,1.0,0.0,1.0,0.0,11167.821,7812.9677,14777.266,psid,0,0,1,529.0,12167.0,144.0,124720225.888041,61042464.281243294,134013.852
0.0,41.0,12.0,0.0,0.0,1.0,0.0,11167.821,10741.935,12412.903,psid,0,0,1,1681.0,68921.0,144.0,124720225.888041,115389167.54422499,134013.852
0.0,19.0,12.0,0.0,0.0,1.0,0.0,11201.128,14143.548,24338.157,psid,0,0,1,361.0,6859.0,144.0,125465268.47238402,200039950.028304,134413.53600000002
0.0,29.0,12.0,0.0,0.0,1.0,0.0,11259.906,9041.129,26599.078,psid,0,0,1,841.0,24389.0,144.0,126785483.12883602,81742013.59464101,135118.872
0.0,24.0,12.0,1.0,0.0,0.0,0.0,11285.377,13069.355,10344.086,psid,0,0,1,576.0,13824.0,144.0,127359734.032129,170808040.116025,135424.524
0.0,23.0,12.0,1.0,0.0,0.0,0.0,11328.481,2685.4839,29216.132,psid,0,0,1,529.0,12167.0,144.0,128334481.767361,7211823.777159211,135941.772
0.0,22.0,12.0,0.0,0.0,1.0,0.0,11363.747,4654.8387,13299.539,psid,0,0,1,484.0,10648.0,144.0,129134745.88000898,21667523.323017694,136364.96399999998
0.0,21.0,12.0,0.0,0.0,0.0,0.0,11363.747,9667.7419,13299.539,psid,0,0,1,441.0,9261.0,144.0,129134745.88000898,93465233.44501562,136364.96399999998
0.0,27.0,12.0,0.0,0.0,1.0,0.0,11363.747,12532.258,4137.6344,psid,0,0,1,729.0,19683.0,144.0,129134745.88000898,157057490.578564,136364.96399999998
0.0,37.0,12.0,0.0,0.0,1.0,0.0,11430.363,11372.129,8866.3594,psid,0,0,1,1369.0,50653.0,144.0,130653198.31176898,129325317.99264102,137164.356
0.0,44.0,12.0,0.0,0.0,1.0,0.0,11559.674,7340.3226,27781.26,psid,0,0,1,1936.0,85184.0,144.0,133626062.98627602,53880335.87207077,138716.08800000002
0.0,38.0,16.0,0.0,0.0,1.0,0.0,11559.674,7877.4194,17732.719,psid,0,0,1,1444.0,54872.0,256.0,133626062.98627602,62053736.403496355,184954.784
0.0,34.0,12.0,0.0,0.0,1.0,0.0,11755.601,0.0,11821.813,psid,0,1,1,1156.0,39304.0,144.0,138194154.871201,0.0,141067.212
0.0,49.0,12.0,0.0,0.0,0.0,0.0,11755.601,0.0,0.0,psid,0,1,0,2401.0,117649.0,144.0,138194154.871201,0.0,141067.212
0.0,23.0,12.0,0.0,0.0,1.0,0.0,11755.601,0.0,17732.719,psid,0,1,1,529.0,12167.0,144.0,138194154.871201,0.0,141067.212
0.0,28.0,14.0,1.0,0.0,1.0,0.0,11755.601,0.0,25874.992,psid,0,1,1,784.0,21952.0,196.0,138194154.871201,0.0,164578.41400000002
0.0,43.0,12.0,0.0,0.0,1.0,0.0,11755.601,0.0,295.54531,psid,0,1,1,1849.0,79507.0,144.0,138194154.871201,0.0,141067.212
0.0,28.0,16.0,0.0,0.0,0.0,0.0,11755.601,6445.1613,0.0,psid,0,0,0,784.0,21952.0,256.0,138194154.871201,41540104.183017686,188089.616
0.0,29.0,12.0,1.0,0.0,1.0,0.0,11755.601,9846.7742,20688.172,psid,0,0,1,841.0,24389.0,144.0,138194154.871201,96958962.14578563,141067.212
0.0,53.0,12.0,0.0,0.0,1.0,0.0,11755.601,9893.3226,5172.043,psid,0,0,1,2809.0,148877.0,144.0,138194154.871201,97877832.06767075,141067.212
0.0,21.0,12.0,0.0,0.0,1.0,0.0,11755.601,10204.839,12560.676,psid,0,0,1,441.0,9261.0,144.0,138194154.871201,104138739.015921,141067.212
0.0,24.0,13.0,1.0,0.0,1.0,0.0,11755.601,10741.935,31097.278,psid,0,0,1,576.0,13824.0,169.0,138194154.871201,115389167.54422499,152822.813
0.0,21.0,12.0,0.0,0.0,1.0,0.0,11755.601,10741.935,6649.7696,psid,0,0,1,441.0,9261.0,144.0,138194154.871201,115389167.54422499,141067.212
0.0,24.0,12.0,0.0,0.0,1.0,0.0,11755.601,11074.935,13742.857,psid,0,0,1,576.0,13824.0,144.0,138194154.871201,122654185.25422499,141067.212
0.0,21.0,12.0,0.0,0.0,0.0,0.0,11755.601,11637.097,10048.541,psid,0,0,1,441.0,9261.0,144.0,138194154.871201,135422026.587409,141067.212
0.0,23.0,14.0,0.0,0.0,1.0,0.0,11755.601,11637.097,25121.352,psid,0,0,1,529.0,12167.0,196.0,138194154.871201,135422026.587409,164578.41400000002
0.0,28.0,12.0,0.0,0.0,1.0,0.0,11755.601,12532.258,0.0,psid,0,0,0,784.0,21952.0,144.0,138194154.871201,157057490.578564,141067.212
0.0,28.0,12.0,0.0,0.0,1.0,0.0,11755.601,12532.258,0.0,psid,0,0,0,784.0,21952.0,144.0,138194154.871201,157057490.578564,141067.212
0.0,25.0,17.0,0.0,0.0,1.0,0.0,11755.601,12621.774,28963.441,psid,0,0,1,625.0,15625.0,289.0,138194154.871201,159309178.90707597,199845.217
0.0,23.0,13.0,0.0,0.0,1.0,0.0,11755.601,13427.419,16254.992,psid,0,0,1,529.0,12167.0,169.0,138194154.871201,180295581.001561,152822.813
0.0,30.0,12.0,0.0,0.0,1.0,0.0,11755.601,13635.097,26599.078,psid,0,0,1,900.0,27000.0,144.0,138194154.871201,185915870.199409,141067.212
0.0,23.0,12.0,0.0,0.0,1.0,0.0,11755.601,13785.484,14186.175,psid,0,0,1,529.0,12167.0,144.0,138194154.871201,190039569.11425602,141067.212
0.0,26.0,12.0,0.0,0.0,1.0,0.0,11755.601,14322.581,20688.172,psid,0,0,1,676.0,17576.0,144.0,138194154.871201,205136326.50156102,141067.212
0.0,21.0,12.0,1.0,0.0,1.0,0.0,11755.601,14322.581,16254.992,psid,0,0,1,441.0,9261.0,144.0,138194154.871201,205136326.50156102,141067.212
0.0,26.0,12.0,0.0,0.0,1.0,0.0,11755.601,14322.581,17732.719,psid,0,0,1,676.0,17576.0,144.0,138194154.871201,205136326.50156102,141067.212
0.0,25.0,12.0,1.0,0.0,1.0,0.0,11755.601,14322.581,21427.035,psid,0,0,1,625.0,15625.0,144.0,138194154.871201,205136326.50156102,141067.212
0.0,22.0,12.0,0.0,0.0,1.0,0.0,11755.601,14465.806,18102.151,psid,0,0,1,484.0,10648.0,144.0,138194154.871201,209259543.229636,141067.212
0.0,28.0,16.0,0.0,0.0,1.0,0.0,11755.601,15217.742,20688.172,psid,0,0,1,784.0,21952.0,256.0,138194154.871201,231579671.57856402,188089.616
0.0,22.0,13.0,1.0,0.0,1.0,0.0,11755.601,15217.742,0.0,psid,0,0,0,484.0,10648.0,169.0,138194154.871201,231579671.57856402,152822.813
0.0,24.0,16.0,0.0,0.0,1.0,0.0,11755.601,16112.903,31032.258,psid,0,0,1,576.0,13824.0,256.0,138194154.871201,259625643.08740902,188089.616
0.0,27.0,15.0,1.0,0.0,0.0,0.0,11755.601,16744.887,18442.028,psid,0,0,1,729.0,19683.0,225.0,138194154.871201,280391240.642769,176334.015
0.0,19.0,12.0,0.0,0.0,0.0,0.0,11755.601,19335.484,16254.992,psid,0,0,1,361.0,6859.0,144.0,138194154.871201,373860941.514256,141067.212
0.0,38.0,14.0,0.0,0.0,1.0,0.0,11755.601,19693.548,0.0,psid,0,0,0,1444.0,54872.0,196.0,138194154.871201,387835832.82830393,164578.41400000002
0.0,38.0,14.0,0.0,0.0,0.0,0.0,11755.601,21483.871,7388.6329,psid,0,0,1,1444.0,54872.0,196.0,138194154.871201,461556713.144641,164578.41400000002
0.0,45.0,12.0,0.0,0.0,1.0,0.0,11771.275,11270.081,16822.439,psid,0,0,1,2025.0,91125.0,144.0,138562915.12562498,127014725.746561,141255.3
0.0,26.0,12.0,1.0,0.0,1.0,0.0,11775.193,14150.71,16342.178,psid,0,0,1,676.0,17576.0,144.0,138655170.18724898,200242593.50409997,141302.316
0.0,31.0,16.0,0.0,0.0,1.0,0.0,11784.99,9846.7742,5390.7465,psid,0,0,1,961.0,29791.0,256.0,138885989.3001,96958962.14578563,188559.84
0.0,25.0,13.0,1.0,0.0,1.0,0.0,11931.935,13824.871,12656.728,psid,0,0,1,625.0,15625.0,169.0,142371072.844225,191127058.16664097,155115.155
0.0,25.0,14.0,0.0,0.0,1.0,0.0,11973.079,14322.581,14777.266,psid,0,0,1,625.0,15625.0,196.0,143354620.740241,205136326.50156102,167623.106
0.0,22.0,12.0,0.0,0.0,1.0,0.0,12051.45,16025.177,13151.767,psid,0,0,1,484.0,10648.0,144.0,145237447.10250002,256806297.881329,144617.40000000002
0.0,36.0,12.0,0.0,0.0,1.0,0.0,12147.454,13964.516,13299.539,psid,0,0,1,1296.0,46656.0,144.0,147560638.682116,195007707.114256,145769.448
0.0,27.0,12.0,0.0,0.0,1.0,0.0,12147.454,14322.581,20142.891,psid,0,0,1,729.0,19683.0,144.0,147560638.682116,205136326.50156102,145769.448
0.0,33.0,12.0,0.0,0.0,1.0,0.0,12147.454,16112.903,24382.488,psid,0,0,1,1089.0,35937.0,144.0,147560638.682116,259625643.08740902,145769.448
0.0,27.0,12.0,0.0,0.0,1.0,0.0,12147.454,23274.194,26599.078,psid,0,0,1,729.0,19683.0,144.0,147560638.682116,541688106.349636,145769.448
0.0,30.0,12.0,1.0,0.0,1.0,0.0,12225.825,10741.935,18962.187,psid,0,0,1,900.0,27000.0,144.0,149470796.93062502,115389167.54422499,146709.90000000002
0.0,46.0,12.0,0.0,0.0,1.0,0.0,12343.381,11637.097,11230.722,psid,0,0,1,2116.0,97336.0,144.0,152359054.511161,135422026.587409,148120.572
0.0,23.0,14.0,0.0,0.0,1.0,0.0,12343.381,12532.258,14186.175,psid,0,0,1,529.0,12167.0,196.0,152359054.511161,157057490.578564,172807.334
0.0,25.0,16.0,0.0,0.0,1.0,0.0,12343.381,13606.452,21427.035,psid,0,0,1,625.0,15625.0,256.0,152359054.511161,185135536.02830398,197494.096
0.0,27.0,14.0,0.0,0.0,1.0,0.0,12419.792,16829.032,25178.983,psid,0,0,1,729.0,19683.0,196.0,154251233.32326397,283216318.057024,173877.088
0.0,49.0,16.0,0.0,0.0,1.0,0.0,12504.041,12353.226,12560.676,psid,0,0,1,2401.0,117649.0,256.0,156351041.32968098,152602192.60707602,200064.656
0.0,22.0,12.0,0.0,0.0,1.0,0.0,12539.308,12532.258,14369.413,psid,0,0,1,484.0,10648.0,144.0,157234245.11886403,157057490.578564,150471.696
0.0,28.0,16.0,0.0,0.0,1.0,0.0,12572.615,21483.871,23495.853,psid,0,0,1,784.0,21952.0,256.0,158070647.938225,461556713.144641,201161.84
0.0,24.0,12.0,1.0,0.0,1.0,0.0,12658.823,19693.548,19210.445,psid,0,0,1,576.0,13824.0,144.0,160245799.74532902,387835832.82830393,151905.876
0.0,37.0,17.0,1.0,0.0,1.0,0.0,12735.234,1306.9355,4236.6421,psid,0,0,1,1369.0,50653.0,289.0,162186185.034756,1708080.4011602502,216498.978
0.0,22.0,13.0,0.0,0.0,0.0,0.0,12735.234,12532.258,17732.719,psid,0,0,1,484.0,10648.0,169.0,162186185.034756,157057490.578564,165558.04200000002
0.0,23.0,17.0,0.0,0.0,0.0,0.0,12735.234,14322.581,28076.805,psid,0,0,1,529.0,12167.0,289.0,162186185.034756,205136326.50156102,216498.978
0.0,23.0,12.0,1.0,0.0,0.0,0.0,12735.234,14322.581,20688.172,psid,0,0,1,529.0,12167.0,144.0,162186185.034756,205136326.50156102,152822.80800000002
0.0,26.0,12.0,0.0,0.0,1.0,0.0,12735.234,14322.581,14925.038,psid,0,0,1,676.0,17576.0,144.0,162186185.034756,205136326.50156102,152822.80800000002
0.0,22.0,12.0,0.0,0.0,0.0,0.0,12735.234,16112.903,21131.49,psid,0,0,1,484.0,10648.0,144.0,162186185.034756,259625643.08740902,152822.80800000002
0.0,31.0,14.0,0.0,0.0,1.0,0.0,12735.234,17724.194,29850.077,psid,0,0,1,961.0,29791.0,196.0,162186185.034756,314147052.949636,178293.276
0.0,31.0,14.0,0.0,0.0,1.0,0.0,12735.234,17724.194,29850.077,psid,0,0,1,961.0,29791.0,196.0,162186185.034756,314147052.949636,178293.276
0.0,54.0,12.0,0.0,0.0,1.0,0.0,12735.234,17894.274,19343.441,psid,0,0,1,2916.0,157464.0,144.0,162186185.034756,320205041.98707604,152822.80800000002
0.0,25.0,16.0,1.0,0.0,1.0,0.0,12735.234,18261.29,10521.413,psid,0,0,1,625.0,15625.0,256.0,162186185.034756,333474712.4641,203763.744
0.0,28.0,12.0,1.0,0.0,1.0,0.0,12735.234,19693.548,17732.719,psid,0,0,1,784.0,21952.0,144.0,162186185.034756,387835832.82830393,152822.80800000002
0.0,19.0,13.0,0.0,0.0,1.0,0.0,12735.234,19693.548,28815.668,psid,0,0,1,361.0,6859.0,169.0,162186185.034756,387835832.82830393,165558.04200000002
0.0,26.0,17.0,0.0,0.0,1.0,0.0,12735.234,25064.516,26599.078,psid,0,0,1,676.0,17576.0,289.0,162186185.034756,628229962.314256,216498.978
0.0,28.0,12.0,0.0,0.0,1.0,0.0,12813.605,7161.2903,16254.992,psid,0,0,1,784.0,21952.0,144.0,164188473.096025,51284078.760874085,153763.26
0.0,20.0,12.0,0.0,0.0,1.0,0.0,12931.161,2363.2258,14777.266,psid,0,0,1,400.0,8000.0,144.0,167214924.807921,5584836.18178564,155173.932
0.0,26.0,12.0,0.0,0.0,1.0,0.0,12931.161,11100.0,22165.899,psid,0,0,1,676.0,17576.0,144.0,167214924.807921,123210000.0,155173.932
0.0,25.0,17.0,0.0,0.0,1.0,0.0,12935.079,22379.032,36943.164,psid,0,0,1,625.0,15625.0,289.0,167316268.73624098,500821073.257024,219896.343
0.0,24.0,12.0,0.0,0.0,1.0,0.0,13029.124,13964.516,41571.404,psid,0,0,1,576.0,13824.0,144.0,169758072.207376,195007707.114256,156349.488
0.0,22.0,12.0,0.0,0.0,1.0,0.0,13127.088,8951.6129,13595.084,psid,0,0,1,484.0,10648.0,144.0,172320439.35974398,80131373.51144642,157525.05599999998
0.0,27.0,17.0,0.0,0.0,1.0,0.0,13127.088,10741.935,29554.531,psid,0,0,1,729.0,19683.0,289.0,172320439.35974398,115389167.54422499,223160.49599999998
0.0,26.0,12.0,0.0,0.0,1.0,0.0,13127.088,12174.194,12687.76,psid,0,0,1,676.0,17576.0,144.0,172320439.35974398,148210999.54963598,157525.05599999998
0.0,27.0,12.0,1.0,0.0,1.0,0.0,13127.088,12353.226,11526.267,psid,0,0,1,729.0,19683.0,144.0,172320439.35974398,152602192.60707602,157525.05599999998
0.0,19.0,12.0,0.0,0.0,1.0,0.0,13127.088,12532.258,24382.488,psid,0,0,1,361.0,6859.0,144.0,172320439.35974398,157057490.578564,157525.05599999998
0.0,29.0,17.0,0.0,0.0,1.0,0.0,13127.088,19693.548,0.0,psid,0,0,0,841.0,24389.0,289.0,172320439.35974398,387835832.82830393,223160.49599999998
0.0,20.0,12.0,0.0,0.0,1.0,0.0,13244.644,8772.5806,17289.401,psid,0,0,1,400.0,8000.0,144.0,175420594.68673602,76958170.38349634,158935.728
0.0,25.0,12.0,0.0,0.0,1.0,0.0,13291.666,14202.629,14777.266,psid,0,0,1,625.0,15625.0,144.0,176668385.05555597,201714670.51164103,159499.992
0.0,29.0,16.0,0.0,0.0,1.0,0.0,13323.014,5370.9677,17732.719,psid,0,0,1,841.0,24389.0,256.0,177502702.04419598,28847294.034443293,213168.224
0.0,23.0,14.0,0.0,0.0,0.0,0.0,13323.014,12174.194,14777.266,psid,0,0,1,529.0,12167.0,196.0,177502702.04419598,148210999.54963598,186522.196
0.0,28.0,12.0,0.0,0.0,1.0,0.0,13323.014,12532.258,10935.177,psid,0,0,1,784.0,21952.0,144.0,177502702.04419598,157057490.578564,159876.168
0.0,30.0,14.0,0.0,0.0,1.0,0.0,13323.014,14322.581,14777.266,psid,0,0,1,900.0,27000.0,196.0,177502702.04419598,205136326.50156102,186522.196
0.0,26.0,16.0,1.0,0.0,1.0,0.0,13323.014,19693.548,19934.531,psid,0,0,1,676.0,17576.0,256.0,177502702.04419598,387835832.82830393,213168.224
0.0,24.0,12.0,0.0,1.0,1.0,0.0,13493.47,16470.968,21035.438,psid,0,0,1,576.0,13824.0,144.0,182073732.6409,271292786.857024,161921.63999999998
0.0,22.0,12.0,1.0,0.0,1.0,0.0,13518.941,13427.419,12560.676,psid,0,0,1,484.0,10648.0,144.0,182761765.76148102,180295581.001561,162227.29200000002
0.0,27.0,12.0,0.0,0.0,1.0,0.0,13597.312,15833.613,13246.341,psid,0,0,1,729.0,19683.0,144.0,184886893.625344,250703300.63376898,163167.744
0.0,22.0,12.0,1.0,0.0,1.0,0.0,13665.886,17903.226,13299.539,psid,0,0,1,484.0,10648.0,144.0,186756440.164996,320525501.20707595,163990.632
0.0,42.0,13.0,0.0,0.0,1.0,0.0,13701.153,0.0,33987.711,psid,0,1,1,1764.0,74088.0,169.0,187721593.52940902,0.0,178114.989
0.0,22.0,12.0,1.0,0.0,1.0,0.0,13714.868,0.0,664.97696,psid,0,1,1,484.0,10648.0,144.0,188097604.257424,0.0,164578.416
0.0,47.0,12.0,0.0,0.0,1.0,0.0,13714.868,0.0,12560.676,psid,0,1,1,2209.0,103823.0,144.0,188097604.257424,0.0,164578.416
0.0,26.0,12.0,0.0,0.0,1.0,0.0,13714.868,716.12903,22904.762,psid,0,0,1,676.0,17576.0,144.0,188097604.257424,512840.7876087408,164578.416
0.0,21.0,12.0,0.0,0.0,1.0,0.0,13714.868,3222.5806,14038.402,psid,0,0,1,441.0,9261.0,144.0,188097604.257424,10385025.723496359,164578.416
0.0,25.0,16.0,0.0,0.0,0.0,0.0,13714.868,6042.3387,0.0,psid,0,0,0,625.0,15625.0,256.0,188097604.257424,36509856.96551769,219437.888
0.0,25.0,12.0,1.0,0.0,1.0,0.0,13714.868,8235.4839,17732.719,psid,0,0,1,625.0,15625.0,144.0,188097604.257424,67823195.06715919,164578.416
0.0,23.0,12.0,0.0,0.0,0.0,0.0,13714.868,10741.935,15959.447,psid,0,0,1,529.0,12167.0,144.0,188097604.257424,115389167.54422499,164578.416
0.0,33.0,12.0,1.0,0.0,0.0,0.0,13714.868,11100.0,9605.2227,psid,0,0,1,1089.0,35937.0,144.0,188097604.257424,123210000.0,164578.416
0.0,55.0,16.0,1.0,0.0,1.0,0.0,13714.868,11995.161,23531.318,psid,0,0,1,3025.0,166375.0,256.0,188097604.257424,143883887.415921,219437.888
0.0,47.0,12.0,1.0,0.0,1.0,0.0,13714.868,12433.79,14777.266,psid,0,0,1,2209.0,103823.0,144.0,188097604.257424,154599133.76410002,164578.416
0.0,20.0,12.0,1.0,0.0,1.0,0.0,13714.868,12532.258,8866.3594,psid,0,0,1,400.0,8000.0,144.0,188097604.257424,157057490.578564,164578.416
0.0,26.0,12.0,1.0,0.0,1.0,0.0,13714.868,12532.258,11821.813,psid,0,0,1,676.0,17576.0,144.0,188097604.257424,157057490.578564,164578.416
0.0,31.0,12.0,0.0,0.0,1.0,0.0,13714.868,12532.258,14777.266,psid,0,0,1,961.0,29791.0,144.0,188097604.257424,157057490.578564,164578.416
0.0,30.0,12.0,0.0,0.0,1.0,0.0,13714.868,12532.258,2563.8556,psid,0,0,1,900.0,27000.0,144.0,188097604.257424,157057490.578564,164578.416
0.0,21.0,12.0,1.0,0.0,0.0,0.0,13714.868,13339.694,11651.874,psid,0,0,1,441.0,9261.0,144.0,188097604.257424,177947436.013636,164578.416
0.0,28.0,17.0,0.0,0.0,1.0,0.0,13714.868,13427.419,6827.0968,psid,0,0,1,784.0,21952.0,289.0,188097604.257424,180295581.001561,233152.756
0.0,24.0,12.0,0.0,0.0,1.0,0.0,13714.868,13427.419,17732.719,psid,0,0,1,576.0,13824.0,144.0,188097604.257424,180295581.001561,164578.416
0.0,28.0,12.0,0.0,0.0,1.0,0.0,13714.868,13606.452,19210.445,psid,0,0,1,784.0,21952.0,144.0,188097604.257424,185135536.02830398,164578.416
0.0,23.0,12.0,0.0,0.0,0.0,0.0,13714.868,14322.581,22165.899,psid,0,0,1,529.0,12167.0,144.0,188097604.257424,205136326.50156102,164578.416
0.0,35.0,12.0,0.0,0.0,0.0,0.0,13714.868,15038.71,26599.078,psid,0,0,1,1225.0,42875.0,144.0,188097604.257424,226162798.46409997,164578.416
0.0,27.0,14.0,0.0,0.0,1.0,0.0,13714.868,15217.742,13447.312,psid,0,0,1,729.0,19683.0,196.0,188097604.257424,231579671.57856402,192008.152
0.0,23.0,12.0,0.0,0.0,1.0,0.0,13714.868,15754.839,24205.161,psid,0,0,1,529.0,12167.0,144.0,188097604.257424,248214951.915921,164578.416
0.0,24.0,12.0,1.0,0.0,1.0,0.0,13714.868,16112.903,16254.992,psid,0,0,1,576.0,13824.0,144.0,188097604.257424,259625643.08740902,164578.416
0.0,24.0,12.0,0.0,0.0,1.0,0.0,13714.868,16112.903,16254.992,psid,0,0,1,576.0,13824.0,144.0,188097604.257424,259625643.08740902,164578.416
0.0,39.0,12.0,1.0,0.0,1.0,0.0,13714.868,17008.065,14629.493,psid,0,0,1,1521.0,59319.0,144.0,188097604.257424,289274275.044225,164578.416
0.0,33.0,12.0,0.0,0.0,1.0,0.0,13714.868,18082.258,26081.874,psid,0,0,1,1089.0,35937.0,144.0,188097604.257424,326968054.37856406,164578.416
0.0,45.0,14.0,0.0,0.0,1.0,0.0,13714.868,19102.742,30145.622,psid,0,0,1,2025.0,91125.0,196.0,188097604.257424,364914751.91856396,192008.152
0.0,45.0,14.0,0.0,0.0,1.0,0.0,13714.868,19102.742,30145.622,psid,0,0,1,2025.0,91125.0,196.0,188097604.257424,364914751.91856396,192008.152
0.0,27.0,12.0,1.0,0.0,1.0,0.0,13714.868,19425.0,25860.215,psid,0,0,1,729.0,19683.0,144.0,188097604.257424,377330625.0,164578.416
0.0,45.0,17.0,0.0,0.0,1.0,0.0,13714.868,23095.161,6649.7696,psid,0,0,1,2025.0,91125.0,289.0,188097604.257424,533386461.615921,233152.756
0.0,23.0,16.0,0.0,0.0,0.0,0.0,13714.868,25601.613,31623.349,psid,0,0,1,529.0,12167.0,256.0,188097604.257424,655442588.2017691,219437.888
0.0,26.0,17.0,0.0,0.0,1.0,0.0,13714.868,29540.323,29554.531,psid,0,0,1,676.0,17576.0,289.0,188097604.257424,872630682.944329,233152.756
0.0,27.0,14.0,1.0,0.0,0.0,0.0,13812.831,17036.71,20688.172,psid,0,0,1,729.0,19683.0,196.0,190794300.234561,290249487.62409997,193379.634
0.0,21.0,14.0,0.0,0.0,1.0,0.0,13832.424,8777.9516,591.09063,psid,0,0,1,441.0,9261.0,196.0,191335953.71577603,77052434.29194257,193653.93600000002
0.0,20.0,12.0,0.0,0.0,1.0,0.0,13902.957,14322.581,19653.763,psid,0,0,1,400.0,8000.0,144.0,193292213.343849,205136326.50156102,166835.484
0.0,29.0,12.0,0.0,0.0,1.0,0.0,13910.794,7161.2903,19210.445,psid,0,0,1,841.0,24389.0,144.0,193510189.710436,51284078.760874085,166929.528
0.0,22.0,12.0,0.0,1.0,1.0,0.0,13910.794,8611.4516,16218.049,psid,0,0,1,484.0,10648.0,144.0,193510189.710436,74157098.65914257,166929.528
0.0,24.0,12.0,0.0,0.0,0.0,0.0,13910.794,13427.419,19210.445,psid,0,0,1,576.0,13824.0,144.0,193510189.710436,180295581.001561,166929.528
0.0,27.0,12.0,0.0,0.0,1.0,0.0,13910.794,14859.677,15072.811,psid,0,0,1,729.0,19683.0,144.0,193510189.710436,220810000.544329,166929.528
0.0,23.0,12.0,0.0,0.0,1.0,0.0,14063.617,11100.0,14777.266,psid,0,0,1,529.0,12167.0,144.0,197785323.122689,123210000.0,168763.404
0.0,24.0,16.0,0.0,0.0,1.0,0.0,14067.536,24706.452,37829.8,psid,0,0,1,576.0,13824.0,256.0,197895569.111296,610408770.4283041,225080.576
0.0,23.0,16.0,0.0,0.0,0.0,0.0,14106.721,6266.129,2955.4531,psid,0,0,1,529.0,12167.0,256.0,198999577.37184098,39264372.644641,225707.536
0.0,33.0,14.0,0.0,0.0,1.0,0.0,14106.721,14322.581,17732.719,psid,0,0,1,1089.0,35937.0,196.0,198999577.37184098,205136326.50156102,197494.09399999998
0.0,21.0,12.0,0.0,0.0,0.0,0.0,14106.721,17903.226,22165.899,psid,0,0,1,441.0,9261.0,144.0,198999577.37184098,320525501.20707595,169280.652
0.0,23.0,12.0,0.0,0.0,1.0,0.0,14106.721,23453.226,0.0,psid,0,0,0,529.0,12167.0,144.0,198999577.37184098,550053809.807076,169280.652
0.0,20.0,12.0,1.0,0.0,1.0,0.0,14322.24,17903.226,14777.266,psid,0,0,1,400.0,8000.0,144.0,205126558.6176,320525501.20707595,171866.88
0.0,24.0,12.0,0.0,0.0,1.0,0.0,14373.181,19693.548,7388.6329,psid,0,0,1,576.0,13824.0,144.0,206588332.058761,387835832.82830393,172478.17200000002
0.0,29.0,12.0,1.0,0.0,1.0,0.0,14392.774,15396.774,14777.266,psid,0,0,1,841.0,24389.0,144.0,207151943.415076,237060649.607076,172713.288
0.0,34.0,12.0,0.0,0.0,1.0,0.0,14498.574,14322.581,10048.541,psid,0,0,1,1156.0,39304.0,144.0,210208648.03347602,205136326.50156102,173982.888
0.0,44.0,12.0,0.0,0.0,1.0,0.0,14498.574,14424.629,14579.25,psid,0,0,1,1936.0,85184.0,144.0,210208648.03347602,208069921.78764102,173982.888
0.0,23.0,12.0,0.0,0.0,1.0,0.0,14498.574,19335.484,19210.445,psid,0,0,1,529.0,12167.0,144.0,210208648.03347602,373860941.514256,173982.888
0.0,26.0,14.0,1.0,0.0,1.0,0.0,14506.411,17187.097,21678.249,psid,0,0,1,676.0,17576.0,196.0,210435960.100921,295396303.28740907,203089.75400000002
0.0,51.0,12.0,0.0,0.0,1.0,0.0,14533.841,19245.968,17732.719,psid,0,0,1,2601.0,132651.0,144.0,211232534.213281,370407284.25702405,174406.092
0.0,41.0,12.0,0.0,0.0,1.0,0.0,14684.705,23274.194,26599.078,psid,0,0,1,1681.0,68921.0,144.0,215640560.937025,541688106.349636,176216.46
0.0,37.0,13.0,0.0,0.0,1.0,0.0,14694.501,8951.6129,17732.719,psid,0,0,1,1369.0,50653.0,169.0,215928359.639001,80131373.51144642,191028.513
0.0,26.0,16.0,0.0,0.0,1.0,0.0,14694.501,11637.097,20688.172,psid,0,0,1,676.0,17576.0,256.0,215928359.639001,135422026.587409,235112.016
0.0,24.0,12.0,1.0,0.0,1.0,0.0,14694.501,11816.129,11821.813,psid,0,0,1,576.0,13824.0,144.0,215928359.639001,139620904.54464102,176334.012
0.0,22.0,14.0,1.0,0.0,1.0,0.0,14694.501,12532.258,21397.481,psid,0,0,1,484.0,10648.0,196.0,215928359.639001,157057490.578564,205723.014
0.0,27.0,12.0,1.0,0.0,1.0,0.0,14694.501,13427.419,14079.779,psid,0,0,1,729.0,19683.0,144.0,215928359.639001,180295581.001561,176334.012
0.0,23.0,13.0,0.0,0.0,1.0,0.0,14694.501,14322.581,20688.172,psid,0,0,1,529.0,12167.0,169.0,215928359.639001,205136326.50156102,191028.513
0.0,27.0,12.0,0.0,0.0,1.0,0.0,14694.501,14322.581,19210.445,psid,0,0,1,729.0,19683.0,144.0,215928359.639001,205136326.50156102,176334.012
0.0,28.0,12.0,1.0,0.0,1.0,0.0,14694.501,14859.677,19210.445,psid,0,0,1,784.0,21952.0,144.0,215928359.639001,220810000.544329,176334.012
0.0,21.0,12.0,0.0,0.0,1.0,0.0,14694.501,15217.742,23643.625,psid,0,0,1,441.0,9261.0,144.0,215928359.639001,231579671.57856402,176334.012
0.0,28.0,12.0,0.0,0.0,1.0,0.0,14694.501,15933.871,0.0,psid,0,0,0,784.0,21952.0,144.0,215928359.639001,253888245.044641,176334.012
0.0,22.0,13.0,0.0,0.0,1.0,0.0,14694.501,16112.903,0.0,psid,0,0,0,484.0,10648.0,169.0,215928359.639001,259625643.08740902,191028.513
0.0,20.0,12.0,0.0,0.0,1.0,0.0,14694.501,16112.903,26599.078,psid,0,0,1,400.0,8000.0,144.0,215928359.639001,259625643.08740902,176334.012
0.0,24.0,16.0,0.0,0.0,1.0,0.0,14694.501,16470.968,27337.942,psid,0,0,1,576.0,13824.0,256.0,215928359.639001,271292786.857024,235112.016
0.0,22.0,12.0,0.0,0.0,1.0,0.0,14694.501,16829.032,21870.353,psid,0,0,1,484.0,10648.0,144.0,215928359.639001,283216318.057024,176334.012
0.0,27.0,12.0,0.0,1.0,1.0,0.0,14694.501,16829.032,37829.8,psid,0,0,1,729.0,19683.0,144.0,215928359.639001,283216318.057024,176334.012
0.0,35.0,12.0,1.0,0.0,1.0,0.0,14694.501,17187.097,21279.263,psid,0,0,1,1225.0,42875.0,144.0,215928359.639001,295396303.28740907,176334.012
0.0,23.0,16.0,0.0,0.0,1.0,0.0,14694.501,19693.548,29554.531,psid,0,0,1,529.0,12167.0,256.0,215928359.639001,387835832.82830393,235112.016
0.0,22.0,16.0,0.0,0.0,1.0,0.0,14694.501,19693.548,2955.4531,psid,0,0,1,484.0,10648.0,256.0,215928359.639001,387835832.82830393,235112.016
0.0,23.0,16.0,0.0,0.0,1.0,0.0,14694.501,23274.194,25121.352,psid,0,0,1,529.0,12167.0,256.0,215928359.639001,541688106.349636,235112.016
0.0,20.0,12.0,0.0,0.0,1.0,0.0,14694.501,26854.839,31032.258,psid,0,0,1,400.0,8000.0,144.0,215928359.639001,721182377.715921,176334.012
0.0,22.0,12.0,1.0,0.0,1.0,0.0,14790.505,14680.645,14038.402,psid,0,0,1,484.0,10648.0,144.0,218759038.15502498,215521337.616025,177486.06
0.0,24.0,12.0,0.0,0.0,1.0,0.0,14890.428,719.70968,27963.02,psid,0,0,1,576.0,13824.0,144.0,221724846.023184,517982.02348570246,178685.136
0.0,26.0,12.0,0.0,0.0,1.0,0.0,14890.428,10741.935,0.0,psid,0,0,0,676.0,17576.0,144.0,221724846.023184,115389167.54422499,178685.136
0.0,42.0,12.0,1.0,0.0,1.0,0.0,14988.391,11185.935,0.0,psid,0,0,0,1764.0,74088.0,144.0,224651864.768881,125125141.824225,179860.69199999998
0.0,28.0,15.0,0.0,0.0,1.0,0.0,15082.436,18619.355,13986.682,psid,0,0,1,784.0,21952.0,225.0,227479875.694096,346680380.616025,226236.54
0.0,24.0,13.0,0.0,0.0,1.0,0.0,15282.281,14322.581,32509.985,psid,0,0,1,576.0,13824.0,169.0,233548112.562961,205136326.50156102,198669.65300000002
0.0,50.0,12.0,0.0,0.0,1.0,0.0,15282.281,14322.581,13151.767,psid,0,0,1,2500.0,125000.0,144.0,233548112.562961,205136326.50156102,183387.372
0.0,50.0,12.0,0.0,0.0,1.0,0.0,15282.281,14322.581,13151.767,psid,0,0,1,2500.0,125000.0,144.0,233548112.562961,205136326.50156102,183387.372
0.0,28.0,13.0,0.0,0.0,1.0,0.0,15282.281,14322.581,14038.402,psid,0,0,1,784.0,21952.0,169.0,233548112.562961,205136326.50156102,198669.65300000002
0.0,25.0,12.0,0.0,0.0,1.0,0.0,15282.281,16112.903,25121.352,psid,0,0,1,625.0,15625.0,144.0,233548112.562961,259625643.08740902,183387.372
0.0,31.0,12.0,1.0,0.0,0.0,0.0,15282.281,17903.226,14777.266,psid,0,0,1,961.0,29791.0,144.0,233548112.562961,320525501.20707595,183387.372
0.0,32.0,16.0,1.0,0.0,1.0,0.0,15282.281,19693.548,28076.805,psid,0,0,1,1024.0,32768.0,256.0,233548112.562961,387835832.82830393,244516.496
0.0,22.0,12.0,0.0,0.0,1.0,0.0,15282.281,19693.548,21870.353,psid,0,0,1,484.0,10648.0,144.0,233548112.562961,387835832.82830393,183387.372
0.0,22.0,13.0,1.0,0.0,1.0,0.0,15403.756,14320.79,18660.731,psid,0,0,1,484.0,10648.0,169.0,237275698.90753597,205085026.22410002,200248.82799999998
0.0,26.0,12.0,1.0,0.0,1.0,0.0,15411.593,8951.6129,11082.949,psid,0,0,1,676.0,17576.0,144.0,237517198.79764903,80131373.51144642,184939.116
0.0,22.0,12.0,0.0,0.0,1.0,0.0,15478.208,8951.6129,14186.175,psid,0,0,1,484.0,10648.0,144.0,239574922.89126402,80131373.51144642,185738.496
0.0,29.0,12.0,0.0,0.0,0.0,0.0,15478.208,14370.919,12615.352,psid,0,0,1,841.0,24389.0,144.0,239574922.89126402,206523312.90456098,185738.496
0.0,53.0,17.0,0.0,0.0,1.0,0.0,15478.208,16399.355,15663.902,psid,0,0,1,2809.0,148877.0,289.0,239574922.89126402,268938844.416025,263129.536
0.0,25.0,12.0,0.0,0.0,1.0,0.0,15478.208,17724.194,31327.803,psid,0,0,1,625.0,15625.0,144.0,239574922.89126402,314147052.949636,185738.496
0.0,26.0,12.0,1.0,0.0,1.0,0.0,15478.208,18175.355,19949.309,psid,0,0,1,676.0,17576.0,144.0,239574922.89126402,330343529.37602496,185738.496
0.0,24.0,16.0,0.0,0.0,0.0,0.0,15587.927,19505.565,19210.445,psid,0,0,1,576.0,13824.0,256.0,242983468.157329,380467065.96922493,249406.832
0.0,27.0,17.0,0.0,0.0,0.0,0.0,15674.134,0.0,41376.344,psid,0,1,1,729.0,19683.0,289.0,245678476.649956,0.0,266460.278
0.0,46.0,12.0,0.0,0.0,1.0,0.0,15674.134,734.03226,20688.172,psid,0,0,1,2116.0,97336.0,144.0,245678476.649956,538803.3587207075,188089.608
0.0,25.0,12.0,1.0,0.0,1.0,0.0,15674.134,3738.1935,10512.547,psid,0,0,1,625.0,15625.0,144.0,245678476.649956,13974090.643442249,188089.608
0.0,21.0,13.0,0.0,0.0,0.0,0.0,15674.134,4946.6613,1733.3733,psid,0,0,1,441.0,9261.0,169.0,245678476.649956,24469458.016917687,203763.742
0.0,37.0,12.0,0.0,0.0,1.0,0.0,15674.134,8951.6129,28076.805,psid,0,0,1,1369.0,50653.0,144.0,245678476.649956,80131373.51144642,188089.608
0.0,37.0,12.0,0.0,0.0,1.0,0.0,15674.134,8951.6129,28076.805,psid,0,0,1,1369.0,50653.0,144.0,245678476.649956,80131373.51144642,188089.608
0.0,28.0,15.0,1.0,0.0,1.0,0.0,15674.134,9452.9032,31032.258,psid,0,0,1,784.0,21952.0,225.0,245678476.649956,89357378.90857024,235112.01
0.0,22.0,12.0,0.0,0.0,0.0,0.0,15674.134,10741.935,28963.441,psid,0,0,1,484.0,10648.0,144.0,245678476.649956,115389167.54422499,188089.608
0.0,22.0,12.0,0.0,0.0,0.0,0.0,15674.134,11637.097,20688.172,psid,0,0,1,484.0,10648.0,144.0,245678476.649956,135422026.587409,188089.608
0.0,27.0,12.0,0.0,0.0,1.0,0.0,15674.134,12532.258,19210.445,psid,0,0,1,729.0,19683.0,144.0,245678476.649956,157057490.578564,188089.608
0.0,21.0,13.0,1.0,0.0,1.0,0.0,15674.134,12532.258,25121.352,psid,0,0,1,441.0,9261.0,169.0,245678476.649956,157057490.578564,203763.742
0.0,49.0,16.0,0.0,0.0,1.0,0.0,15674.134,12890.323,17732.719,psid,0,0,1,2401.0,117649.0,256.0,245678476.649956,166160427.04432902,250786.144
0.0,26.0,12.0,0.0,0.0,1.0,0.0,15674.134,13427.419,0.0,psid,0,0,0,676.0,17576.0,144.0,245678476.649956,180295581.001561,188089.608
0.0,33.0,14.0,0.0,0.0,1.0,0.0,15674.134,13427.419,13890.63,psid,0,0,1,1089.0,35937.0,196.0,245678476.649956,180295581.001561,219437.876
0.0,28.0,15.0,0.0,0.0,1.0,0.0,15674.134,13785.484,15959.447,psid,0,0,1,784.0,21952.0,225.0,245678476.649956,190039569.11425602,235112.01
0.0,29.0,17.0,0.0,0.0,1.0,0.0,15674.134,14143.548,25860.215,psid,0,0,1,841.0,24389.0,289.0,245678476.649956,200039950.028304,266460.278
0.0,54.0,16.0,1.0,0.0,1.0,0.0,15674.134,14322.581,11821.813,psid,0,0,1,2916.0,157464.0,256.0,245678476.649956,205136326.50156102,250786.144
0.0,25.0,14.0,0.0,1.0,1.0,0.0,15674.134,14322.581,20702.949,psid,0,0,1,625.0,15625.0,196.0,245678476.649956,205136326.50156102,219437.876
0.0,32.0,12.0,0.0,0.0,1.0,0.0,15674.134,14322.581,13299.539,psid,0,0,1,1024.0,32768.0,144.0,245678476.649956,205136326.50156102,188089.608
0.0,40.0,12.0,0.0,0.0,1.0,0.0,15674.134,14322.581,16254.992,psid,0,0,1,1600.0,64000.0,144.0,245678476.649956,205136326.50156102,188089.608
0.0,40.0,12.0,0.0,0.0,1.0,0.0,15674.134,14322.581,16254.992,psid,0,0,1,1600.0,64000.0,144.0,245678476.649956,205136326.50156102,188089.608
0.0,27.0,16.0,0.0,0.0,1.0,0.0,15674.134,14322.581,22165.899,psid,0,0,1,729.0,19683.0,256.0,245678476.649956,205136326.50156102,250786.144
0.0,24.0,12.0,0.0,0.0,1.0,0.0,15674.134,14680.645,17732.719,psid,0,0,1,576.0,13824.0,144.0,245678476.649956,215521337.616025,188089.608
0.0,43.0,12.0,0.0,0.0,1.0,0.0,15674.134,14680.645,13831.521,psid,0,0,1,1849.0,79507.0,144.0,245678476.649956,215521337.616025,188089.608
0.0,25.0,16.0,0.0,0.0,1.0,0.0,15674.134,15217.742,19062.673,psid,0,0,1,625.0,15625.0,256.0,245678476.649956,231579671.57856402,250786.144
0.0,26.0,12.0,1.0,0.0,1.0,0.0,15674.134,15217.742,15516.129,psid,0,0,1,676.0,17576.0,144.0,245678476.649956,231579671.57856402,188089.608
0.0,34.0,12.0,1.0,0.0,1.0,0.0,15674.134,15754.839,17732.719,psid,0,0,1,1156.0,39304.0,144.0,245678476.649956,248214951.915921,188089.608
0.0,21.0,13.0,0.0,0.0,1.0,0.0,15674.134,15933.871,25121.352,psid,0,0,1,441.0,9261.0,169.0,245678476.649956,253888245.044641,203763.742
0.0,21.0,12.0,1.0,0.0,1.0,0.0,15674.134,16112.903,11821.813,psid,0,0,1,441.0,9261.0,144.0,245678476.649956,259625643.08740902,188089.608
0.0,23.0,12.0,1.0,0.0,1.0,0.0,15674.134,16202.419,19210.445,psid,0,0,1,529.0,12167.0,144.0,245678476.649956,262518381.451561,188089.608
0.0,26.0,12.0,0.0,0.0,1.0,0.0,15674.134,16470.968,35022.12,psid,0,0,1,676.0,17576.0,144.0,245678476.649956,271292786.857024,188089.608
0.0,28.0,14.0,0.0,0.0,1.0,0.0,15674.134,16757.419,16254.992,psid,0,0,1,784.0,21952.0,196.0,245678476.649956,280811091.54156107,219437.876
0.0,26.0,17.0,0.0,0.0,1.0,0.0,15674.134,16829.032,19210.445,psid,0,0,1,676.0,17576.0,289.0,245678476.649956,283216318.057024,266460.278
0.0,20.0,14.0,0.0,0.0,0.0,0.0,15674.134,17008.065,26599.078,psid,0,0,1,400.0,8000.0,196.0,245678476.649956,289274275.044225,219437.876
0.0,26.0,12.0,1.0,0.0,1.0,0.0,15674.134,17983.79,20688.172,psid,0,0,1,676.0,17576.0,144.0,245678476.649956,323416702.7641,188089.608
0.0,21.0,12.0,1.0,0.0,1.0,0.0,15674.134,19693.548,19210.445,psid,0,0,1,441.0,9261.0,144.0,245678476.649956,387835832.82830393,188089.608
0.0,41.0,12.0,0.0,0.0,1.0,0.0,15674.134,19693.548,32509.985,psid,0,0,1,1681.0,68921.0,144.0,245678476.649956,387835832.82830393,188089.608
0.0,28.0,16.0,0.0,0.0,1.0,0.0,15674.134,19693.548,28815.668,psid,0,0,1,784.0,21952.0,256.0,245678476.649956,387835832.82830393,250786.144
0.0,23.0,16.0,0.0,0.0,0.0,0.0,15674.134,21483.871,26599.078,psid,0,0,1,529.0,12167.0,256.0,245678476.649956,461556713.144641,250786.144
0.0,22.0,12.0,0.0,0.0,1.0,0.0,15674.134,22916.129,31771.121,psid,0,0,1,484.0,10648.0,144.0,245678476.649956,525148968.34464103,188089.608
0.0,27.0,14.0,0.0,1.0,0.0,0.0,15674.134,23274.194,27337.942,psid,0,0,1,729.0,19683.0,196.0,245678476.649956,541688106.349636,219437.876
0.0,26.0,16.0,0.0,0.0,1.0,0.0,15674.134,23274.194,29554.531,psid,0,0,1,676.0,17576.0,256.0,245678476.649956,541688106.349636,250786.144
0.0,54.0,12.0,0.0,0.0,1.0,0.0,15674.134,25064.516,0.0,psid,0,0,0,2916.0,157464.0,144.0,245678476.649956,628229962.314256,188089.608
0.0,54.0,12.0,0.0,0.0,1.0,0.0,15674.134,25064.516,0.0,psid,0,0,0,2916.0,157464.0,144.0,245678476.649956,628229962.314256,188089.608
0.0,54.0,12.0,1.0,0.0,0.0,0.0,15674.134,25064.516,20688.172,psid,0,0,1,2916.0,157464.0,144.0,245678476.649956,628229962.314256,188089.608
0.0,37.0,16.0,0.0,0.0,0.0,0.0,15674.134,26854.839,29258.986,psid,0,0,1,1369.0,50653.0,256.0,245678476.649956,721182377.715921,250786.144
0.0,32.0,13.0,0.0,0.0,1.0,0.0,15674.134,30435.484,22018.126,psid,0,0,1,1024.0,32768.0,169.0,245678476.649956,926318686.3142561,203763.742
0.0,29.0,12.0,0.0,0.0,1.0,0.0,15678.053,17487.871,10196.313,psid,0,0,1,841.0,24389.0,144.0,245801345.870809,305825632.112641,188136.636
0.0,22.0,13.0,0.0,0.0,1.0,0.0,15870.061,15826.452,35465.438,psid,0,0,1,484.0,10648.0,169.0,251858836.14372098,250476582.90830398,206310.793
0.0,23.0,12.0,1.0,0.0,1.0,0.0,15870.061,30435.484,27781.26,psid,0,0,1,529.0,12167.0,144.0,251858836.14372098,926318686.3142561,190440.732
0.0,36.0,12.0,0.0,0.0,1.0,0.0,15873.98,12727.403,17444.562,psid,0,0,1,1296.0,46656.0,144.0,251983241.0404,161986787.12440902,190487.76
0.0,21.0,13.0,0.0,0.0,1.0,0.0,15960.187,21483.871,14777.266,psid,0,0,1,441.0,9261.0,169.0,254727569.074969,461556713.144641,207482.431
0.0,21.0,12.0,0.0,0.0,1.0,0.0,15987.617,16291.935,14481.72,psid,0,0,1,441.0,9261.0,144.0,255603897.338689,265427146.04422498,191851.404
0.0,26.0,12.0,1.0,0.0,1.0,0.0,15987.617,17903.226,19505.991,psid,0,0,1,676.0,17576.0,144.0,255603897.338689,320525501.20707595,191851.404
0.0,28.0,12.0,1.0,0.0,1.0,0.0,15987.617,19693.548,13299.539,psid,0,0,1,784.0,21952.0,144.0,255603897.338689,387835832.82830393,191851.404
0.0,43.0,12.0,0.0,0.0,1.0,0.0,15989.576,14322.581,14777.266,psid,0,0,1,1849.0,79507.0,144.0,255666540.65977597,205136326.50156102,191874.91199999998
0.0,27.0,12.0,1.0,0.0,1.0,0.0,16011.128,16112.903,20460.602,psid,0,0,1,729.0,19683.0,144.0,256356219.83238402,259625643.08740902,192133.53600000002
0.0,36.0,17.0,0.0,0.0,0.0,0.0,16015.047,30793.548,29584.086,psid,0,0,1,1296.0,46656.0,289.0,256481730.412209,948242598.428304,272255.799
0.0,23.0,12.0,0.0,0.0,1.0,0.0,16065.988,4833.871,25564.67,psid,0,0,1,529.0,12167.0,144.0,258115970.41614398,23366308.844641,192791.856
0.0,31.0,12.0,0.0,0.0,1.0,0.0,16065.988,15038.71,17732.719,psid,0,0,1,961.0,29791.0,144.0,258115970.41614398,226162798.46409997,192791.856
0.0,25.0,14.0,0.0,0.0,1.0,0.0,16065.988,15217.742,18471.582,psid,0,0,1,625.0,15625.0,196.0,258115970.41614398,231579671.57856402,224923.832
0.0,35.0,12.0,1.0,0.0,1.0,0.0,16065.988,16086.048,19210.445,psid,0,0,1,1225.0,42875.0,144.0,258115970.41614398,258760940.25830403,192791.856
0.0,23.0,16.0,0.0,0.0,1.0,0.0,16065.988,16829.032,20688.172,psid,0,0,1,529.0,12167.0,256.0,258115970.41614398,283216318.057024,257055.808
0.0,21.0,12.0,0.0,0.0,1.0,0.0,16065.988,20588.71,28815.668,psid,0,0,1,441.0,9261.0,144.0,258115970.41614398,423894979.46409994,192791.856
0.0,22.0,12.0,0.0,0.0,0.0,0.0,16230.566,9846.7742,2955.4531,psid,0,0,1,484.0,10648.0,144.0,263431272.68035603,96958962.14578563,194766.79200000002
0.0,36.0,12.0,1.0,0.0,1.0,0.0,16261.914,21304.839,22165.899,psid,0,0,1,1296.0,46656.0,144.0,264449846.94339603,453896164.815921,195142.968
0.0,21.0,12.0,0.0,0.0,1.0,0.0,16306.978,18529.839,11969.585,psid,0,0,1,441.0,9261.0,144.0,265917531.49248397,343354933.365921,195683.73599999998
0.0,28.0,12.0,0.0,0.0,1.0,0.0,16393.185,13298.516,0.0,psid,0,0,0,784.0,21952.0,144.0,268736514.444225,176850527.802256,196718.22000000003
0.0,24.0,12.0,0.0,1.0,1.0,0.0,16457.841,8951.6129,21870.353,psid,0,0,1,576.0,13824.0,144.0,270860530.381281,80131373.51144642,197494.092
0.0,30.0,12.0,0.0,0.0,0.0,0.0,16457.841,14680.645,15146.697,psid,0,0,1,900.0,27000.0,144.0,270860530.381281,215521337.616025,197494.092
0.0,44.0,12.0,0.0,0.0,1.0,0.0,16457.841,16112.903,17289.401,psid,0,0,1,1936.0,85184.0,144.0,270860530.381281,259625643.08740902,197494.092
0.0,30.0,12.0,0.0,0.0,1.0,0.0,16457.841,16650.0,19949.309,psid,0,0,1,900.0,27000.0,144.0,270860530.381281,277222500.0,197494.092
0.0,34.0,12.0,0.0,0.0,1.0,0.0,16457.841,16829.032,20688.172,psid,0,0,1,1156.0,39304.0,144.0,270860530.381281,283216318.057024,197494.092
0.0,26.0,16.0,0.0,0.0,1.0,0.0,16457.841,21483.871,40637.481,psid,0,0,1,676.0,17576.0,256.0,270860530.381281,461556713.144641,263325.456
0.0,23.0,16.0,0.0,0.0,1.0,0.0,16457.841,21483.871,18471.582,psid,0,0,1,529.0,12167.0,256.0,270860530.381281,461556713.144641,263325.456
0.0,20.0,12.0,0.0,0.0,0.0,0.0,16497.026,19604.032,19653.763,psid,0,0,1,400.0,8000.0,144.0,272151866.8446761,384318070.65702397,197964.31200000003
0.0,26.0,13.0,0.0,0.0,0.0,0.0,16653.768,3580.6452,8866.3594,psid,0,0,1,676.0,17576.0,169.0,277347988.597824,12821020.048283039,216498.984
0.0,21.0,12.0,1.0,0.0,1.0,0.0,16653.768,9846.7742,7388.6329,psid,0,0,1,441.0,9261.0,144.0,277347988.597824,96958962.14578563,199845.21600000001
0.0,25.0,12.0,0.0,0.0,1.0,0.0,16653.768,12181.355,17732.719,psid,0,0,1,625.0,15625.0,144.0,277347988.597824,148385409.63602498,199845.21600000001
0.0,23.0,15.0,0.0,0.0,1.0,0.0,16653.768,13427.419,16993.856,psid,0,0,1,529.0,12167.0,225.0,277347988.597824,180295581.001561,249806.52
0.0,25.0,12.0,1.0,0.0,0.0,0.0,16653.768,14859.677,22904.762,psid,0,0,1,625.0,15625.0,144.0,277347988.597824,220810000.544329,199845.21600000001
0.0,28.0,16.0,0.0,0.0,1.0,0.0,16653.768,15396.774,17437.174,psid,0,0,1,784.0,21952.0,256.0,277347988.597824,237060649.607076,266460.288
0.0,38.0,14.0,0.0,0.0,1.0,0.0,16653.768,16112.903,19505.991,psid,0,0,1,1444.0,54872.0,196.0,277347988.597824,259625643.08740902,233152.752
0.0,29.0,17.0,0.0,0.0,1.0,0.0,16653.768,16112.903,17732.719,psid,0,0,1,841.0,24389.0,289.0,277347988.597824,259625643.08740902,283114.056
0.0,24.0,17.0,0.0,0.0,1.0,0.0,16653.768,16650.0,20688.172,psid,0,0,1,576.0,13824.0,289.0,277347988.597824,277222500.0,283114.056
0.0,25.0,16.0,1.0,0.0,1.0,0.0,16653.768,17008.065,21870.353,psid,0,0,1,625.0,15625.0,256.0,277347988.597824,289274275.044225,266460.288
0.0,55.0,12.0,0.0,0.0,1.0,0.0,16653.768,17545.161,16254.992,psid,0,0,1,3025.0,166375.0,144.0,277347988.597824,307832674.515921,199845.21600000001
0.0,30.0,14.0,0.0,0.0,1.0,0.0,16653.768,17545.161,0.0,psid,0,0,0,900.0,27000.0,196.0,277347988.597824,307832674.515921,233152.752
0.0,21.0,12.0,0.0,0.0,0.0,0.0,16653.768,17903.226,19210.445,psid,0,0,1,441.0,9261.0,144.0,277347988.597824,320525501.20707595,199845.21600000001
0.0,26.0,12.0,0.0,0.0,1.0,0.0,16653.768,17903.226,17732.719,psid,0,0,1,676.0,17576.0,144.0,277347988.597824,320525501.20707595,199845.21600000001
0.0,34.0,12.0,0.0,0.0,1.0,0.0,16653.768,19532.419,16254.992,psid,0,0,1,1156.0,39304.0,144.0,277347988.597824,381515391.99156106,199845.21600000001
0.0,22.0,12.0,0.0,0.0,1.0,0.0,16653.768,19693.548,26007.988,psid,0,0,1,484.0,10648.0,144.0,277347988.597824,387835832.82830393,199845.21600000001
0.0,22.0,16.0,0.0,0.0,0.0,0.0,16653.768,22737.097,37682.028,psid,0,0,1,484.0,10648.0,256.0,277347988.597824,516975579.98740906,266460.288
0.0,27.0,15.0,0.0,0.0,0.0,0.0,16653.768,23274.194,23643.625,psid,0,0,1,729.0,19683.0,225.0,277347988.597824,541688106.349636,249806.52
0.0,26.0,12.0,0.0,0.0,0.0,0.0,16653.768,23274.194,2955.4531,psid,0,0,1,676.0,17576.0,144.0,277347988.597824,541688106.349636,199845.21600000001
0.0,26.0,16.0,0.0,0.0,1.0,0.0,16653.768,24706.452,29554.531,psid,0,0,1,676.0,17576.0,256.0,277347988.597824,610408770.4283041,266460.288
0.0,24.0,14.0,1.0,0.0,1.0,0.0,16653.768,28466.129,40637.481,psid,0,0,1,576.0,13824.0,196.0,277347988.597824,810320500.2446411,233152.752
0.0,26.0,14.0,1.0,0.0,0.0,0.0,16667.483,21483.871,28815.668,psid,0,0,1,676.0,17576.0,196.0,277804989.55528903,461556713.144641,233344.762
0.0,23.0,12.0,1.0,0.0,1.0,0.0,16708.627,10491.29,7565.9601,psid,0,0,1,529.0,12167.0,144.0,279178216.225129,110067165.86410002,200503.524
0.0,28.0,14.0,0.0,0.0,0.0,0.0,16849.695,12174.194,1921.0445,psid,0,0,1,784.0,21952.0,196.0,283912221.59302497,148210999.54963598,235895.72999999998
0.0,21.0,12.0,0.0,0.0,1.0,0.0,16849.695,15396.774,0.0,psid,0,0,0,441.0,9261.0,144.0,283912221.59302497,237060649.607076,202196.34
0.0,30.0,12.0,0.0,0.0,1.0,0.0,16849.695,17366.129,18978.442,psid,0,0,1,900.0,27000.0,144.0,283912221.59302497,301582436.44464105,202196.34
0.0,24.0,12.0,0.0,0.0,1.0,0.0,16849.695,18619.355,25121.352,psid,0,0,1,576.0,13824.0,144.0,283912221.59302497,346680380.616025,202196.34
0.0,51.0,12.0,0.0,0.0,1.0,0.0,16849.695,19693.548,17732.719,psid,0,0,1,2601.0,132651.0,144.0,283912221.59302497,387835832.82830393,202196.34
0.0,21.0,14.0,0.0,0.0,0.0,0.0,16849.695,19693.548,35465.438,psid,0,0,1,441.0,9261.0,196.0,283912221.59302497,387835832.82830393,235895.72999999998
0.0,22.0,14.0,1.0,0.0,1.0,0.0,16849.695,21125.806,24086.943,psid,0,0,1,484.0,10648.0,196.0,283912221.59302497,446299679.14963603,235895.72999999998
0.0,24.0,12.0,0.0,0.0,1.0,0.0,16884.961,9311.4677,23080.611,psid,0,0,1,576.0,13824.0,144.0,285101907.97152096,86703430.72814327,202619.532
0.0,23.0,15.0,0.0,0.0,1.0,0.0,16955.495,20844.726,25514.427,psid,0,0,1,529.0,12167.0,225.0,287488810.69502497,434502602.0150759,254332.425
0.0,26.0,14.0,0.0,0.0,1.0,0.0,17045.621,25064.516,38716.436,psid,0,0,1,676.0,17576.0,196.0,290553195.27564096,628229962.314256,238638.694
0.0,45.0,12.0,0.0,0.0,1.0,0.0,17104.399,16381.452,18176.037,psid,0,0,1,2025.0,91125.0,144.0,292560465.15120107,268351969.62830397,205252.788
0.0,46.0,13.0,0.0,0.0,1.0,0.0,17241.548,15754.839,14777.266,psid,0,0,1,2116.0,97336.0,169.0,297270977.436304,248214951.915921,224140.12399999998
0.0,29.0,12.0,0.0,0.0,1.0,0.0,17241.548,19686.387,33544.393,psid,0,0,1,841.0,24389.0,144.0,297270977.436304,387553833.11376894,206898.576
0.0,26.0,14.0,0.0,0.0,1.0,0.0,17241.548,20588.71,24530.261,psid,0,0,1,676.0,17576.0,196.0,297270977.436304,423894979.46409994,241381.672
0.0,27.0,16.0,0.0,0.0,1.0,0.0,17241.548,24885.484,22165.899,psid,0,0,1,729.0,19683.0,256.0,297270977.436304,619287313.914256,275864.768
0.0,26.0,14.0,0.0,0.0,1.0,0.0,17437.475,7161.2903,14771.355,psid,0,0,1,676.0,17576.0,196.0,304065534.37562495,51284078.760874085,244124.64999999997
0.0,20.0,15.0,0.0,0.0,1.0,0.0,17437.475,8056.4516,18471.582,psid,0,0,1,400.0,8000.0,225.0,304065534.37562495,64906412.38314257,261562.12499999997
0.0,23.0,12.0,0.0,0.0,1.0,0.0,17437.475,12532.258,21427.035,psid,0,0,1,529.0,12167.0,144.0,304065534.37562495,157057490.578564,209249.69999999998
0.0,30.0,16.0,0.0,0.0,1.0,0.0,17437.475,17867.419,15516.129,psid,0,0,1,900.0,27000.0,256.0,304065534.37562495,319244661.7215611,278999.6
0.0,24.0,12.0,0.0,0.0,1.0,0.0,17437.475,22379.032,16254.992,psid,0,0,1,576.0,13824.0,144.0,304065534.37562495,500821073.257024,209249.69999999998
0.0,23.0,12.0,0.0,0.0,1.0,0.0,17633.401,0.0,23643.625,psid,0,1,1,529.0,12167.0,144.0,310936830.82680106,0.0,211600.81200000003
0.0,34.0,12.0,0.0,0.0,1.0,0.0,17633.401,0.0,0.0,psid,0,1,0,1156.0,39304.0,144.0,310936830.82680106,0.0,211600.81200000003
0.0,24.0,12.0,0.0,1.0,1.0,0.0,17633.401,4848.1935,22165.899,psid,0,0,1,576.0,13824.0,144.0,310936830.82680106,23504980.213442255,211600.81200000003
0.0,43.0,12.0,1.0,0.0,1.0,0.0,17633.401,10741.935,21858.531,psid,0,0,1,1849.0,79507.0,144.0,310936830.82680106,115389167.54422499,211600.81200000003
0.0,28.0,14.0,1.0,0.0,1.0,0.0,17633.401,12532.258,16254.992,psid,0,0,1,784.0,21952.0,196.0,310936830.82680106,157057490.578564,246867.61400000003
0.0,20.0,12.0,0.0,0.0,1.0,0.0,17633.401,15217.742,28815.668,psid,0,0,1,400.0,8000.0,144.0,310936830.82680106,231579671.57856402,211600.81200000003
0.0,23.0,12.0,1.0,0.0,1.0,0.0,17633.401,15217.742,15516.129,psid,0,0,1,529.0,12167.0,144.0,310936830.82680106,231579671.57856402,211600.81200000003
0.0,27.0,14.0,1.0,0.0,1.0,0.0,17633.401,16112.903,26599.078,psid,0,0,1,729.0,19683.0,196.0,310936830.82680106,259625643.08740902,246867.61400000003
0.0,53.0,12.0,0.0,0.0,1.0,0.0,17633.401,16112.903,19210.445,psid,0,0,1,2809.0,148877.0,144.0,310936830.82680106,259625643.08740902,211600.81200000003
0.0,28.0,16.0,0.0,0.0,1.0,0.0,17633.401,16112.903,22165.899,psid,0,0,1,784.0,21952.0,256.0,310936830.82680106,259625643.08740902,282134.416
0.0,26.0,12.0,0.0,0.0,1.0,0.0,17633.401,16112.903,25121.352,psid,0,0,1,676.0,17576.0,144.0,310936830.82680106,259625643.08740902,211600.81200000003
0.0,25.0,15.0,0.0,0.0,1.0,0.0,17633.401,16112.903,18619.355,psid,0,0,1,625.0,15625.0,225.0,310936830.82680106,259625643.08740902,264501.015
0.0,29.0,14.0,0.0,0.0,1.0,0.0,17633.401,17187.097,19699.573,psid,0,0,1,841.0,24389.0,196.0,310936830.82680106,295396303.28740907,246867.61400000003
0.0,26.0,12.0,1.0,0.0,1.0,0.0,17633.401,17416.258,23643.625,psid,0,0,1,676.0,17576.0,144.0,310936830.82680106,303326042.72256404,211600.81200000003
0.0,55.0,16.0,0.0,0.0,1.0,0.0,17633.401,17903.226,22165.899,psid,0,0,1,3025.0,166375.0,256.0,310936830.82680106,320525501.20707595,282134.416
0.0,22.0,12.0,0.0,1.0,1.0,0.0,17633.401,17903.226,14777.266,psid,0,0,1,484.0,10648.0,144.0,310936830.82680106,320525501.20707595,211600.81200000003
0.0,33.0,12.0,0.0,0.0,1.0,0.0,17633.401,17903.226,15811.674,psid,0,0,1,1089.0,35937.0,144.0,310936830.82680106,320525501.20707595,211600.81200000003
0.0,34.0,14.0,0.0,1.0,1.0,0.0,17633.401,17903.226,8866.3594,psid,0,0,1,1156.0,39304.0,196.0,310936830.82680106,320525501.20707595,246867.61400000003
0.0,24.0,12.0,0.0,0.0,1.0,0.0,17633.401,18440.323,19949.309,psid,0,0,1,576.0,13824.0,144.0,310936830.82680106,340045512.344329,211600.81200000003
0.0,24.0,12.0,0.0,0.0,1.0,0.0,17633.401,18750.048,32509.985,psid,0,0,1,576.0,13824.0,144.0,310936830.82680106,351564300.00230396,211600.81200000003
0.0,26.0,12.0,1.0,0.0,1.0,0.0,17633.401,18798.387,18471.582,psid,0,0,1,676.0,17576.0,144.0,310936830.82680106,353379353.80176896,211600.81200000003
0.0,45.0,12.0,0.0,0.0,1.0,0.0,17633.401,18798.387,19949.309,psid,0,0,1,2025.0,91125.0,144.0,310936830.82680106,353379353.80176896,211600.81200000003
0.0,22.0,12.0,0.0,0.0,1.0,0.0,17633.401,19693.548,23643.625,psid,0,0,1,484.0,10648.0,144.0,310936830.82680106,387835832.82830393,211600.81200000003
0.0,55.0,14.0,0.0,0.0,1.0,0.0,17633.401,19693.548,2068.8172,psid,0,0,1,3025.0,166375.0,196.0,310936830.82680106,387835832.82830393,246867.61400000003
0.0,24.0,12.0,0.0,0.0,1.0,0.0,17633.401,19693.548,11526.267,psid,0,0,1,576.0,13824.0,144.0,310936830.82680106,387835832.82830393,211600.81200000003
0.0,23.0,12.0,0.0,0.0,1.0,0.0,17633.401,21546.532,4433.1797,psid,0,0,1,529.0,12167.0,144.0,310936830.82680106,464253041.22702396,211600.81200000003
0.0,24.0,13.0,1.0,0.0,0.0,0.0,17633.401,25064.516,22165.899,psid,0,0,1,576.0,13824.0,169.0,310936830.82680106,628229962.314256,229234.21300000002
0.0,31.0,13.0,0.0,0.0,1.0,0.0,17633.401,25064.516,23643.625,psid,0,0,1,961.0,29791.0,169.0,310936830.82680106,628229962.314256,229234.21300000002
0.0,43.0,12.0,0.0,0.0,1.0,0.0,17633.401,26854.839,28076.805,psid,0,0,1,1849.0,79507.0,144.0,310936830.82680106,721182377.715921,211600.81200000003
0.0,43.0,12.0,0.0,0.0,1.0,0.0,17633.401,26854.839,28076.805,psid,0,0,1,1849.0,79507.0,144.0,310936830.82680106,721182377.715921,211600.81200000003
0.0,23.0,12.0,1.0,0.0,1.0,0.0,17672.587,14322.581,12294.685,psid,0,0,1,529.0,12167.0,144.0,312320331.272569,205136326.50156102,212071.044
0.0,22.0,12.0,0.0,0.0,1.0,0.0,17703.935,12532.258,20688.172,psid,0,0,1,484.0,10648.0,144.0,313429314.48422503,157057490.578564,212447.22000000003
0.0,30.0,12.0,1.0,0.0,1.0,0.0,17760.754,17366.129,19210.445,psid,0,0,1,900.0,27000.0,144.0,315444382.648516,301582436.44464105,213129.048
0.0,28.0,12.0,0.0,0.0,0.0,0.0,17829.328,5012.9032,16240.215,psid,0,0,1,784.0,21952.0,144.0,317884936.93158406,25129198.492570236,213951.93600000002
0.0,28.0,12.0,0.0,0.0,1.0,0.0,17829.328,11100.0,20688.172,psid,0,0,1,784.0,21952.0,144.0,317884936.93158406,123210000.0,213951.93600000002
0.0,21.0,12.0,0.0,0.0,0.0,0.0,17829.328,12945.823,26599.078,psid,0,0,1,441.0,9261.0,144.0,317884936.93158406,167594333.147329,213951.93600000002
0.0,28.0,13.0,0.0,0.0,1.0,0.0,17876.35,15396.774,22452.578,psid,0,0,1,784.0,21952.0,169.0,319563889.32249993,237060649.607076,232392.55
0.0,25.0,14.0,0.0,0.0,1.0,0.0,17939.047,14322.581,9974.6544,psid,0,0,1,625.0,15625.0,196.0,321809407.268209,205136326.50156102,251146.658
0.0,54.0,12.0,0.0,0.0,1.0,0.0,18025.255,18798.387,23643.625,psid,0,0,1,2916.0,157464.0,144.0,324909817.81502503,353379353.80176896,216303.06
0.0,26.0,16.0,0.0,0.0,1.0,0.0,18025.255,19872.581,20983.717,psid,0,0,1,676.0,17576.0,256.0,324909817.81502503,394919475.60156095,288404.08
0.0,26.0,16.0,0.0,0.0,1.0,0.0,18025.255,23274.194,28076.805,psid,0,0,1,676.0,17576.0,256.0,324909817.81502503,541688106.349636,288404.08
0.0,49.0,13.0,0.0,0.0,1.0,0.0,18221.181,17903.226,17732.719,psid,0,0,1,2401.0,117649.0,169.0,332011437.034761,320525501.20707595,236875.353
0.0,21.0,13.0,1.0,0.0,0.0,0.0,18221.181,21125.806,21870.353,psid,0,0,1,441.0,9261.0,169.0,332011437.034761,446299679.14963603,236875.353
0.0,26.0,16.0,0.0,0.0,1.0,0.0,18221.181,22379.032,18471.582,psid,0,0,1,676.0,17576.0,256.0,332011437.034761,500821073.257024,291538.896
0.0,30.0,12.0,1.0,0.0,1.0,0.0,18338.737,25422.581,22165.899,psid,0,0,1,900.0,27000.0,144.0,336309274.75516903,646307624.7015609,220064.844
0.0,21.0,13.0,0.0,0.0,1.0,0.0,18417.108,8951.6129,27337.942,psid,0,0,1,441.0,9261.0,169.0,339189867.083664,80131373.51144642,239422.404
0.0,33.0,12.0,0.0,0.0,1.0,0.0,18417.108,12890.323,20688.172,psid,0,0,1,1089.0,35937.0,144.0,339189867.083664,166160427.04432902,221005.296
0.0,33.0,12.0,0.0,0.0,1.0,0.0,18417.108,14412.097,20688.172,psid,0,0,1,1089.0,35937.0,144.0,339189867.083664,207708539.93740898,221005.296
0.0,40.0,12.0,0.0,0.0,1.0,0.0,18417.108,17545.161,17289.401,psid,0,0,1,1600.0,64000.0,144.0,339189867.083664,307832674.515921,221005.296
0.0,27.0,16.0,0.0,0.0,1.0,0.0,18417.108,18798.387,25860.215,psid,0,0,1,729.0,19683.0,256.0,339189867.083664,353379353.80176896,294673.728
0.0,21.0,12.0,0.0,0.0,1.0,0.0,18417.108,19693.548,28224.578,psid,0,0,1,441.0,9261.0,144.0,339189867.083664,387835832.82830393,221005.296
0.0,31.0,12.0,0.0,0.0,1.0,0.0,18593.442,14814.919,16254.992,psid,0,0,1,961.0,29791.0,144.0,345716085.40736395,219481824.976561,223121.304
0.0,27.0,14.0,1.0,0.0,1.0,0.0,18613.035,0.0,13299.539,psid,0,1,1,729.0,19683.0,196.0,346445071.911225,0.0,260582.49
0.0,47.0,17.0,0.0,0.0,1.0,0.0,18613.035,10025.806,35465.438,psid,0,0,1,2209.0,103823.0,289.0,346445071.911225,100516785.94963601,316421.595
0.0,32.0,12.0,1.0,0.0,1.0,0.0,18613.035,16112.903,17732.719,psid,0,0,1,1024.0,32768.0,144.0,346445071.911225,259625643.08740902,223356.41999999998
0.0,28.0,12.0,1.0,0.0,0.0,0.0,18613.035,17008.065,19949.309,psid,0,0,1,784.0,21952.0,144.0,346445071.911225,289274275.044225,223356.41999999998
0.0,35.0,14.0,0.0,0.0,1.0,0.0,18613.035,19693.548,22424.501,psid,0,0,1,1225.0,42875.0,196.0,346445071.911225,387835832.82830393,260582.49
0.0,26.0,14.0,0.0,0.0,1.0,0.0,18613.035,19693.548,28076.805,psid,0,0,1,676.0,17576.0,196.0,346445071.911225,387835832.82830393,260582.49
0.0,37.0,12.0,0.0,0.0,1.0,0.0,18613.035,21483.871,23052.535,psid,0,0,1,1369.0,50653.0,144.0,346445071.911225,461556713.144641,223356.41999999998
0.0,23.0,12.0,0.0,0.0,0.0,0.0,18613.035,23274.194,32953.303,psid,0,0,1,529.0,12167.0,144.0,346445071.911225,541688106.349636,223356.41999999998
0.0,44.0,12.0,1.0,0.0,1.0,0.0,18613.035,23632.258,19210.445,psid,0,0,1,1936.0,85184.0,144.0,346445071.911225,558483618.1785641,223356.41999999998
0.0,44.0,12.0,1.0,0.0,1.0,0.0,18613.035,23632.258,19210.445,psid,0,0,1,1936.0,85184.0,144.0,346445071.911225,558483618.1785641,223356.41999999998
0.0,36.0,12.0,1.0,0.0,1.0,0.0,18613.035,25064.516,33692.166,psid,0,0,1,1296.0,46656.0,144.0,346445071.911225,628229962.314256,223356.41999999998
0.0,26.0,12.0,0.0,0.0,1.0,0.0,18677.69,18261.29,24973.579,psid,0,0,1,676.0,17576.0,144.0,348856103.73609996,333474712.4641,224132.27999999997
0.0,23.0,14.0,0.0,0.0,1.0,0.0,18722.754,21662.903,28076.805,psid,0,0,1,529.0,12167.0,196.0,350541517.34451604,469281366.3874089,262118.556
0.0,32.0,13.0,1.0,0.0,1.0,0.0,18808.961,14143.548,26599.078,psid,0,0,1,1024.0,32768.0,169.0,353777013.899521,200039950.028304,244516.493
0.0,33.0,12.0,0.0,0.0,0.0,0.0,18808.961,16028.758,17502.194,psid,0,0,1,1089.0,35937.0,144.0,353777013.899521,256921083.022564,225707.532
0.0,37.0,12.0,1.0,0.0,1.0,0.0,18808.961,16112.903,32509.985,psid,0,0,1,1369.0,50653.0,144.0,353777013.899521,259625643.08740902,225707.532
0.0,27.0,12.0,0.0,0.0,1.0,0.0,18808.961,17187.097,19505.991,psid,0,0,1,729.0,19683.0,144.0,353777013.899521,295396303.28740907,225707.532
0.0,43.0,12.0,0.0,0.0,1.0,0.0,18808.961,17903.226,26155.76,psid,0,0,1,1849.0,79507.0,144.0,353777013.899521,320525501.20707595,225707.532
0.0,27.0,16.0,0.0,0.0,1.0,0.0,18808.961,17903.226,18471.582,psid,0,0,1,729.0,19683.0,256.0,353777013.899521,320525501.20707595,300943.376
0.0,24.0,12.0,0.0,0.0,1.0,0.0,18808.961,17903.226,18323.81,psid,0,0,1,576.0,13824.0,144.0,353777013.899521,320525501.20707595,225707.532
0.0,24.0,12.0,0.0,0.0,1.0,0.0,18808.961,18798.387,23052.535,psid,0,0,1,576.0,13824.0,144.0,353777013.899521,353379353.80176896,225707.532
0.0,34.0,12.0,1.0,0.0,0.0,0.0,18848.147,30435.484,12560.676,psid,0,0,1,1156.0,39304.0,144.0,355252645.33360904,926318686.3142561,226177.76400000002
0.0,42.0,12.0,0.0,0.0,1.0,0.0,18879.495,17008.065,19210.445,psid,0,0,1,1764.0,74088.0,144.0,356435331.45502496,289274275.044225,226553.94
0.0,24.0,13.0,1.0,0.0,1.0,0.0,18881.454,16112.903,12560.676,psid,0,0,1,576.0,13824.0,169.0,356509305.15411603,259625643.08740902,245458.90200000003
0.0,27.0,12.0,0.0,0.0,1.0,0.0,18924.558,11995.161,22165.899,psid,0,0,1,729.0,19683.0,144.0,358138895.495364,143883887.415921,227094.696
0.0,23.0,12.0,1.0,0.0,1.0,0.0,19004.888,13427.419,13299.539,psid,0,0,1,529.0,12167.0,144.0,361185767.892544,180295581.001561,228058.656
0.0,26.0,16.0,0.0,0.0,1.0,0.0,19004.888,16112.903,26599.078,psid,0,0,1,676.0,17576.0,256.0,361185767.892544,259625643.08740902,304078.208
0.0,27.0,12.0,1.0,0.0,1.0,0.0,19004.888,19693.548,19210.445,psid,0,0,1,729.0,19683.0,144.0,361185767.892544,387835832.82830393,228058.656
0.0,37.0,12.0,1.0,0.0,1.0,0.0,19004.888,25959.677,25860.215,psid,0,0,1,1369.0,50653.0,144.0,361185767.892544,673904829.944329,228058.656
0.0,37.0,12.0,0.0,0.0,1.0,0.0,19016.644,20893.065,16993.856,psid,0,0,1,1369.0,50653.0,144.0,361632749.022736,436520165.09422493,228199.728
0.0,26.0,12.0,0.0,1.0,1.0,0.0,19055.829,0.0,13299.539,psid,0,1,1,676.0,17576.0,144.0,363124618.8772411,0.0,228669.94800000003
0.0,23.0,12.0,0.0,0.0,1.0,0.0,19096.974,20683.597,16993.856,psid,0,0,1,529.0,12167.0,144.0,364694415.95667595,427811184.85840905,229163.68799999997
0.0,26.0,13.0,0.0,0.0,1.0,0.0,19200.815,14680.645,18471.582,psid,0,0,1,676.0,17576.0,169.0,368671296.6642249,215521337.616025,249610.59499999997
0.0,27.0,16.0,0.0,0.0,1.0,0.0,19200.815,17688.387,0.0,psid,0,0,0,729.0,19683.0,256.0,368671296.6642249,312879034.661769,307213.04
0.0,27.0,12.0,0.0,0.0,0.0,0.0,19200.815,19514.516,23643.625,psid,0,0,1,729.0,19683.0,144.0,368671296.6642249,380816334.714256,230409.77999999997
0.0,29.0,14.0,0.0,0.0,1.0,0.0,19200.815,21483.871,23052.535,psid,0,0,1,841.0,24389.0,196.0,368671296.6642249,461556713.144641,268811.41
0.0,25.0,16.0,0.0,0.0,1.0,0.0,19200.815,22558.065,33396.621,psid,0,0,1,625.0,15625.0,256.0,368671296.6642249,508866296.5442249,307213.04
0.0,26.0,12.0,0.0,0.0,1.0,0.0,19263.511,13024.597,24627.791,psid,0,0,1,676.0,17576.0,144.0,371082856.0471209,169640127.012409,231162.13199999998
0.0,22.0,14.0,0.0,0.0,1.0,0.0,19279.185,17616.774,17289.401,psid,0,0,1,484.0,10648.0,196.0,371686974.26422507,310350726.16707605,269908.59
0.0,28.0,12.0,0.0,0.0,1.0,0.0,19298.778,0.0,29554.531,psid,0,1,1,784.0,21952.0,144.0,372442832.29328394,0.0,231585.33599999998
0.0,46.0,12.0,0.0,0.0,1.0,0.0,19394.782,19201.21,20431.048,psid,0,0,1,2116.0,97336.0,144.0,376157568.82752395,368686465.46409994,232737.384
0.0,33.0,17.0,0.0,0.0,0.0,0.0,19396.741,0.0,1539.7911,psid,0,1,1,1089.0,35937.0,289.0,376233561.42108107,0.0,329744.597
0.0,23.0,12.0,0.0,0.0,1.0,0.0,19396.741,12532.258,25121.352,psid,0,0,1,529.0,12167.0,144.0,376233561.42108107,157057490.578564,232760.89200000002
0.0,23.0,12.0,0.0,0.0,1.0,0.0,19396.741,12532.258,0.0,psid,0,0,0,529.0,12167.0,144.0,376233561.42108107,157057490.578564,232760.89200000002
0.0,23.0,13.0,0.0,0.0,1.0,0.0,19396.741,17903.226,31032.258,psid,0,0,1,529.0,12167.0,169.0,376233561.42108107,320525501.20707595,252157.63300000003
0.0,26.0,16.0,0.0,0.0,1.0,0.0,19396.741,25780.645,25564.67,psid,0,0,1,676.0,17576.0,256.0,376233561.42108107,664641656.616025,310347.856
0.0,24.0,16.0,1.0,0.0,0.0,0.0,19494.705,15217.742,23643.625,psid,0,0,1,576.0,13824.0,256.0,380043523.0370251,231579671.57856402,311915.28
0.0,37.0,12.0,1.0,0.0,1.0,0.0,19586.79,12030.968,14777.266,psid,0,0,1,1369.0,50653.0,144.0,383642342.5041,144744191.017024,235041.48
0.0,50.0,16.0,0.0,0.0,0.0,0.0,19592.668,0.0,23643.625,psid,0,1,1,2500.0,125000.0,256.0,383872639.35822403,0.0,313482.688
0.0,26.0,13.0,0.0,0.0,1.0,0.0,19592.668,0.0,23643.625,psid,0,1,1,676.0,17576.0,169.0,383872639.35822403,0.0,254704.684
0.0,21.0,12.0,1.0,0.0,0.0,0.0,19592.668,716.12903,22165.899,psid,0,0,1,441.0,9261.0,144.0,383872639.35822403,512840.7876087408,235112.016
0.0,25.0,12.0,1.0,0.0,1.0,0.0,19592.668,5370.9677,24642.568,psid,0,0,1,625.0,15625.0,144.0,383872639.35822403,28847294.034443293,235112.016
0.0,24.0,13.0,1.0,0.0,1.0,0.0,19592.668,11637.097,18442.028,psid,0,0,1,576.0,13824.0,169.0,383872639.35822403,135422026.587409,254704.684
0.0,24.0,12.0,1.0,0.0,0.0,0.0,19592.668,11995.161,19210.445,psid,0,0,1,576.0,13824.0,144.0,383872639.35822403,143883887.415921,235112.016
0.0,32.0,14.0,1.0,0.0,1.0,0.0,19592.668,12335.323,14777.266,psid,0,0,1,1024.0,32768.0,196.0,383872639.35822403,152160193.51432902,274297.352
0.0,27.0,16.0,0.0,0.0,1.0,0.0,19592.668,12532.258,17720.897,psid,0,0,1,729.0,19683.0,256.0,383872639.35822403,157057490.578564,313482.688
0.0,21.0,12.0,0.0,1.0,1.0,0.0,19592.668,12532.258,17732.719,psid,0,0,1,441.0,9261.0,144.0,383872639.35822403,157057490.578564,235112.016
0.0,24.0,16.0,0.0,0.0,1.0,0.0,19592.668,12890.323,31032.258,psid,0,0,1,576.0,13824.0,256.0,383872639.35822403,166160427.04432902,313482.688
0.0,45.0,14.0,0.0,0.0,1.0,0.0,19592.668,13606.452,17732.719,psid,0,0,1,2025.0,91125.0,196.0,383872639.35822403,185135536.02830398,274297.352
0.0,38.0,12.0,0.0,0.0,1.0,0.0,19592.668,13964.516,16286.025,psid,0,0,1,1444.0,54872.0,144.0,383872639.35822403,195007707.114256,235112.016
0.0,27.0,15.0,0.0,0.0,1.0,0.0,19592.668,14859.677,23643.625,psid,0,0,1,729.0,19683.0,225.0,383872639.35822403,220810000.544329,293890.02
0.0,20.0,12.0,1.0,0.0,1.0,0.0,19592.668,16709.081,12708.449,psid,0,0,1,400.0,8000.0,144.0,383872639.35822403,279193387.86456096,235112.016
0.0,23.0,12.0,1.0,0.0,1.0,0.0,19592.668,17008.065,22165.899,psid,0,0,1,529.0,12167.0,144.0,383872639.35822403,289274275.044225,235112.016
0.0,33.0,12.0,0.0,0.0,1.0,0.0,19592.668,17008.065,25014.955,psid,0,0,1,1089.0,35937.0,144.0,383872639.35822403,289274275.044225,235112.016
0.0,24.0,13.0,0.0,0.0,1.0,0.0,19592.668,17187.097,22313.671,psid,0,0,1,576.0,13824.0,169.0,383872639.35822403,295396303.28740907,254704.684
0.0,44.0,12.0,0.0,0.0,1.0,0.0,19592.668,17187.097,15368.356,psid,0,0,1,1936.0,85184.0,144.0,383872639.35822403,295396303.28740907,235112.016
0.0,34.0,12.0,1.0,0.0,1.0,0.0,19592.668,17366.129,19210.445,psid,0,0,1,1156.0,39304.0,144.0,383872639.35822403,301582436.44464105,235112.016
0.0,23.0,12.0,1.0,0.0,1.0,0.0,19592.668,17366.129,14777.266,psid,0,0,1,529.0,12167.0,144.0,383872639.35822403,301582436.44464105,235112.016
0.0,27.0,12.0,1.0,0.0,1.0,0.0,19592.668,17724.194,25121.352,psid,0,0,1,729.0,19683.0,144.0,383872639.35822403,314147052.949636,235112.016
0.0,25.0,16.0,0.0,0.0,1.0,0.0,19592.668,17903.226,25712.442,psid,0,0,1,625.0,15625.0,256.0,383872639.35822403,320525501.20707595,313482.688
0.0,22.0,12.0,0.0,0.0,1.0,0.0,19592.668,17903.226,23643.625,psid,0,0,1,484.0,10648.0,144.0,383872639.35822403,320525501.20707595,235112.016
0.0,24.0,16.0,0.0,0.0,0.0,0.0,19592.668,17903.226,16993.856,psid,0,0,1,576.0,13824.0,256.0,383872639.35822403,320525501.20707595,313482.688
0.0,23.0,12.0,0.0,0.0,1.0,0.0,19592.668,17903.226,16254.992,psid,0,0,1,529.0,12167.0,144.0,383872639.35822403,320525501.20707595,235112.016
0.0,31.0,16.0,0.0,0.0,1.0,0.0,19592.668,17903.226,17732.719,psid,0,0,1,961.0,29791.0,256.0,383872639.35822403,320525501.20707595,313482.688
0.0,23.0,12.0,1.0,0.0,1.0,0.0,19592.668,17903.226,26599.078,psid,0,0,1,529.0,12167.0,144.0,383872639.35822403,320525501.20707595,235112.016
0.0,27.0,12.0,0.0,0.0,1.0,0.0,19592.668,18082.258,32657.757,psid,0,0,1,729.0,19683.0,144.0,383872639.35822403,326968054.37856406,235112.016
0.0,20.0,12.0,1.0,0.0,1.0,0.0,19592.668,18619.355,23643.625,psid,0,0,1,400.0,8000.0,144.0,383872639.35822403,346680380.616025,235112.016
0.0,20.0,12.0,0.0,0.0,1.0,0.0,19592.668,18798.387,17732.719,psid,0,0,1,400.0,8000.0,144.0,383872639.35822403,353379353.80176896,235112.016
0.0,52.0,15.0,0.0,0.0,1.0,0.0,19592.668,18798.387,17437.174,psid,0,0,1,2704.0,140608.0,225.0,383872639.35822403,353379353.80176896,293890.02
0.0,33.0,16.0,0.0,0.0,1.0,0.0,19592.668,19335.484,26599.078,psid,0,0,1,1089.0,35937.0,256.0,383872639.35822403,373860941.514256,313482.688
0.0,40.0,12.0,0.0,0.0,1.0,0.0,19592.668,19335.484,21279.263,psid,0,0,1,1600.0,64000.0,144.0,383872639.35822403,373860941.514256,235112.016
0.0,31.0,12.0,1.0,0.0,1.0,0.0,19592.668,19466.177,20259.631,psid,0,0,1,961.0,29791.0,144.0,383872639.35822403,378932046.99532896,235112.016
0.0,35.0,12.0,0.0,0.0,1.0,0.0,19592.668,19693.548,22535.33,psid,0,0,1,1225.0,42875.0,144.0,383872639.35822403,387835832.82830393,235112.016
0.0,33.0,12.0,0.0,0.0,0.0,0.0,19592.668,19693.548,13299.539,psid,0,0,1,1089.0,35937.0,144.0,383872639.35822403,387835832.82830393,235112.016
0.0,22.0,12.0,0.0,0.0,1.0,0.0,19592.668,19693.548,17732.719,psid,0,0,1,484.0,10648.0,144.0,383872639.35822403,387835832.82830393,235112.016
0.0,29.0,16.0,1.0,0.0,1.0,0.0,19592.668,20588.71,42854.071,psid,0,0,1,841.0,24389.0,256.0,383872639.35822403,423894979.46409994,313482.688
0.0,26.0,12.0,0.0,0.0,1.0,0.0,19592.668,21125.806,21982.661,psid,0,0,1,676.0,17576.0,144.0,383872639.35822403,446299679.14963603,235112.016
0.0,23.0,12.0,0.0,0.0,1.0,0.0,19592.668,21215.323,24884.916,psid,0,0,1,529.0,12167.0,144.0,383872639.35822403,450089929.99432904,235112.016
0.0,30.0,12.0,0.0,0.0,1.0,0.0,19592.668,21483.871,23348.08,psid,0,0,1,900.0,27000.0,144.0,383872639.35822403,461556713.144641,235112.016
0.0,43.0,12.0,0.0,0.0,1.0,0.0,19592.668,21483.871,22165.899,psid,0,0,1,1849.0,79507.0,144.0,383872639.35822403,461556713.144641,235112.016
0.0,43.0,12.0,0.0,0.0,1.0,0.0,19592.668,21483.871,22165.899,psid,0,0,1,1849.0,79507.0,144.0,383872639.35822403,461556713.144641,235112.016
0.0,31.0,12.0,0.0,0.0,1.0,0.0,19592.668,21483.871,25121.352,psid,0,0,1,961.0,29791.0,144.0,383872639.35822403,461556713.144641,235112.016
0.0,23.0,12.0,0.0,0.0,1.0,0.0,19592.668,21483.871,20688.172,psid,0,0,1,529.0,12167.0,144.0,383872639.35822403,461556713.144641,235112.016
0.0,23.0,13.0,0.0,0.0,1.0,0.0,19592.668,21483.871,21279.263,psid,0,0,1,529.0,12167.0,169.0,383872639.35822403,461556713.144641,254704.684
0.0,28.0,16.0,0.0,0.0,1.0,0.0,19592.668,21483.871,32509.985,psid,0,0,1,784.0,21952.0,256.0,383872639.35822403,461556713.144641,313482.688
0.0,30.0,12.0,0.0,0.0,1.0,0.0,19592.668,21483.871,29554.531,psid,0,0,1,900.0,27000.0,144.0,383872639.35822403,461556713.144641,235112.016
0.0,53.0,12.0,1.0,0.0,1.0,0.0,19592.668,21483.871,23643.625,psid,0,0,1,2809.0,148877.0,144.0,383872639.35822403,461556713.144641,235112.016
0.0,32.0,12.0,0.0,0.0,1.0,0.0,19592.668,21483.871,29554.531,psid,0,0,1,1024.0,32768.0,144.0,383872639.35822403,461556713.144641,235112.016
0.0,43.0,12.0,0.0,0.0,1.0,0.0,19592.668,21739.887,29338.783,psid,0,0,1,1849.0,79507.0,144.0,383872639.35822403,472622686.772769,235112.016
0.0,43.0,12.0,0.0,0.0,1.0,0.0,19592.668,21739.887,29338.783,psid,0,0,1,1849.0,79507.0,144.0,383872639.35822403,472622686.772769,235112.016
0.0,37.0,17.0,0.0,0.0,0.0,0.0,19592.668,23005.645,22165.899,psid,0,0,1,1369.0,50653.0,289.0,383872639.35822403,529259701.86602503,333075.356
0.0,23.0,12.0,1.0,0.0,1.0,0.0,19592.668,23274.194,21427.035,psid,0,0,1,529.0,12167.0,144.0,383872639.35822403,541688106.349636,235112.016
0.0,28.0,12.0,1.0,0.0,1.0,0.0,19592.668,24169.355,25860.215,psid,0,0,1,784.0,21952.0,144.0,383872639.35822403,584157721.116025,235112.016
0.0,27.0,14.0,1.0,0.0,0.0,0.0,19592.668,25064.516,28815.668,psid,0,0,1,729.0,19683.0,196.0,383872639.35822403,628229962.314256,274297.352
0.0,46.0,12.0,0.0,0.0,0.0,0.0,19592.668,25064.516,29554.531,psid,0,0,1,2116.0,97336.0,144.0,383872639.35822403,628229962.314256,235112.016
0.0,30.0,12.0,1.0,0.0,1.0,0.0,19592.668,26854.839,25897.158,psid,0,0,1,900.0,27000.0,144.0,383872639.35822403,721182377.715921,235112.016
0.0,35.0,17.0,0.0,0.0,1.0,0.0,19592.668,44758.065,36943.164,psid,0,0,1,1225.0,42875.0,289.0,383872639.35822403,2003284382.5442252,333075.356
0.0,26.0,15.0,0.0,0.0,1.0,0.0,19596.587,19335.484,23643.625,psid,0,0,1,676.0,17576.0,225.0,384026222.04856896,373860941.514256,293948.805
0.0,25.0,12.0,0.0,0.0,1.0,0.0,19641.65,8736.7742,23643.625,psid,0,0,1,625.0,15625.0,144.0,385794414.7225001,76331223.42178564,235699.80000000002
0.0,24.0,12.0,0.0,0.0,1.0,0.0,19706.305,6624.1935,25121.352,psid,0,0,1,576.0,13824.0,144.0,388338456.753025,43879939.52544226,236475.66
0.0,22.0,14.0,0.0,0.0,1.0,0.0,19727.857,20141.129,22284.117,psid,0,0,1,484.0,10648.0,196.0,389188341.812449,405665077.39464104,276189.998
0.0,27.0,13.0,0.0,0.0,1.0,0.0,19735.695,20051.613,36943.164,psid,0,0,1,729.0,19683.0,169.0,389497657.133025,402067183.90176904,256564.035
0.0,36.0,12.0,1.0,0.0,1.0,0.0,19749.409,25064.516,23643.625,psid,0,0,1,1296.0,46656.0,144.0,390039155.849281,628229962.314256,236992.908
0.0,35.0,13.0,0.0,0.0,1.0,0.0,19788.595,21269.032,14777.266,psid,0,0,1,1225.0,42875.0,169.0,391588492.07402503,452371722.21702397,257251.73500000002
0.0,34.0,12.0,1.0,0.0,1.0,0.0,19788.595,23274.194,31032.258,psid,0,0,1,1156.0,39304.0,144.0,391588492.07402503,541688106.349636,237463.14
0.0,28.0,14.0,0.0,0.0,1.0,0.0,19984.521,12532.258,31032.258,psid,0,0,1,784.0,21952.0,196.0,399381079.59944105,157057490.578564,279783.294
0.0,18.0,12.0,0.0,0.0,1.0,0.0,19984.521,23274.194,26599.078,psid,0,0,1,324.0,5832.0,144.0,399381079.59944105,541688106.349636,239814.252
0.0,21.0,12.0,0.0,0.0,1.0,0.0,20068.77,21215.323,56892.473,psid,0,0,1,441.0,9261.0,144.0,402755529.3129,450089929.99432904,240825.24
0.0,28.0,16.0,1.0,0.0,1.0,0.0,20082.485,19335.484,21279.263,psid,0,0,1,784.0,21952.0,256.0,403306203.77522504,373860941.514256,321319.76
0.0,24.0,14.0,0.0,0.0,1.0,0.0,20141.263,0.0,0.0,psid,0,1,0,576.0,13824.0,196.0,405670475.23516893,0.0,281977.682
0.0,30.0,12.0,0.0,0.0,1.0,0.0,20180.448,15754.839,33987.711,psid,0,0,1,900.0,27000.0,144.0,407250481.480704,248214951.915921,242165.376
0.0,42.0,12.0,0.0,0.0,1.0,0.0,20180.448,17455.645,0.0,psid,0,0,0,1764.0,74088.0,144.0,407250481.480704,304699542.36602503,242165.376
0.0,24.0,12.0,0.0,0.0,1.0,0.0,20180.448,19693.548,29554.531,psid,0,0,1,576.0,13824.0,144.0,407250481.480704,387835832.82830393,242165.376
0.0,40.0,12.0,0.0,0.0,1.0,0.0,20180.448,19693.548,17732.719,psid,0,0,1,1600.0,64000.0,144.0,407250481.480704,387835832.82830393,242165.376
0.0,25.0,17.0,0.0,0.0,1.0,0.0,20180.448,21036.29,22904.762,psid,0,0,1,625.0,15625.0,289.0,407250481.480704,442525496.96410006,343067.616
0.0,27.0,17.0,0.0,0.0,1.0,0.0,20180.448,21578.758,28520.123,psid,0,0,1,729.0,19683.0,289.0,407250481.480704,465642796.82256407,343067.616
0.0,24.0,16.0,0.0,0.0,1.0,0.0,20200.041,17903.226,42854.071,psid,0,0,1,576.0,13824.0,256.0,408041656.40168107,320525501.20707595,323200.656
0.0,25.0,16.0,1.0,0.0,0.0,0.0,20233.348,19335.484,23052.535,psid,0,0,1,625.0,15625.0,256.0,409388371.28910404,373860941.514256,323733.568
0.0,53.0,16.0,0.0,0.0,1.0,0.0,20343.067,20112.484,19930.098,psid,0,0,1,2809.0,148877.0,256.0,413840374.96648896,404512012.65025604,325489.072
0.0,28.0,12.0,0.0,0.0,1.0,0.0,20376.375,17903.226,32509.985,psid,0,0,1,784.0,21952.0,144.0,415196658.140625,320525501.20707595,244516.5
0.0,20.0,12.0,0.0,0.0,1.0,0.0,20376.375,18655.161,16993.856,psid,0,0,1,400.0,8000.0,144.0,415196658.140625,348015031.935921,244516.5
0.0,26.0,12.0,0.0,0.0,1.0,0.0,20376.375,20946.774,22165.899,psid,0,0,1,676.0,17576.0,144.0,415196658.140625,438767341.007076,244516.5
0.0,33.0,12.0,0.0,0.0,1.0,0.0,20503.727,21483.871,20688.172,psid,0,0,1,1089.0,35937.0,144.0,420402820.890529,461556713.144641,246044.724
0.0,24.0,14.0,0.0,0.0,0.0,0.0,20572.301,11637.097,12412.903,psid,0,0,1,576.0,13824.0,196.0,423219568.43460095,135422026.587409,288012.214
0.0,38.0,12.0,1.0,0.0,0.0,0.0,20572.301,14322.581,16254.992,psid,0,0,1,1444.0,54872.0,144.0,423219568.43460095,205136326.50156102,246867.612
0.0,27.0,12.0,0.0,0.0,1.0,0.0,20572.301,17545.161,24530.261,psid,0,0,1,729.0,19683.0,144.0,423219568.43460095,307832674.515921,246867.612
0.0,27.0,16.0,0.0,0.0,1.0,0.0,20572.301,18619.355,88663.594,psid,0,0,1,729.0,19683.0,256.0,423219568.43460095,346680380.616025,329156.816
0.0,31.0,13.0,0.0,0.0,1.0,0.0,20572.301,18798.387,29554.531,psid,0,0,1,961.0,29791.0,169.0,423219568.43460095,353379353.80176896,267439.913
0.0,26.0,15.0,0.0,0.0,1.0,0.0,20572.301,18798.387,23643.625,psid,0,0,1,676.0,17576.0,225.0,423219568.43460095,353379353.80176896,308584.515
0.0,28.0,16.0,0.0,0.0,1.0,0.0,20572.301,18798.387,22165.899,psid,0,0,1,784.0,21952.0,256.0,423219568.43460095,353379353.80176896,329156.816
0.0,26.0,17.0,0.0,0.0,1.0,0.0,20572.301,18977.419,35465.438,psid,0,0,1,676.0,17576.0,289.0,423219568.43460095,360142431.9015611,349729.11699999997
0.0,52.0,12.0,0.0,0.0,1.0,0.0,20572.301,18977.419,20688.172,psid,0,0,1,2704.0,140608.0,144.0,423219568.43460095,360142431.9015611,246867.612
0.0,25.0,12.0,0.0,0.0,1.0,0.0,20572.301,20588.71,22461.444,psid,0,0,1,625.0,15625.0,144.0,423219568.43460095,423894979.46409994,246867.612
0.0,24.0,12.0,0.0,0.0,1.0,0.0,20572.301,20767.742,22165.899,psid,0,0,1,576.0,13824.0,144.0,423219568.43460095,431299107.7785639,246867.612
0.0,41.0,12.0,0.0,0.0,1.0,0.0,20572.301,21483.871,25310.501,psid,0,0,1,1681.0,68921.0,144.0,423219568.43460095,461556713.144641,246867.612
0.0,40.0,12.0,0.0,0.0,1.0,0.0,20572.301,24772.694,32586.826,psid,0,0,1,1600.0,64000.0,144.0,423219568.43460095,613686368.017636,246867.612
0.0,40.0,12.0,0.0,0.0,1.0,0.0,20572.301,24772.694,32586.826,psid,0,0,1,1600.0,64000.0,144.0,423219568.43460095,613686368.017636,246867.612
0.0,32.0,13.0,0.0,0.0,1.0,0.0,20572.301,25064.516,7388.6329,psid,0,0,1,1024.0,32768.0,169.0,423219568.43460095,628229962.314256,267439.913
0.0,24.0,12.0,1.0,0.0,1.0,0.0,20572.301,25959.677,31032.258,psid,0,0,1,576.0,13824.0,144.0,423219568.43460095,673904829.944329,246867.612
0.0,46.0,12.0,1.0,0.0,1.0,0.0,20572.301,32225.806,7882.1935,psid,0,0,1,2116.0,97336.0,144.0,423219568.43460095,1038502572.3496361,246867.612
0.0,31.0,13.0,0.0,0.0,1.0,0.0,20572.301,33658.065,31032.258,psid,0,0,1,961.0,29791.0,169.0,423219568.43460095,1132865339.5442252,267439.913
0.0,25.0,15.0,0.0,0.0,0.0,0.0,20738.839,21483.871,39011.982,psid,0,0,1,625.0,15625.0,225.0,430099443.067921,461556713.144641,311082.585
0.0,29.0,12.0,0.0,0.0,1.0,0.0,20768.228,0.0,44331.797,psid,0,1,1,841.0,24389.0,144.0,431319294.25998396,0.0,249218.73599999998
0.0,25.0,14.0,0.0,0.0,0.0,0.0,20768.228,14322.581,17437.174,psid,0,0,1,625.0,15625.0,196.0,431319294.25998396,205136326.50156102,290755.192
0.0,42.0,16.0,0.0,0.0,1.0,0.0,20768.228,19693.548,22165.899,psid,0,0,1,1764.0,74088.0,256.0,431319294.25998396,387835832.82830393,332291.648
0.0,24.0,12.0,0.0,0.0,1.0,0.0,20768.228,23274.194,27485.714,psid,0,0,1,576.0,13824.0,144.0,431319294.25998396,541688106.349636,249218.73599999998
0.0,25.0,14.0,1.0,0.0,1.0,0.0,20768.228,23274.194,26303.533,psid,0,0,1,625.0,15625.0,196.0,431319294.25998396,541688106.349636,290755.192
0.0,44.0,12.0,0.0,0.0,1.0,0.0,20895.58,12174.194,20963.029,psid,0,0,1,1936.0,85184.0,144.0,436625263.5364001,148210999.54963598,250746.96000000002
0.0,27.0,12.0,0.0,0.0,0.0,0.0,20964.155,18440.323,23348.08,psid,0,0,1,729.0,19683.0,144.0,439495794.86402494,340045512.344329,251569.86
0.0,28.0,14.0,0.0,0.0,1.0,0.0,20964.155,20588.71,28446.237,psid,0,0,1,784.0,21952.0,196.0,439495794.86402494,423894979.46409994,293498.17
0.0,33.0,16.0,0.0,0.0,1.0,0.0,20964.155,21483.871,22018.126,psid,0,0,1,1089.0,35937.0,256.0,439495794.86402494,461556713.144641,335426.48
0.0,25.0,16.0,0.0,0.0,1.0,0.0,20964.155,24706.452,26229.647,psid,0,0,1,625.0,15625.0,256.0,439495794.86402494,610408770.4283041,335426.48
0.0,26.0,12.0,1.0,0.0,1.0,0.0,21116.978,22379.032,25121.352,psid,0,0,1,676.0,17576.0,144.0,445926759.852484,500821073.257024,253403.73599999998
0.0,39.0,12.0,0.0,0.0,1.0,0.0,21138.53,20366.71,15049.167,psid,0,0,1,1521.0,59319.0,144.0,446837450.5609,414802876.2241,253662.36
0.0,31.0,14.0,0.0,0.0,1.0,0.0,21140.489,20141.129,19653.763,psid,0,0,1,961.0,29791.0,196.0,446920275.15912104,405665077.39464104,295966.846
0.0,31.0,14.0,0.0,0.0,1.0,0.0,21140.489,20141.129,19653.763,psid,0,0,1,961.0,29791.0,196.0,446920275.15912104,405665077.39464104,295966.846
0.0,23.0,13.0,1.0,0.0,1.0,0.0,21160.081,17903.226,23643.625,psid,0,0,1,529.0,12167.0,169.0,447749027.92656094,320525501.20707595,275081.05299999996
0.0,42.0,12.0,0.0,0.0,1.0,0.0,21160.081,21483.871,12232.621,psid,0,0,1,1764.0,74088.0,144.0,447749027.92656094,461556713.144641,253920.97199999998
0.0,36.0,14.0,0.0,0.0,1.0,0.0,21160.081,23460.387,0.0,psid,0,0,0,1296.0,46656.0,196.0,447749027.92656094,550389758.1897689,296241.13399999996
0.0,26.0,12.0,0.0,0.0,1.0,0.0,21160.081,24169.355,21279.263,psid,0,0,1,676.0,17576.0,144.0,447749027.92656094,584157721.116025,253920.97199999998
0.0,46.0,17.0,0.0,0.0,0.0,0.0,21258.045,24094.161,24787.386,psid,0,0,1,2116.0,97336.0,289.0,451904477.2220249,580528594.293921,361386.76499999996
0.0,31.0,12.0,0.0,0.0,1.0,0.0,21356.008,15038.71,35465.438,psid,0,0,1,961.0,29791.0,144.0,456079077.69606405,226162798.46409997,256272.09600000002
0.0,27.0,12.0,1.0,0.0,1.0,0.0,21356.008,20588.71,21722.581,psid,0,0,1,729.0,19683.0,144.0,456079077.69606405,423894979.46409994,256272.09600000002
0.0,25.0,12.0,0.0,1.0,1.0,0.0,21512.749,26586.29,25558.759,psid,0,0,1,625.0,15625.0,144.0,462798369.537001,706830815.9641,258152.988
0.0,42.0,16.0,0.0,0.0,1.0,0.0,21551.935,0.0,41376.344,psid,0,1,1,1764.0,74088.0,256.0,464485902.2442251,0.0,344830.96
0.0,28.0,12.0,0.0,0.0,1.0,0.0,21551.935,8366.1774,0.0,psid,0,0,0,784.0,21952.0,144.0,464485902.2442251,69992924.28827077,258623.22000000003
0.0,28.0,12.0,0.0,0.0,1.0,0.0,21551.935,10562.903,21722.581,psid,0,0,1,784.0,21952.0,144.0,464485902.2442251,111574919.78740901,258623.22000000003
0.0,27.0,13.0,0.0,0.0,1.0,0.0,21551.935,14322.581,16254.992,psid,0,0,1,729.0,19683.0,169.0,464485902.2442251,205136326.50156102,280175.155
0.0,35.0,12.0,1.0,0.0,1.0,0.0,21551.935,14322.581,15638.78,psid,0,0,1,1225.0,42875.0,144.0,464485902.2442251,205136326.50156102,258623.22000000003
0.0,35.0,12.0,1.0,0.0,1.0,0.0,21551.935,14322.581,15638.78,psid,0,0,1,1225.0,42875.0,144.0,464485902.2442251,205136326.50156102,258623.22000000003
0.0,26.0,12.0,0.0,0.0,1.0,0.0,21551.935,15217.742,26599.078,psid,0,0,1,676.0,17576.0,144.0,464485902.2442251,231579671.57856402,258623.22000000003
0.0,19.0,12.0,0.0,0.0,1.0,0.0,21551.935,15754.839,19210.445,psid,0,0,1,361.0,6859.0,144.0,464485902.2442251,248214951.915921,258623.22000000003
0.0,29.0,12.0,0.0,0.0,1.0,0.0,21551.935,17008.065,20688.172,psid,0,0,1,841.0,24389.0,144.0,464485902.2442251,289274275.044225,258623.22000000003
0.0,34.0,12.0,1.0,0.0,1.0,0.0,21551.935,17903.226,25121.352,psid,0,0,1,1156.0,39304.0,144.0,464485902.2442251,320525501.20707595,258623.22000000003
0.0,28.0,16.0,0.0,0.0,1.0,0.0,21551.935,18619.355,44331.797,psid,0,0,1,784.0,21952.0,256.0,464485902.2442251,346680380.616025,344830.96
0.0,31.0,16.0,0.0,0.0,1.0,0.0,21551.935,18798.387,23348.08,psid,0,0,1,961.0,29791.0,256.0,464485902.2442251,353379353.80176896,344830.96
0.0,37.0,15.0,1.0,0.0,0.0,0.0,21551.935,19210.161,17732.719,psid,0,0,1,1369.0,50653.0,225.0,464485902.2442251,369030285.645921,323279.025
0.0,40.0,12.0,0.0,0.0,1.0,0.0,21551.935,19693.548,31032.258,psid,0,0,1,1600.0,64000.0,144.0,464485902.2442251,387835832.82830393,258623.22000000003
0.0,37.0,12.0,0.0,0.0,1.0,0.0,21551.935,19693.548,44331.797,psid,0,0,1,1369.0,50653.0,144.0,464485902.2442251,387835832.82830393,258623.22000000003
0.0,48.0,12.0,0.0,0.0,1.0,0.0,21551.935,20230.645,0.0,psid,0,0,0,2304.0,110592.0,144.0,464485902.2442251,409278997.11602503,258623.22000000003
0.0,43.0,12.0,0.0,0.0,1.0,0.0,21551.935,20588.71,19210.445,psid,0,0,1,1849.0,79507.0,144.0,464485902.2442251,423894979.46409994,258623.22000000003
0.0,26.0,16.0,0.0,0.0,1.0,0.0,21551.935,20588.71,28815.668,psid,0,0,1,676.0,17576.0,256.0,464485902.2442251,423894979.46409994,344830.96
0.0,29.0,12.0,0.0,0.0,1.0,0.0,21551.935,20588.71,19949.309,psid,0,0,1,841.0,24389.0,144.0,464485902.2442251,423894979.46409994,258623.22000000003
0.0,27.0,12.0,0.0,0.0,1.0,0.0,21551.935,21120.435,23052.535,psid,0,0,1,729.0,19683.0,144.0,464485902.2442251,446072774.58922505,258623.22000000003
0.0,22.0,14.0,0.0,0.0,1.0,0.0,21551.935,21483.871,23200.307,psid,0,0,1,484.0,10648.0,196.0,464485902.2442251,461556713.144641,301727.09
0.0,23.0,12.0,0.0,0.0,1.0,0.0,21551.935,21483.871,26599.078,psid,0,0,1,529.0,12167.0,144.0,464485902.2442251,461556713.144641,258623.22000000003
0.0,21.0,12.0,0.0,0.0,1.0,0.0,21551.935,21483.871,12534.077,psid,0,0,1,441.0,9261.0,144.0,464485902.2442251,461556713.144641,258623.22000000003
0.0,36.0,12.0,0.0,0.0,1.0,0.0,21551.935,21483.871,23643.625,psid,0,0,1,1296.0,46656.0,144.0,464485902.2442251,461556713.144641,258623.22000000003
0.0,26.0,16.0,0.0,0.0,1.0,0.0,21551.935,21483.871,29492.467,psid,0,0,1,676.0,17576.0,256.0,464485902.2442251,461556713.144641,344830.96
0.0,33.0,12.0,0.0,0.0,1.0,0.0,21551.935,21483.871,21427.035,psid,0,0,1,1089.0,35937.0,144.0,464485902.2442251,461556713.144641,258623.22000000003
0.0,37.0,12.0,0.0,0.0,1.0,0.0,21551.935,22379.032,24382.488,psid,0,0,1,1369.0,50653.0,144.0,464485902.2442251,500821073.257024,258623.22000000003
0.0,29.0,16.0,0.0,0.0,0.0,0.0,21551.935,22737.097,33248.848,psid,0,0,1,841.0,24389.0,256.0,464485902.2442251,516975579.98740906,344830.96
0.0,25.0,14.0,0.0,0.0,1.0,0.0,21551.935,22916.129,31505.131,psid,0,0,1,625.0,15625.0,196.0,464485902.2442251,525148968.34464103,301727.09
0.0,27.0,16.0,0.0,0.0,1.0,0.0,21551.935,23274.194,27633.487,psid,0,0,1,729.0,19683.0,256.0,464485902.2442251,541688106.349636,344830.96
0.0,41.0,17.0,0.0,0.0,1.0,0.0,21551.935,23274.194,22904.762,psid,0,0,1,1681.0,68921.0,289.0,464485902.2442251,541688106.349636,366382.895
0.0,29.0,16.0,0.0,0.0,1.0,0.0,21551.935,23274.194,23643.625,psid,0,0,1,841.0,24389.0,256.0,464485902.2442251,541688106.349636,344830.96
0.0,34.0,14.0,0.0,0.0,1.0,0.0,21551.935,23274.194,22165.899,psid,0,0,1,1156.0,39304.0,196.0,464485902.2442251,541688106.349636,301727.09
0.0,45.0,12.0,0.0,0.0,1.0,0.0,21551.935,23632.258,26633.066,psid,0,0,1,2025.0,91125.0,144.0,464485902.2442251,558483618.1785641,258623.22000000003
0.0,41.0,12.0,1.0,0.0,1.0,0.0,21551.935,24885.484,21427.035,psid,0,0,1,1681.0,68921.0,144.0,464485902.2442251,619287313.914256,258623.22000000003
0.0,35.0,13.0,1.0,0.0,1.0,0.0,21551.935,25959.677,26423.229,psid,0,0,1,1225.0,42875.0,169.0,464485902.2442251,673904829.944329,280175.155
0.0,23.0,12.0,0.0,0.0,1.0,0.0,21551.935,25959.677,58665.745,psid,0,0,1,529.0,12167.0,144.0,464485902.2442251,673904829.944329,258623.22000000003
0.0,43.0,17.0,0.0,0.0,0.0,0.0,21551.935,25959.677,36943.164,psid,0,0,1,1849.0,79507.0,289.0,464485902.2442251,673904829.944329,366382.895
0.0,21.0,12.0,0.0,0.0,1.0,0.0,21551.935,26138.71,38420.891,psid,0,0,1,441.0,9261.0,144.0,464485902.2442251,683232160.4641,258623.22000000003
0.0,22.0,12.0,0.0,0.0,1.0,0.0,21551.935,26765.323,35465.438,psid,0,0,1,484.0,10648.0,144.0,464485902.2442251,716382515.294329,258623.22000000003
0.0,25.0,17.0,0.0,0.0,1.0,0.0,21551.935,31151.613,53937.02,psid,0,0,1,625.0,15625.0,289.0,464485902.2442251,970422992.5017691,366382.895
0.0,23.0,16.0,0.0,0.0,1.0,0.0,21551.935,35806.452,44331.797,psid,0,0,1,529.0,12167.0,256.0,464485902.2442251,1282102004.8283038,344830.96
0.0,28.0,14.0,0.0,0.0,1.0,0.0,21649.898,26854.839,22165.899,psid,0,0,1,784.0,21952.0,196.0,468718083.410404,721182377.715921,303098.57200000004
0.0,44.0,13.0,0.0,0.0,1.0,0.0,21679.287,21918.919,22165.899,psid,0,0,1,1936.0,85184.0,169.0,469991484.828369,480439010.1285611,281830.731
0.0,23.0,12.0,0.0,0.0,0.0,0.0,21747.862,11413.306,2216.5899,psid,0,0,1,529.0,12167.0,144.0,472969501.571044,130263553.84963602,260974.344
0.0,39.0,14.0,0.0,0.0,1.0,0.0,21747.862,21841.935,18619.355,psid,0,0,1,1521.0,59319.0,196.0,472969501.571044,477070124.54422504,304470.068
0.0,23.0,12.0,0.0,0.0,1.0,0.0,21865.418,21483.871,25121.352,psid,0,0,1,529.0,12167.0,144.0,478096504.3147241,461556713.144641,262385.016
0.0,24.0,14.0,1.0,0.0,1.0,0.0,21869.336,26353.548,18767.127,psid,0,0,1,576.0,13824.0,196.0,478267857.08089596,694509492.188304,306170.70399999997
0.0,24.0,13.0,0.0,1.0,1.0,0.0,21922.236,24742.258,35317.665,psid,0,0,1,576.0,13824.0,169.0,480584431.239696,612179330.9385641,284989.068
0.0,51.0,12.0,0.0,0.0,1.0,0.0,21943.788,19156.452,24382.488,psid,0,0,1,2601.0,132651.0,144.0,481529831.788944,366969653.228304,263325.456
0.0,34.0,12.0,0.0,0.0,1.0,0.0,21943.788,20409.677,21131.49,psid,0,0,1,1156.0,39304.0,144.0,481529831.788944,416554915.244329,263325.456
0.0,27.0,12.0,0.0,0.0,1.0,0.0,21943.788,20588.71,18323.81,psid,0,0,1,729.0,19683.0,144.0,481529831.788944,423894979.46409994,263325.456
0.0,29.0,17.0,0.0,0.0,1.0,0.0,21943.788,21752.419,22165.899,psid,0,0,1,841.0,24389.0,289.0,481529831.788944,473167732.35156107,373044.396
0.0,26.0,14.0,1.0,0.0,1.0,0.0,21943.788,25959.677,36943.164,psid,0,0,1,676.0,17576.0,196.0,481529831.788944,673904829.944329,307213.032
0.0,26.0,13.0,0.0,1.0,1.0,0.0,21953.585,5671.7419,25860.215,psid,0,0,1,676.0,17576.0,169.0,481959894.35222495,32168656.18021561,285396.605
0.0,23.0,14.0,0.0,0.0,0.0,0.0,22139.715,18798.387,41376.344,psid,0,0,1,529.0,12167.0,196.0,490166980.281225,353379353.80176896,309956.01
0.0,46.0,12.0,0.0,0.0,1.0,0.0,22139.715,22622.516,23643.625,psid,0,0,1,2116.0,97336.0,144.0,490166980.281225,511778230.17025596,265676.58
0.0,27.0,12.0,0.0,0.0,0.0,0.0,22139.715,25422.581,61768.971,psid,0,0,1,729.0,19683.0,144.0,490166980.281225,646307624.7015609,265676.58
0.0,30.0,17.0,1.0,0.0,1.0,0.0,22139.715,27929.032,33248.848,psid,0,0,1,900.0,27000.0,289.0,490166980.281225,780030828.457024,376375.155
0.0,25.0,12.0,1.0,0.0,1.0,0.0,22139.715,33300.0,29554.531,psid,0,0,1,625.0,15625.0,144.0,490166980.281225,1108890000.0,265676.58
0.0,27.0,14.0,0.0,0.0,1.0,0.0,22218.086,23306.419,26599.078,psid,0,0,1,729.0,19683.0,196.0,493643345.503396,543189166.603561,311053.20399999997
0.0,27.0,17.0,0.0,0.0,1.0,0.0,22237.678,22379.032,14777.266,psid,0,0,1,729.0,19683.0,289.0,494514322.831684,500821073.257024,378040.526
0.0,50.0,12.0,0.0,0.0,1.0,0.0,22306.253,27544.113,26876.891,psid,0,0,1,2500.0,125000.0,144.0,497568922.90000904,758678160.9567691,267675.036
0.0,50.0,12.0,0.0,0.0,1.0,0.0,22306.253,27544.113,26876.891,psid,0,0,1,2500.0,125000.0,144.0,497568922.90000904,758678160.9567691,267675.036
0.0,50.0,12.0,0.0,0.0,1.0,0.0,22306.253,27544.113,26876.891,psid,0,0,1,2500.0,125000.0,144.0,497568922.90000904,758678160.9567691,267675.036
0.0,48.0,12.0,0.0,0.0,1.0,0.0,22321.927,23881.113,25399.164,psid,0,0,1,2304.0,110592.0,144.0,498268424.993329,570307558.118769,267863.124
0.0,24.0,16.0,0.0,0.0,1.0,0.0,22335.642,22880.323,29037.327,psid,0,0,1,576.0,13824.0,256.0,498880903.552164,523509180.584329,357370.272
0.0,25.0,12.0,0.0,1.0,1.0,0.0,22335.642,24169.355,31032.258,psid,0,0,1,625.0,15625.0,144.0,498880903.552164,584157721.116025,268027.704
0.0,37.0,12.0,0.0,0.0,1.0,0.0,22441.442,16385.032,23269.76,psid,0,0,1,1369.0,50653.0,144.0,503618319.039364,268469273.641024,269297.304
0.0,37.0,12.0,0.0,0.0,1.0,0.0,22441.442,16385.032,23269.76,psid,0,0,1,1369.0,50653.0,144.0,503618319.039364,268469273.641024,269297.304
0.0,29.0,12.0,1.0,0.0,1.0,0.0,22531.568,18619.355,23643.625,psid,0,0,1,841.0,24389.0,144.0,507671556.538624,346680380.616025,270378.816
0.0,27.0,15.0,0.0,0.0,1.0,0.0,22531.568,20588.71,35465.438,psid,0,0,1,729.0,19683.0,225.0,507671556.538624,423894979.46409994,337973.52
0.0,41.0,12.0,0.0,1.0,1.0,0.0,22531.568,20946.774,22165.899,psid,0,0,1,1681.0,68921.0,144.0,507671556.538624,438767341.007076,270378.816
0.0,29.0,12.0,0.0,0.0,1.0,0.0,22531.568,21483.871,22165.899,psid,0,0,1,841.0,24389.0,144.0,507671556.538624,461556713.144641,270378.816
0.0,27.0,16.0,0.0,0.0,1.0,0.0,22531.568,21483.871,23643.625,psid,0,0,1,729.0,19683.0,256.0,507671556.538624,461556713.144641,360505.088
0.0,44.0,12.0,0.0,0.0,1.0,0.0,22531.568,22379.032,23643.625,psid,0,0,1,1936.0,85184.0,144.0,507671556.538624,500821073.257024,270378.816
0.0,26.0,13.0,0.0,0.0,1.0,0.0,22531.568,22379.032,37238.71,psid,0,0,1,676.0,17576.0,169.0,507671556.538624,500821073.257024,292910.38399999996
0.0,34.0,12.0,0.0,0.0,1.0,0.0,22531.568,22379.032,26599.078,psid,0,0,1,1156.0,39304.0,144.0,507671556.538624,500821073.257024,270378.816
0.0,20.0,12.0,0.0,0.0,1.0,0.0,22531.568,23274.194,24382.488,psid,0,0,1,400.0,8000.0,144.0,507671556.538624,541688106.349636,270378.816
0.0,43.0,14.0,0.0,0.0,1.0,0.0,22531.568,23274.194,28520.123,psid,0,0,1,1849.0,79507.0,196.0,507671556.538624,541688106.349636,315441.952
0.0,47.0,12.0,0.0,1.0,1.0,0.0,22531.568,25028.71,25564.67,psid,0,0,1,2209.0,103823.0,144.0,507671556.538624,626436324.2641,270378.816
0.0,31.0,12.0,0.0,0.0,1.0,0.0,22531.568,25064.516,29554.531,psid,0,0,1,961.0,29791.0,144.0,507671556.538624,628229962.314256,270378.816
0.0,33.0,12.0,0.0,0.0,1.0,0.0,22531.568,26496.774,24973.579,psid,0,0,1,1089.0,35937.0,144.0,507671556.538624,702079032.4070761,270378.816
0.0,24.0,12.0,1.0,0.0,0.0,0.0,22531.568,26854.839,29554.531,psid,0,0,1,576.0,13824.0,144.0,507671556.538624,721182377.715921,270378.816
0.0,27.0,16.0,0.0,0.0,0.0,0.0,22531.568,30435.484,42854.071,psid,0,0,1,729.0,19683.0,256.0,507671556.538624,926318686.3142561,360505.088
0.0,23.0,14.0,0.0,0.0,1.0,0.0,22531.568,33658.065,26599.078,psid,0,0,1,529.0,12167.0,196.0,507671556.538624,1132865339.5442252,315441.952
0.0,27.0,17.0,0.0,0.0,1.0,0.0,22594.265,18261.29,28815.668,psid,0,0,1,729.0,19683.0,289.0,510500810.890225,333474712.4641,384102.505
0.0,50.0,16.0,0.0,0.0,0.0,0.0,22629.532,19693.548,17732.719,psid,0,0,1,2500.0,125000.0,256.0,512095718.539024,387835832.82830393,362072.512
0.0,22.0,14.0,0.0,0.0,1.0,0.0,22682.432,24706.452,20688.172,psid,0,0,1,484.0,10648.0,196.0,514492721.434624,610408770.4283041,317554.048
0.0,31.0,12.0,1.0,0.0,1.0,0.0,22727.495,1503.871,27781.26,psid,0,0,1,961.0,29791.0,144.0,516539028.97502494,2261627.984641,272729.94
0.0,34.0,12.0,0.0,0.0,1.0,0.0,22727.495,18619.355,20688.172,psid,0,0,1,1156.0,39304.0,144.0,516539028.97502494,346680380.616025,272729.94
0.0,28.0,12.0,0.0,0.0,1.0,0.0,22727.495,20051.613,22904.762,psid,0,0,1,784.0,21952.0,144.0,516539028.97502494,402067183.90176904,272729.94
0.0,26.0,12.0,0.0,0.0,1.0,0.0,22727.495,21483.871,26599.078,psid,0,0,1,676.0,17576.0,144.0,516539028.97502494,461556713.144641,272729.94
0.0,46.0,12.0,0.0,0.0,1.0,0.0,22727.495,21841.935,22904.762,psid,0,0,1,2116.0,97336.0,144.0,516539028.97502494,477070124.54422504,272729.94
0.0,27.0,17.0,0.0,0.0,1.0,0.0,22727.495,22379.032,24086.943,psid,0,0,1,729.0,19683.0,289.0,516539028.97502494,500821073.257024,386367.415
0.0,47.0,13.0,0.0,0.0,1.0,0.0,22727.495,22558.065,24382.488,psid,0,0,1,2209.0,103823.0,169.0,516539028.97502494,508866296.5442249,295457.435
0.0,29.0,17.0,0.0,0.0,1.0,0.0,22923.422,21483.871,27042.396,psid,0,0,1,841.0,24389.0,289.0,525483276.1900839,461556713.144641,389698.174
0.0,24.0,16.0,0.0,0.0,0.0,0.0,22923.422,22379.032,26451.306,psid,0,0,1,576.0,13824.0,256.0,525483276.1900839,500821073.257024,366774.752
0.0,30.0,16.0,0.0,0.0,1.0,0.0,22923.422,23274.194,28076.805,psid,0,0,1,900.0,27000.0,256.0,525483276.1900839,541688106.349636,366774.752
0.0,23.0,12.0,0.0,0.0,1.0,0.0,22982.2,24033.29,14777.266,psid,0,0,1,529.0,12167.0,144.0,528181516.84000003,577599028.2241,275786.4
0.0,27.0,15.0,0.0,0.0,1.0,0.0,23119.348,0.0,0.0,psid,0,1,0,729.0,19683.0,225.0,534504251.94510406,0.0,346790.22000000003
0.0,25.0,12.0,0.0,0.0,1.0,0.0,23119.348,24074.468,25195.238,psid,0,0,1,625.0,15625.0,144.0,534504251.94510406,579580009.483024,277432.17600000004
0.0,26.0,12.0,0.0,0.0,1.0,0.0,23315.275,26767.113,27633.487,psid,0,0,1,676.0,17576.0,144.0,543602048.3256251,716478338.3547691,279783.30000000005
0.0,26.0,12.0,0.0,0.0,1.0,0.0,23511.202,0.0,0.0,psid,0,1,0,676.0,17576.0,144.0,552776619.484804,0.0,282134.424
0.0,25.0,12.0,0.0,0.0,1.0,0.0,23511.202,11279.032,21279.263,psid,0,0,1,625.0,15625.0,144.0,552776619.484804,127216562.85702398,282134.424
0.0,32.0,12.0,0.0,0.0,1.0,0.0,23511.202,13785.484,31032.258,psid,0,0,1,1024.0,32768.0,144.0,552776619.484804,190039569.11425602,282134.424
0.0,32.0,12.0,0.0,1.0,1.0,0.0,23511.202,13964.516,66497.696,psid,0,0,1,1024.0,32768.0,144.0,552776619.484804,195007707.114256,282134.424
0.0,50.0,16.0,0.0,0.0,0.0,0.0,23511.202,14322.581,39973.982,psid,0,0,1,2500.0,125000.0,256.0,552776619.484804,205136326.50156102,376179.232
0.0,25.0,13.0,0.0,0.0,0.0,0.0,23511.202,14322.581,20850.722,psid,0,0,1,625.0,15625.0,169.0,552776619.484804,205136326.50156102,305645.626
0.0,33.0,12.0,1.0,0.0,1.0,0.0,23511.202,14322.581,23643.625,psid,0,0,1,1089.0,35937.0,144.0,552776619.484804,205136326.50156102,282134.424
0.0,27.0,12.0,0.0,0.0,1.0,0.0,23511.202,15038.71,12738.003,psid,0,0,1,729.0,19683.0,144.0,552776619.484804,226162798.46409997,282134.424
0.0,28.0,16.0,1.0,0.0,1.0,0.0,23511.202,16112.903,22018.126,psid,0,0,1,784.0,21952.0,256.0,552776619.484804,259625643.08740902,376179.232
0.0,28.0,12.0,0.0,0.0,1.0,0.0,23511.202,16112.903,0.0,psid,0,0,0,784.0,21952.0,144.0,552776619.484804,259625643.08740902,282134.424
0.0,38.0,12.0,0.0,0.0,1.0,0.0,23511.202,16112.903,30293.395,psid,0,0,1,1444.0,54872.0,144.0,552776619.484804,259625643.08740902,282134.424
0.0,31.0,12.0,0.0,0.0,1.0,0.0,23511.202,17903.226,22165.899,psid,0,0,1,961.0,29791.0,144.0,552776619.484804,320525501.20707595,282134.424
0.0,28.0,12.0,0.0,0.0,1.0,0.0,23511.202,18798.387,36943.164,psid,0,0,1,784.0,21952.0,144.0,552776619.484804,353379353.80176896,282134.424
0.0,43.0,12.0,1.0,0.0,1.0,0.0,23511.202,19421.419,13559.619,psid,0,0,1,1849.0,79507.0,144.0,552776619.484804,377191515.97356105,282134.424
0.0,37.0,17.0,1.0,0.0,1.0,0.0,23511.202,19693.548,76841.782,psid,0,0,1,1369.0,50653.0,289.0,552776619.484804,387835832.82830393,399690.434
0.0,37.0,17.0,1.0,0.0,1.0,0.0,23511.202,19693.548,76841.782,psid,0,0,1,1369.0,50653.0,289.0,552776619.484804,387835832.82830393,399690.434
0.0,23.0,12.0,0.0,0.0,1.0,0.0,23511.202,19854.677,18914.9,psid,0,0,1,529.0,12167.0,144.0,552776619.484804,394208198.774329,282134.424
0.0,55.0,12.0,0.0,0.0,1.0,0.0,23511.202,20588.71,22165.899,psid,0,0,1,3025.0,166375.0,144.0,552776619.484804,423894979.46409994,282134.424
0.0,34.0,17.0,0.0,0.0,1.0,0.0,23511.202,20588.71,23421.966,psid,0,0,1,1156.0,39304.0,289.0,552776619.484804,423894979.46409994,399690.434
0.0,28.0,17.0,0.0,0.0,1.0,0.0,23511.202,20946.774,69453.149,psid,0,0,1,784.0,21952.0,289.0,552776619.484804,438767341.007076,399690.434
0.0,31.0,14.0,0.0,0.0,1.0,0.0,23511.202,21483.871,27830.025,psid,0,0,1,961.0,29791.0,196.0,552776619.484804,461556713.144641,329156.82800000004
0.0,28.0,12.0,0.0,0.0,1.0,0.0,23511.202,21483.871,23643.625,psid,0,0,1,784.0,21952.0,144.0,552776619.484804,461556713.144641,282134.424
0.0,25.0,12.0,0.0,1.0,1.0,0.0,23511.202,21483.871,25121.352,psid,0,0,1,625.0,15625.0,144.0,552776619.484804,461556713.144641,282134.424
0.0,54.0,15.0,0.0,0.0,1.0,0.0,23511.202,21483.871,59109.063,psid,0,0,1,2916.0,157464.0,225.0,552776619.484804,461556713.144641,352668.03
0.0,42.0,12.0,1.0,0.0,0.0,0.0,23511.202,21483.871,22165.899,psid,0,0,1,1764.0,74088.0,144.0,552776619.484804,461556713.144641,282134.424
0.0,35.0,12.0,0.0,0.0,1.0,0.0,23511.202,21483.871,29554.531,psid,0,0,1,1225.0,42875.0,144.0,552776619.484804,461556713.144641,282134.424
0.0,27.0,13.0,0.0,0.0,0.0,0.0,23511.202,21483.871,22165.899,psid,0,0,1,729.0,19683.0,169.0,552776619.484804,461556713.144641,305645.626
0.0,45.0,12.0,0.0,0.0,1.0,0.0,23511.202,21483.871,0.0,psid,0,0,0,2025.0,91125.0,144.0,552776619.484804,461556713.144641,282134.424
0.0,26.0,12.0,1.0,0.0,1.0,0.0,23511.202,21483.871,31623.349,psid,0,0,1,676.0,17576.0,144.0,552776619.484804,461556713.144641,282134.424
0.0,28.0,16.0,0.0,0.0,1.0,0.0,23511.202,21483.871,11821.813,psid,0,0,1,784.0,21952.0,256.0,552776619.484804,461556713.144641,376179.232
0.0,30.0,16.0,0.0,0.0,1.0,0.0,23511.202,21483.871,22165.899,psid,0,0,1,900.0,27000.0,256.0,552776619.484804,461556713.144641,376179.232
0.0,24.0,12.0,0.0,1.0,1.0,0.0,23511.202,21483.871,23052.535,psid,0,0,1,576.0,13824.0,144.0,552776619.484804,461556713.144641,282134.424
0.0,26.0,14.0,0.0,0.0,1.0,0.0,23511.202,22020.968,22165.899,psid,0,0,1,676.0,17576.0,196.0,552776619.484804,484923031.657024,329156.82800000004
0.0,35.0,14.0,0.0,0.0,1.0,0.0,23511.202,22379.032,22165.899,psid,0,0,1,1225.0,42875.0,196.0,552776619.484804,500821073.257024,329156.82800000004
0.0,42.0,17.0,0.0,0.0,1.0,0.0,23511.202,22379.032,0.0,psid,0,0,0,1764.0,74088.0,289.0,552776619.484804,500821073.257024,399690.434
0.0,42.0,17.0,0.0,0.0,1.0,0.0,23511.202,22379.032,0.0,psid,0,0,0,1764.0,74088.0,289.0,552776619.484804,500821073.257024,399690.434
0.0,28.0,16.0,0.0,0.0,1.0,0.0,23511.202,22379.032,27337.942,psid,0,0,1,784.0,21952.0,256.0,552776619.484804,500821073.257024,376179.232
0.0,28.0,12.0,0.0,0.0,1.0,0.0,23511.202,22379.032,29554.531,psid,0,0,1,784.0,21952.0,144.0,552776619.484804,500821073.257024,282134.424
0.0,27.0,14.0,0.0,0.0,1.0,0.0,23511.202,22558.065,23531.318,psid,0,0,1,729.0,19683.0,196.0,552776619.484804,508866296.5442249,329156.82800000004
0.0,35.0,16.0,0.0,0.0,1.0,0.0,23511.202,22737.097,21834.888,psid,0,0,1,1225.0,42875.0,256.0,552776619.484804,516975579.98740906,376179.232
0.0,55.0,12.0,0.0,0.0,1.0,0.0,23511.202,22916.129,17732.719,psid,0,0,1,3025.0,166375.0,144.0,552776619.484804,525148968.34464103,282134.424
0.0,36.0,14.0,0.0,0.0,1.0,0.0,23511.202,23274.194,33248.848,psid,0,0,1,1296.0,46656.0,196.0,552776619.484804,541688106.349636,329156.82800000004
0.0,42.0,16.0,0.0,1.0,1.0,0.0,23511.202,23274.194,29554.531,psid,0,0,1,1764.0,74088.0,256.0,552776619.484804,541688106.349636,376179.232
0.0,22.0,12.0,0.0,0.0,1.0,0.0,23511.202,23274.194,26155.76,psid,0,0,1,484.0,10648.0,144.0,552776619.484804,541688106.349636,282134.424
0.0,33.0,12.0,1.0,0.0,1.0,0.0,23511.202,23274.194,36943.164,psid,0,0,1,1089.0,35937.0,144.0,552776619.484804,541688106.349636,282134.424
0.0,38.0,12.0,0.0,0.0,1.0,0.0,23511.202,23274.194,25121.352,psid,0,0,1,1444.0,54872.0,144.0,552776619.484804,541688106.349636,282134.424
0.0,48.0,16.0,0.0,0.0,1.0,0.0,23511.202,23274.194,39898.618,psid,0,0,1,2304.0,110592.0,256.0,552776619.484804,541688106.349636,376179.232
0.0,48.0,16.0,0.0,0.0,1.0,0.0,23511.202,23274.194,39898.618,psid,0,0,1,2304.0,110592.0,256.0,552776619.484804,541688106.349636,376179.232
0.0,25.0,13.0,0.0,0.0,1.0,0.0,23511.202,23456.806,26007.988,psid,0,0,1,625.0,15625.0,169.0,552776619.484804,550221747.721636,305645.626
0.0,23.0,14.0,0.0,0.0,1.0,0.0,23511.202,24169.355,31032.258,psid,0,0,1,529.0,12167.0,196.0,552776619.484804,584157721.116025,329156.82800000004
0.0,31.0,16.0,0.0,0.0,1.0,0.0,23511.202,24706.452,28963.441,psid,0,0,1,961.0,29791.0,256.0,552776619.484804,610408770.4283041,376179.232
0.0,26.0,12.0,0.0,0.0,1.0,0.0,23511.202,24885.484,26599.078,psid,0,0,1,676.0,17576.0,144.0,552776619.484804,619287313.914256,282134.424
0.0,32.0,12.0,0.0,0.0,1.0,0.0,23511.202,25064.516,26599.078,psid,0,0,1,1024.0,32768.0,144.0,552776619.484804,628229962.314256,282134.424
0.0,29.0,13.0,0.0,0.0,1.0,0.0,23511.202,25064.516,0.0,psid,0,0,0,841.0,24389.0,169.0,552776619.484804,628229962.314256,305645.626
0.0,29.0,13.0,0.0,0.0,1.0,0.0,23511.202,25064.516,0.0,psid,0,0,0,841.0,24389.0,169.0,552776619.484804,628229962.314256,305645.626
0.0,30.0,16.0,0.0,0.0,1.0,0.0,23511.202,25243.548,27042.396,psid,0,0,1,900.0,27000.0,256.0,552776619.484804,637236715.6283039,376179.232
0.0,47.0,14.0,1.0,0.0,1.0,0.0,23511.202,25565.806,23974.636,psid,0,0,1,2209.0,103823.0,196.0,552776619.484804,653610436.429636,329156.82800000004
0.0,51.0,12.0,1.0,0.0,1.0,0.0,23511.202,25601.613,25121.352,psid,0,0,1,2601.0,132651.0,144.0,552776619.484804,655442588.2017691,282134.424
0.0,26.0,14.0,0.0,0.0,1.0,0.0,23511.202,25780.645,31032.258,psid,0,0,1,676.0,17576.0,196.0,552776619.484804,664641656.616025,329156.82800000004
0.0,32.0,16.0,0.0,0.0,1.0,0.0,23511.202,25959.677,35465.438,psid,0,0,1,1024.0,32768.0,256.0,552776619.484804,673904829.944329,376179.232
0.0,35.0,14.0,0.0,0.0,1.0,0.0,23511.202,26496.774,29554.531,psid,0,0,1,1225.0,42875.0,196.0,552776619.484804,702079032.4070761,329156.82800000004
0.0,35.0,14.0,0.0,0.0,1.0,0.0,23511.202,26496.774,29554.531,psid,0,0,1,1225.0,42875.0,196.0,552776619.484804,702079032.4070761,329156.82800000004
0.0,54.0,12.0,0.0,0.0,1.0,0.0,23511.202,26854.839,2049.6068,psid,0,0,1,2916.0,157464.0,144.0,552776619.484804,721182377.715921,282134.424
0.0,55.0,12.0,0.0,0.0,1.0,0.0,23511.202,26854.839,26599.078,psid,0,0,1,3025.0,166375.0,144.0,552776619.484804,721182377.715921,282134.424
0.0,55.0,12.0,0.0,0.0,1.0,0.0,23511.202,26854.839,26599.078,psid,0,0,1,3025.0,166375.0,144.0,552776619.484804,721182377.715921,282134.424
0.0,38.0,12.0,0.0,0.0,1.0,0.0,23511.202,26854.839,29554.531,psid,0,0,1,1444.0,54872.0,144.0,552776619.484804,721182377.715921,282134.424
0.0,25.0,12.0,0.0,0.0,0.0,0.0,23511.202,26854.839,18176.037,psid,0,0,1,625.0,15625.0,144.0,552776619.484804,721182377.715921,282134.424
0.0,30.0,12.0,0.0,0.0,1.0,0.0,23511.202,28645.161,32509.985,psid,0,0,1,900.0,27000.0,144.0,552776619.484804,820545248.715921,282134.424
0.0,25.0,17.0,0.0,0.0,1.0,0.0,23511.202,29003.226,28076.805,psid,0,0,1,625.0,15625.0,289.0,552776619.484804,841187118.4070759,399690.434
0.0,39.0,12.0,0.0,0.0,0.0,0.0,23511.202,31509.677,15516.129,psid,0,0,1,1521.0,59319.0,144.0,552776619.484804,992859744.644329,282134.424
0.0,28.0,14.0,0.0,0.0,1.0,0.0,23511.202,32225.806,36943.164,psid,0,0,1,784.0,21952.0,196.0,552776619.484804,1038502572.3496361,329156.82800000004
0.0,47.0,12.0,1.0,0.0,1.0,0.0,23511.202,32225.806,17732.719,psid,0,0,1,2209.0,103823.0,144.0,552776619.484804,1038502572.3496361,282134.424
0.0,39.0,17.0,0.0,0.0,1.0,0.0,23511.202,35448.387,32509.985,psid,0,0,1,1521.0,59319.0,289.0,552776619.484804,1256588140.9017692,399690.434
0.0,49.0,12.0,0.0,0.0,1.0,0.0,23511.202,35806.452,23643.625,psid,0,0,1,2401.0,117649.0,144.0,552776619.484804,1282102004.8283038,282134.424
0.0,21.0,12.0,0.0,0.0,1.0,0.0,23511.202,50129.032,0.0,psid,0,0,0,441.0,9261.0,144.0,552776619.484804,2512919849.257024,282134.424
0.0,31.0,14.0,0.0,0.0,1.0,0.0,23707.128,20767.742,23939.171,psid,0,0,1,961.0,29791.0,196.0,562027918.008384,431299107.7785639,331899.792
0.0,27.0,12.0,0.0,0.0,1.0,0.0,23707.128,21483.871,33987.711,psid,0,0,1,729.0,19683.0,144.0,562027918.008384,461556713.144641,284485.536
0.0,37.0,12.0,0.0,0.0,1.0,0.0,23707.128,22200.0,22904.762,psid,0,0,1,1369.0,50653.0,144.0,562027918.008384,492840000.0,284485.536
0.0,51.0,12.0,0.0,0.0,1.0,0.0,23707.128,22379.032,19411.416,psid,0,0,1,2601.0,132651.0,144.0,562027918.008384,500821073.257024,284485.536
0.0,29.0,12.0,0.0,0.0,1.0,0.0,23707.128,26854.839,28076.805,psid,0,0,1,841.0,24389.0,144.0,562027918.008384,721182377.715921,284485.536
0.0,27.0,14.0,0.0,0.0,1.0,0.0,23707.128,29540.323,23200.307,psid,0,0,1,729.0,19683.0,196.0,562027918.008384,872630682.944329,331899.792
0.0,24.0,13.0,0.0,0.0,1.0,0.0,23903.055,1790.3226,449.22888,psid,0,0,1,576.0,13824.0,169.0,571356038.333025,3205255.0120707597,310739.715
0.0,32.0,12.0,0.0,0.0,1.0,0.0,23903.055,24812.081,12412.903,psid,0,0,1,1024.0,32768.0,144.0,571356038.333025,615639363.550561,286836.66000000003
0.0,31.0,17.0,0.0,0.0,1.0,0.0,23903.055,25601.613,27042.396,psid,0,0,1,961.0,29791.0,289.0,571356038.333025,655442588.2017691,406351.935
0.0,46.0,12.0,0.0,0.0,0.0,0.0,23918.729,12532.258,0.0,psid,0,0,0,2116.0,97336.0,144.0,572105596.975441,157057490.578564,287024.748
0.0,40.0,15.0,0.0,1.0,1.0,0.0,24001.018,23274.194,26599.078,psid,0,0,1,1600.0,64000.0,225.0,576048865.036324,541688106.349636,360015.27
0.0,27.0,16.0,0.0,0.0,1.0,0.0,24098.982,7161.2903,36204.301,psid,0,0,1,729.0,19683.0,256.0,580760933.436324,51284078.760874085,385583.712
0.0,27.0,17.0,0.0,0.0,1.0,0.0,24098.982,22200.0,25860.215,psid,0,0,1,729.0,19683.0,289.0,580760933.436324,492840000.0,409682.694
0.0,28.0,14.0,0.0,0.0,1.0,0.0,24098.982,22379.032,27337.942,psid,0,0,1,784.0,21952.0,196.0,580760933.436324,500821073.257024,337385.748
0.0,29.0,17.0,0.0,0.0,1.0,0.0,24098.982,24527.419,23643.625,psid,0,0,1,841.0,24389.0,289.0,580760933.436324,601594282.8015611,409682.694
0.0,36.0,13.0,0.0,0.0,1.0,0.0,24098.982,25064.516,25564.67,psid,0,0,1,1296.0,46656.0,169.0,580760933.436324,628229962.314256,313286.766
0.0,23.0,12.0,0.0,0.0,1.0,0.0,24098.982,26854.839,17437.174,psid,0,0,1,529.0,12167.0,144.0,580760933.436324,721182377.715921,289187.784
0.0,28.0,12.0,0.0,0.0,1.0,0.0,24294.908,18261.29,21427.035,psid,0,0,1,784.0,21952.0,144.0,590242554.728464,333474712.4641,291538.896
0.0,28.0,12.0,0.0,0.0,1.0,0.0,24383.075,15217.742,19210.445,psid,0,0,1,784.0,21952.0,144.0,594534346.455625,231579671.57856402,292596.9
0.0,34.0,12.0,0.0,0.0,1.0,0.0,24486.916,22200.0,22904.762,psid,0,0,1,1156.0,39304.0,144.0,599609055.191056,492840000.0,293842.992
0.0,41.0,12.0,0.0,0.0,1.0,0.0,24490.835,14322.581,22165.899,psid,0,0,1,1681.0,68921.0,144.0,599800998.9972249,205136326.50156102,293890.02
0.0,25.0,13.0,0.0,0.0,1.0,0.0,24490.835,18261.29,0.0,psid,0,0,0,625.0,15625.0,169.0,599800998.9972249,333474712.4641,318380.855
0.0,45.0,12.0,0.0,0.0,1.0,0.0,24490.835,21483.871,10639.631,psid,0,0,1,2025.0,91125.0,144.0,599800998.9972249,461556713.144641,293890.02
0.0,45.0,12.0,1.0,0.0,1.0,0.0,24490.835,21483.871,28076.805,psid,0,0,1,2025.0,91125.0,144.0,599800998.9972249,461556713.144641,293890.02
0.0,41.0,12.0,0.0,0.0,1.0,0.0,24490.835,21483.871,33987.711,psid,0,0,1,1681.0,68921.0,144.0,599800998.9972249,461556713.144641,293890.02
0.0,35.0,16.0,0.0,0.0,0.0,0.0,24490.835,21841.935,24825.806,psid,0,0,1,1225.0,42875.0,256.0,599800998.9972249,477070124.54422504,391853.36
0.0,35.0,13.0,1.0,0.0,1.0,0.0,24490.835,23274.194,25121.352,psid,0,0,1,1225.0,42875.0,169.0,599800998.9972249,541688106.349636,318380.855
0.0,29.0,16.0,0.0,0.0,1.0,0.0,24490.835,23453.226,25860.215,psid,0,0,1,841.0,24389.0,256.0,599800998.9972249,550053809.807076,391853.36
0.0,28.0,13.0,0.0,0.0,1.0,0.0,24490.835,23868.581,23495.853,psid,0,0,1,784.0,21952.0,169.0,599800998.9972249,569709158.953561,318380.855
0.0,35.0,13.0,0.0,0.0,1.0,0.0,24490.835,23990.323,22165.899,psid,0,0,1,1225.0,42875.0,169.0,599800998.9972249,575535597.6443291,318380.855
0.0,35.0,16.0,0.0,0.0,1.0,0.0,24490.835,24169.355,25638.556,psid,0,0,1,1225.0,42875.0,256.0,599800998.9972249,584157721.116025,391853.36
0.0,30.0,12.0,0.0,0.0,1.0,0.0,24490.835,25064.516,29554.531,psid,0,0,1,900.0,27000.0,144.0,599800998.9972249,628229962.314256,293890.02
0.0,29.0,12.0,0.0,0.0,1.0,0.0,24490.835,25064.516,28076.805,psid,0,0,1,841.0,24389.0,144.0,599800998.9972249,628229962.314256,293890.02
0.0,26.0,14.0,1.0,0.0,1.0,0.0,24490.835,25717.984,26643.41,psid,0,0,1,676.0,17576.0,196.0,599800998.9972249,661414701.024256,342871.69
0.0,28.0,16.0,0.0,0.0,1.0,0.0,24490.835,26460.968,45809.524,psid,0,0,1,784.0,21952.0,256.0,599800998.9972249,700182827.497024,391853.36
0.0,30.0,16.0,0.0,0.0,1.0,0.0,24490.835,26854.839,38420.891,psid,0,0,1,900.0,27000.0,256.0,599800998.9972249,721182377.715921,391853.36
0.0,26.0,17.0,0.0,0.0,0.0,0.0,24490.835,26854.839,29702.304,psid,0,0,1,676.0,17576.0,289.0,599800998.9972249,721182377.715921,416344.195
0.0,22.0,13.0,0.0,0.0,1.0,0.0,24490.835,26854.839,39159.754,psid,0,0,1,484.0,10648.0,169.0,599800998.9972249,721182377.715921,318380.855
0.0,22.0,12.0,0.0,0.0,1.0,0.0,24490.835,26854.839,25121.352,psid,0,0,1,484.0,10648.0,144.0,599800998.9972249,721182377.715921,293890.02
0.0,26.0,16.0,0.0,0.0,0.0,0.0,24490.835,27750.0,9605.2227,psid,0,0,1,676.0,17576.0,256.0,599800998.9972249,770062500.0,391853.36
0.0,43.0,12.0,1.0,0.0,1.0,0.0,24490.835,29355.919,35465.438,psid,0,0,1,1849.0,79507.0,144.0,599800998.9972249,861769980.3345611,293890.02
0.0,43.0,13.0,1.0,0.0,1.0,0.0,24490.835,34016.129,39898.618,psid,0,0,1,1849.0,79507.0,169.0,599800998.9972249,1157097032.1446412,318380.855
0.0,48.0,16.0,0.0,0.0,1.0,0.0,24663.251,18082.258,25121.352,psid,0,0,1,2304.0,110592.0,256.0,608275949.889001,326968054.37856406,394612.016
0.0,45.0,12.0,0.0,0.0,1.0,0.0,24686.762,15217.742,27929.032,psid,0,0,1,2025.0,91125.0,144.0,609436218.044644,231579671.57856402,296241.144
0.0,27.0,12.0,1.0,0.0,1.0,0.0,24686.762,22558.065,22609.217,psid,0,0,1,729.0,19683.0,144.0,609436218.044644,508866296.5442249,296241.144
0.0,44.0,17.0,0.0,0.0,1.0,0.0,24686.762,23274.194,23348.08,psid,0,0,1,1936.0,85184.0,289.0,609436218.044644,541688106.349636,419674.95399999997
0.0,26.0,16.0,0.0,0.0,1.0,0.0,24686.762,25422.581,29554.531,psid,0,0,1,676.0,17576.0,256.0,609436218.044644,646307624.7015609,394988.192
0.0,54.0,16.0,0.0,0.0,1.0,0.0,24686.762,26854.839,26451.306,psid,0,0,1,2916.0,157464.0,256.0,609436218.044644,721182377.715921,394988.192
0.0,54.0,16.0,0.0,0.0,1.0,0.0,24686.762,26854.839,26451.306,psid,0,0,1,2916.0,157464.0,256.0,609436218.044644,721182377.715921,394988.192
0.0,54.0,16.0,0.0,0.0,1.0,0.0,24686.762,26854.839,26451.306,psid,0,0,1,2916.0,157464.0,256.0,609436218.044644,721182377.715921,394988.192
0.0,29.0,12.0,0.0,0.0,1.0,0.0,24686.762,27750.0,24382.488,psid,0,0,1,841.0,24389.0,144.0,609436218.044644,770062500.0,296241.144
0.0,22.0,12.0,0.0,0.0,1.0,0.0,24765.132,21594.871,34320.2,psid,0,0,1,484.0,10648.0,144.0,613311762.977424,466338453.506641,297181.58400000003
0.0,39.0,17.0,0.0,0.0,1.0,0.0,24823.91,25064.516,27061.607,psid,0,0,1,1521.0,59319.0,289.0,616226507.6881,628229962.314256,422006.47
0.0,35.0,16.0,0.0,0.0,1.0,0.0,24882.688,24527.419,36943.164,psid,0,0,1,1225.0,42875.0,256.0,619148162.1053439,601594282.8015611,398123.008
0.0,44.0,12.0,0.0,0.0,1.0,0.0,24882.688,27929.032,25121.352,psid,0,0,1,1936.0,85184.0,144.0,619148162.1053439,780030828.457024,298592.256
0.0,32.0,16.0,0.0,0.0,1.0,0.0,24980.652,25064.516,26599.078,psid,0,0,1,1024.0,32768.0,256.0,624032974.3451039,628229962.314256,399690.432
0.0,27.0,17.0,0.0,0.0,1.0,0.0,25078.615,19693.548,24530.261,psid,0,0,1,729.0,19683.0,289.0,628936930.318225,387835832.82830393,426336.455
0.0,27.0,17.0,0.0,0.0,1.0,0.0,25078.615,19693.548,24530.261,psid,0,0,1,729.0,19683.0,289.0,628936930.318225,387835832.82830393,426336.455
0.0,26.0,12.0,0.0,0.0,1.0,0.0,25078.615,23274.194,26599.078,psid,0,0,1,676.0,17576.0,144.0,628936930.318225,541688106.349636,300943.38
0.0,46.0,12.0,0.0,0.0,1.0,0.0,25078.615,24169.355,26780.839,psid,0,0,1,2116.0,97336.0,144.0,628936930.318225,584157721.116025,300943.38
0.0,25.0,16.0,0.0,0.0,0.0,0.0,25078.615,25601.613,30145.622,psid,0,0,1,625.0,15625.0,256.0,628936930.318225,655442588.2017691,401257.84
0.0,35.0,12.0,0.0,0.0,1.0,0.0,25078.615,26854.839,29554.531,psid,0,0,1,1225.0,42875.0,144.0,628936930.318225,721182377.715921,300943.38
0.0,33.0,16.0,0.0,0.0,1.0,0.0,25078.615,26854.839,24448.986,psid,0,0,1,1089.0,35937.0,256.0,628936930.318225,721182377.715921,401257.84
0.0,26.0,16.0,0.0,0.0,1.0,0.0,25078.615,30793.548,36943.164,psid,0,0,1,676.0,17576.0,256.0,628936930.318225,948242598.428304,401257.84
0.0,26.0,12.0,1.0,0.0,1.0,0.0,25088.411,23274.194,29554.531,psid,0,0,1,676.0,17576.0,144.0,629428366.504921,541688106.349636,301060.93200000003
0.0,20.0,12.0,0.0,0.0,1.0,0.0,25294.134,18798.387,25121.352,psid,0,0,1,400.0,8000.0,144.0,639793214.809956,353379353.80176896,303529.608
0.0,49.0,12.0,0.0,0.0,1.0,0.0,25470.468,17953.355,20244.854,psid,0,0,1,2401.0,117649.0,144.0,648744740.139024,322322955.75602496,305645.61600000004
0.0,25.0,13.0,0.0,0.0,1.0,0.0,25470.468,18798.387,23643.625,psid,0,0,1,625.0,15625.0,169.0,648744740.139024,353379353.80176896,331116.08400000003
0.0,28.0,12.0,1.0,0.0,0.0,0.0,25470.468,19693.548,26599.078,psid,0,0,1,784.0,21952.0,144.0,648744740.139024,387835832.82830393,305645.61600000004
0.0,28.0,13.0,0.0,0.0,1.0,0.0,25470.468,19693.548,26599.078,psid,0,0,1,784.0,21952.0,169.0,648744740.139024,387835832.82830393,331116.08400000003
0.0,35.0,12.0,1.0,0.0,1.0,0.0,25470.468,21483.871,26599.078,psid,0,0,1,1225.0,42875.0,144.0,648744740.139024,461556713.144641,305645.61600000004
0.0,27.0,12.0,0.0,0.0,0.0,0.0,25470.468,21483.871,25121.352,psid,0,0,1,729.0,19683.0,144.0,648744740.139024,461556713.144641,305645.61600000004
0.0,44.0,12.0,0.0,0.0,1.0,0.0,25470.468,21483.871,25634.123,psid,0,0,1,1936.0,85184.0,144.0,648744740.139024,461556713.144641,305645.61600000004
0.0,23.0,12.0,0.0,1.0,1.0,0.0,25470.468,21483.871,32509.985,psid,0,0,1,529.0,12167.0,144.0,648744740.139024,461556713.144641,305645.61600000004
0.0,32.0,12.0,1.0,0.0,1.0,0.0,25470.468,22379.032,31771.121,psid,0,0,1,1024.0,32768.0,144.0,648744740.139024,500821073.257024,305645.61600000004
0.0,24.0,12.0,0.0,0.0,1.0,0.0,25470.468,22737.097,25121.352,psid,0,0,1,576.0,13824.0,144.0,648744740.139024,516975579.98740906,305645.61600000004
0.0,27.0,12.0,0.0,0.0,1.0,0.0,25470.468,23095.161,31032.258,psid,0,0,1,729.0,19683.0,144.0,648744740.139024,533386461.615921,305645.61600000004
0.0,46.0,12.0,0.0,0.0,1.0,0.0,25470.468,23274.194,29554.531,psid,0,0,1,2116.0,97336.0,144.0,648744740.139024,541688106.349636,305645.61600000004
0.0,31.0,12.0,0.0,0.0,1.0,0.0,25470.468,23274.194,22165.899,psid,0,0,1,961.0,29791.0,144.0,648744740.139024,541688106.349636,305645.61600000004
0.0,27.0,15.0,1.0,0.0,0.0,0.0,25470.468,24169.355,29554.531,psid,0,0,1,729.0,19683.0,225.0,648744740.139024,584157721.116025,382057.02
0.0,51.0,16.0,0.0,0.0,0.0,0.0,25470.468,24169.355,12708.449,psid,0,0,1,2601.0,132651.0,256.0,648744740.139024,584157721.116025,407527.488
0.0,43.0,12.0,1.0,0.0,1.0,0.0,25470.468,25064.516,25121.352,psid,0,0,1,1849.0,79507.0,144.0,648744740.139024,628229962.314256,305645.61600000004
0.0,32.0,16.0,1.0,0.0,1.0,0.0,25470.468,25422.581,30145.622,psid,0,0,1,1024.0,32768.0,256.0,648744740.139024,646307624.7015609,407527.488
0.0,37.0,12.0,0.0,0.0,0.0,0.0,25470.468,25780.645,22461.444,psid,0,0,1,1369.0,50653.0,144.0,648744740.139024,664641656.616025,305645.61600000004
0.0,37.0,12.0,0.0,0.0,0.0,0.0,25470.468,25780.645,22461.444,psid,0,0,1,1369.0,50653.0,144.0,648744740.139024,664641656.616025,305645.61600000004
0.0,30.0,12.0,0.0,0.0,1.0,0.0,25470.468,25959.677,28076.805,psid,0,0,1,900.0,27000.0,144.0,648744740.139024,673904829.944329,305645.61600000004
0.0,45.0,12.0,1.0,0.0,1.0,0.0,25470.468,26695.5,27898.0,psid,0,0,1,2025.0,91125.0,144.0,648744740.139024,712649720.25,305645.61600000004
0.0,45.0,12.0,1.0,0.0,1.0,0.0,25470.468,26695.5,27898.0,psid,0,0,1,2025.0,91125.0,144.0,648744740.139024,712649720.25,305645.61600000004
0.0,49.0,17.0,0.0,0.0,1.0,0.0,25470.468,26854.839,29554.531,psid,0,0,1,2401.0,117649.0,289.0,648744740.139024,721182377.715921,432997.956
0.0,49.0,17.0,0.0,0.0,1.0,0.0,25470.468,26854.839,29554.531,psid,0,0,1,2401.0,117649.0,289.0,648744740.139024,721182377.715921,432997.956
0.0,26.0,17.0,0.0,0.0,1.0,0.0,25470.468,26854.839,44331.797,psid,0,0,1,676.0,17576.0,289.0,648744740.139024,721182377.715921,432997.956
0.0,37.0,13.0,0.0,0.0,1.0,0.0,25470.468,30435.484,32509.985,psid,0,0,1,1369.0,50653.0,169.0,648744740.139024,926318686.3142561,331116.08400000003
0.0,44.0,17.0,0.0,0.0,1.0,0.0,25470.468,30435.484,21427.035,psid,0,0,1,1936.0,85184.0,289.0,648744740.139024,926318686.3142561,432997.956
0.0,30.0,17.0,0.0,0.0,1.0,0.0,25470.468,31330.645,38420.891,psid,0,0,1,900.0,27000.0,289.0,648744740.139024,981609316.116025,432997.956
0.0,51.0,12.0,0.0,0.0,1.0,0.0,25470.468,32225.806,29554.531,psid,0,0,1,2601.0,132651.0,144.0,648744740.139024,1038502572.3496361,305645.61600000004
0.0,28.0,17.0,0.0,0.0,1.0,0.0,25607.617,18091.21,22165.899,psid,0,0,1,784.0,21952.0,289.0,655750048.4186889,327291879.26409996,435329.48899999994
0.0,29.0,16.0,0.0,0.0,1.0,0.0,25666.395,28287.097,35465.438,psid,0,0,1,841.0,24389.0,256.0,658763832.296025,800159856.687409,410662.32
0.0,40.0,12.0,0.0,0.0,1.0,0.0,25707.54,20409.677,23052.535,psid,0,0,1,1600.0,64000.0,144.0,660877612.8516,416554915.244329,308490.48
0.0,34.0,16.0,0.0,0.0,1.0,0.0,25862.322,0.0,0.0,psid,0,1,0,1156.0,39304.0,256.0,668859699.231684,0.0,413797.152
0.0,51.0,12.0,0.0,0.0,1.0,0.0,25862.322,20588.71,24825.806,psid,0,0,1,2601.0,132651.0,144.0,668859699.231684,423894979.46409994,310347.864
0.0,26.0,16.0,0.0,0.0,1.0,0.0,25862.322,22379.032,35465.438,psid,0,0,1,676.0,17576.0,256.0,668859699.231684,500821073.257024,413797.152
0.0,46.0,12.0,0.0,0.0,1.0,0.0,25862.322,23274.194,35465.438,psid,0,0,1,2116.0,97336.0,144.0,668859699.231684,541688106.349636,310347.864
0.0,45.0,14.0,0.0,0.0,1.0,0.0,25862.322,28645.161,26599.078,psid,0,0,1,2025.0,91125.0,196.0,668859699.231684,820545248.715921,362072.50800000003
0.0,49.0,12.0,0.0,0.0,1.0,0.0,25862.322,28645.161,26599.078,psid,0,0,1,2401.0,117649.0,144.0,668859699.231684,820545248.715921,310347.864
0.0,26.0,16.0,0.0,0.0,0.0,0.0,25862.322,31790.758,15646.169,psid,0,0,1,676.0,17576.0,256.0,668859699.231684,1010652294.2145641,413797.152
0.0,30.0,16.0,0.0,0.0,1.0,0.0,26058.248,28645.161,29258.986,psid,0,0,1,900.0,27000.0,256.0,679032288.829504,820545248.715921,416931.968
0.0,50.0,12.0,0.0,0.0,1.0,0.0,26254.175,0.0,0.0,psid,0,1,0,2500.0,125000.0,144.0,689281704.930625,0.0,315050.1
0.0,25.0,12.0,0.0,0.0,0.0,0.0,26254.175,21483.871,26599.078,psid,0,0,1,625.0,15625.0,144.0,689281704.930625,461556713.144641,315050.1
0.0,27.0,17.0,0.0,0.0,0.0,0.0,26254.175,29540.323,31032.258,psid,0,0,1,729.0,19683.0,289.0,689281704.930625,872630682.944329,446320.975
0.0,46.0,16.0,0.0,0.0,1.0,0.0,26293.36,65160.581,17732.719,psid,0,0,1,2116.0,97336.0,256.0,691340780.0896001,4245901316.2575607,420693.76
0.0,46.0,16.0,0.0,0.0,1.0,0.0,26293.36,65160.581,17732.719,psid,0,0,1,2116.0,97336.0,256.0,691340780.0896001,4245901316.2575607,420693.76
0.0,43.0,12.0,1.0,0.0,1.0,0.0,26450.102,14322.581,29554.531,psid,0,0,1,1849.0,79507.0,144.0,699607895.810404,205136326.50156102,317401.224
0.0,27.0,12.0,1.0,0.0,1.0,0.0,26450.102,18798.387,31032.258,psid,0,0,1,729.0,19683.0,144.0,699607895.810404,353379353.80176896,317401.224
0.0,22.0,12.0,0.0,0.0,0.0,0.0,26450.102,23274.194,19210.445,psid,0,0,1,484.0,10648.0,144.0,699607895.810404,541688106.349636,317401.224
0.0,55.0,12.0,0.0,0.0,1.0,0.0,26450.102,23990.323,29554.531,psid,0,0,1,3025.0,166375.0,144.0,699607895.810404,575535597.6443291,317401.224
0.0,53.0,12.0,0.0,0.0,1.0,0.0,26450.102,25064.516,26007.988,psid,0,0,1,2809.0,148877.0,144.0,699607895.810404,628229962.314256,317401.224
0.0,44.0,12.0,0.0,0.0,1.0,0.0,26450.102,25959.677,26746.851,psid,0,0,1,1936.0,85184.0,144.0,699607895.810404,673904829.944329,317401.224
0.0,47.0,13.0,0.0,0.0,1.0,0.0,26450.102,25959.677,26625.677,psid,0,0,1,2209.0,103823.0,169.0,699607895.810404,673904829.944329,343851.326
0.0,46.0,14.0,0.0,0.0,1.0,0.0,26450.102,26496.774,29554.531,psid,0,0,1,2116.0,97336.0,196.0,699607895.810404,702079032.4070761,370301.42799999996
0.0,25.0,12.0,0.0,0.0,1.0,0.0,26450.102,26836.935,35465.438,psid,0,0,1,625.0,15625.0,144.0,699607895.810404,720221080.1942251,317401.224
0.0,31.0,15.0,1.0,0.0,0.0,0.0,26450.102,26854.839,25860.215,psid,0,0,1,961.0,29791.0,225.0,699607895.810404,721182377.715921,396751.52999999997
0.0,28.0,16.0,0.0,0.0,1.0,0.0,26450.102,26854.839,29554.531,psid,0,0,1,784.0,21952.0,256.0,699607895.810404,721182377.715921,423201.632
0.0,40.0,16.0,0.0,0.0,1.0,0.0,26450.102,26854.839,32421.321,psid,0,0,1,1600.0,64000.0,256.0,699607895.810404,721182377.715921,423201.632
0.0,40.0,16.0,0.0,0.0,1.0,0.0,26450.102,26854.839,32421.321,psid,0,0,1,1600.0,64000.0,256.0,699607895.810404,721182377.715921,423201.632
0.0,28.0,12.0,0.0,0.0,1.0,0.0,26450.102,26858.419,29480.645,psid,0,0,1,784.0,21952.0,144.0,699607895.810404,721374671.1795611,317401.224
0.0,29.0,15.0,0.0,0.0,1.0,0.0,26450.102,27250.5,28815.668,psid,0,0,1,841.0,24389.0,225.0,699607895.810404,742589750.25,396751.52999999997
0.0,42.0,16.0,0.0,0.0,1.0,0.0,26450.102,27499.355,29554.531,psid,0,0,1,1764.0,74088.0,256.0,699607895.810404,756214525.4160249,423201.632
0.0,30.0,15.0,0.0,0.0,1.0,0.0,26450.102,27570.968,29554.531,psid,0,0,1,900.0,27000.0,225.0,699607895.810404,760158276.4570241,396751.52999999997
0.0,39.0,12.0,0.0,0.0,1.0,0.0,26450.102,27750.0,6354.2243,psid,0,0,1,1521.0,59319.0,144.0,699607895.810404,770062500.0,317401.224
0.0,30.0,16.0,0.0,0.0,1.0,0.0,26450.102,28197.581,29554.531,psid,0,0,1,900.0,27000.0,256.0,699607895.810404,795103574.2515609,423201.632
0.0,50.0,12.0,0.0,0.0,1.0,0.0,26450.102,30077.419,26599.078,psid,0,0,1,2500.0,125000.0,144.0,699607895.810404,904651133.7015611,317401.224
0.0,29.0,17.0,0.0,0.0,0.0,0.0,26614.68,28503.726,29315.14,psid,0,0,1,841.0,24389.0,289.0,708341191.5024,812462395.883076,452449.56
0.0,29.0,15.0,0.0,0.0,1.0,0.0,26646.029,19693.548,32509.985,psid,0,0,1,841.0,24389.0,225.0,710010861.468841,387835832.82830393,399690.435
0.0,27.0,12.0,0.0,0.0,1.0,0.0,26646.029,29540.323,35465.438,psid,0,0,1,729.0,19683.0,144.0,710010861.468841,872630682.944329,319752.348
0.0,31.0,12.0,0.0,1.0,1.0,0.0,26841.955,6982.2581,17732.719,psid,0,0,1,961.0,29791.0,144.0,720490548.222025,48751928.17501561,322103.46
0.0,31.0,12.0,0.0,1.0,1.0,0.0,26841.955,6982.2581,17732.719,psid,0,0,1,961.0,29791.0,144.0,720490548.222025,48751928.17501561,322103.46
0.0,29.0,12.0,0.0,0.0,1.0,0.0,26841.955,20588.71,42854.071,psid,0,0,1,841.0,24389.0,144.0,720490548.222025,423894979.46409994,322103.46
0.0,27.0,16.0,0.0,0.0,1.0,0.0,26841.955,22200.0,19210.445,psid,0,0,1,729.0,19683.0,256.0,720490548.222025,492840000.0,429471.28
0.0,26.0,17.0,1.0,0.0,0.0,0.0,26841.955,25243.548,20392.627,psid,0,0,1,676.0,17576.0,289.0,720490548.222025,637236715.6283039,456313.23500000004
0.0,42.0,17.0,0.0,0.0,1.0,0.0,26841.955,31330.645,36943.164,psid,0,0,1,1764.0,74088.0,289.0,720490548.222025,981609316.116025,456313.23500000004
0.0,24.0,12.0,1.0,0.0,1.0,0.0,26841.955,31688.71,33839.939,psid,0,0,1,576.0,13824.0,144.0,720490548.222025,1004174341.4641,322103.46
0.0,48.0,12.0,1.0,0.0,1.0,0.0,26908.57,22558.065,36943.164,psid,0,0,1,2304.0,110592.0,144.0,724071139.4449,508866296.5442249,322902.83999999997
0.0,25.0,13.0,0.0,0.0,1.0,0.0,26996.737,28197.581,22165.899,psid,0,0,1,625.0,15625.0,169.0,728823808.647169,795103574.2515609,350957.581
0.0,21.0,12.0,1.0,0.0,1.0,0.0,27037.882,16560.484,20688.172,psid,0,0,1,441.0,9261.0,144.0,731047063.0459241,274249630.314256,324454.58400000003
0.0,48.0,12.0,0.0,0.0,1.0,0.0,27037.882,25064.516,23643.625,psid,0,0,1,2304.0,110592.0,144.0,731047063.0459241,628229962.314256,324454.58400000003
0.0,50.0,12.0,0.0,0.0,1.0,0.0,27037.882,26854.839,27337.942,psid,0,0,1,2500.0,125000.0,144.0,731047063.0459241,721182377.715921,324454.58400000003
0.0,28.0,17.0,0.0,0.0,1.0,0.0,27037.882,27750.0,51720.43,psid,0,0,1,784.0,21952.0,289.0,731047063.0459241,770062500.0,459643.994
0.0,29.0,17.0,0.0,0.0,0.0,0.0,27037.882,29182.258,26599.078,psid,0,0,1,841.0,24389.0,289.0,731047063.0459241,851604181.9785641,459643.994
0.0,33.0,17.0,0.0,0.0,1.0,0.0,27037.882,31867.742,28815.668,psid,0,0,1,1089.0,35937.0,289.0,731047063.0459241,1015552980.178564,459643.994
0.0,52.0,12.0,0.0,0.0,1.0,0.0,27220.094,24706.452,32509.985,psid,0,0,1,2704.0,140608.0,144.0,740933517.368836,610408770.4283041,326641.128
0.0,22.0,12.0,0.0,0.0,1.0,0.0,27233.809,14322.581,32509.985,psid,0,0,1,484.0,10648.0,144.0,741680352.648481,205136326.50156102,326805.708
0.0,43.0,12.0,0.0,0.0,1.0,0.0,27233.809,25064.516,29554.531,psid,0,0,1,1849.0,79507.0,144.0,741680352.648481,628229962.314256,326805.708
0.0,34.0,13.0,0.0,0.0,1.0,0.0,27233.809,25064.516,31032.258,psid,0,0,1,1156.0,39304.0,169.0,741680352.648481,628229962.314256,354039.517
0.0,46.0,12.0,0.0,0.0,1.0,0.0,27233.809,28645.161,28076.805,psid,0,0,1,2116.0,97336.0,144.0,741680352.648481,820545248.715921,326805.708
0.0,31.0,17.0,0.0,0.0,1.0,0.0,27429.735,0.0,0.0,psid,0,1,0,961.0,29791.0,289.0,752390362.170225,0.0,466305.495
0.0,28.0,13.0,0.0,0.0,1.0,0.0,27429.735,20588.71,23578.605,psid,0,0,1,784.0,21952.0,169.0,752390362.170225,423894979.46409994,356586.555
0.0,44.0,12.0,1.0,0.0,1.0,0.0,27429.735,21483.871,22609.217,psid,0,0,1,1936.0,85184.0,144.0,752390362.170225,461556713.144641,329156.82
0.0,25.0,12.0,0.0,0.0,1.0,0.0,27429.735,21483.871,28520.123,psid,0,0,1,625.0,15625.0,144.0,752390362.170225,461556713.144641,329156.82
0.0,29.0,14.0,0.0,0.0,1.0,0.0,27429.735,22099.742,29644.673,psid,0,0,1,841.0,24389.0,196.0,752390362.170225,488398596.46656394,384016.29000000004
0.0,24.0,16.0,0.0,0.0,0.0,0.0,27429.735,22200.0,25712.442,psid,0,0,1,576.0,13824.0,256.0,752390362.170225,492840000.0,438875.76
0.0,31.0,12.0,0.0,0.0,1.0,0.0,27429.735,22379.032,0.0,psid,0,0,0,961.0,29791.0,144.0,752390362.170225,500821073.257024,329156.82
0.0,40.0,12.0,1.0,0.0,1.0,0.0,27429.735,23274.194,38420.891,psid,0,0,1,1600.0,64000.0,144.0,752390362.170225,541688106.349636,329156.82
0.0,30.0,17.0,0.0,0.0,1.0,0.0,27429.735,25064.516,20688.172,psid,0,0,1,900.0,27000.0,289.0,752390362.170225,628229962.314256,466305.495
0.0,26.0,16.0,1.0,0.0,1.0,0.0,27429.735,25064.516,32509.985,psid,0,0,1,676.0,17576.0,256.0,752390362.170225,628229962.314256,438875.76
0.0,32.0,12.0,0.0,0.0,1.0,0.0,27429.735,25064.516,16254.992,psid,0,0,1,1024.0,32768.0,144.0,752390362.170225,628229962.314256,329156.82
0.0,26.0,15.0,0.0,0.0,1.0,0.0,27429.735,25064.516,28815.668,psid,0,0,1,676.0,17576.0,225.0,752390362.170225,628229962.314256,411446.025
0.0,28.0,16.0,0.0,0.0,1.0,0.0,27429.735,25064.516,31032.258,psid,0,0,1,784.0,21952.0,256.0,752390362.170225,628229962.314256,438875.76
0.0,54.0,13.0,0.0,0.0,1.0,0.0,27429.735,25422.581,24382.488,psid,0,0,1,2916.0,157464.0,169.0,752390362.170225,646307624.7015609,356586.555
0.0,30.0,14.0,0.0,0.0,1.0,0.0,27429.735,25780.645,31032.258,psid,0,0,1,900.0,27000.0,196.0,752390362.170225,664641656.616025,384016.29000000004
0.0,33.0,14.0,0.0,0.0,1.0,0.0,27429.735,25959.677,24382.488,psid,0,0,1,1089.0,35937.0,196.0,752390362.170225,673904829.944329,384016.29000000004
0.0,33.0,12.0,0.0,0.0,1.0,0.0,27429.735,25959.677,27846.28,psid,0,0,1,1089.0,35937.0,144.0,752390362.170225,673904829.944329,329156.82
0.0,26.0,12.0,0.0,0.0,1.0,0.0,27429.735,26496.774,32509.985,psid,0,0,1,676.0,17576.0,144.0,752390362.170225,702079032.4070761,329156.82
0.0,44.0,13.0,0.0,0.0,1.0,0.0,27429.735,26774.274,35465.438,psid,0,0,1,1936.0,85184.0,169.0,752390362.170225,716861748.227076,356586.555
0.0,49.0,12.0,0.0,0.0,1.0,0.0,27429.735,26854.839,26599.078,psid,0,0,1,2401.0,117649.0,144.0,752390362.170225,721182377.715921,329156.82
0.0,55.0,17.0,1.0,0.0,1.0,0.0,27429.735,26854.839,17806.605,psid,0,0,1,3025.0,166375.0,289.0,752390362.170225,721182377.715921,466305.495
0.0,28.0,12.0,0.0,0.0,1.0,0.0,27429.735,26854.839,22165.899,psid,0,0,1,784.0,21952.0,144.0,752390362.170225,721182377.715921,329156.82
0.0,45.0,12.0,0.0,0.0,1.0,0.0,27429.735,26854.839,25121.352,psid,0,0,1,2025.0,91125.0,144.0,752390362.170225,721182377.715921,329156.82
0.0,30.0,14.0,1.0,0.0,1.0,0.0,27429.735,26892.435,20688.172,psid,0,0,1,900.0,27000.0,196.0,752390362.170225,723203060.229225,384016.29000000004
0.0,40.0,12.0,0.0,0.0,1.0,0.0,27429.735,27008.806,25440.541,psid,0,0,1,1600.0,64000.0,144.0,752390362.170225,729475601.545636,329156.82
0.0,27.0,17.0,0.0,0.0,1.0,0.0,27429.735,27750.0,26599.078,psid,0,0,1,729.0,19683.0,289.0,752390362.170225,770062500.0,466305.495
0.0,51.0,16.0,0.0,0.0,1.0,0.0,27429.735,28645.161,28076.805,psid,0,0,1,2601.0,132651.0,256.0,752390362.170225,820545248.715921,438875.76
0.0,51.0,16.0,0.0,0.0,1.0,0.0,27429.735,28645.161,28076.805,psid,0,0,1,2601.0,132651.0,256.0,752390362.170225,820545248.715921,438875.76
0.0,43.0,12.0,0.0,0.0,1.0,0.0,27429.735,28645.161,25121.352,psid,0,0,1,1849.0,79507.0,144.0,752390362.170225,820545248.715921,329156.82
0.0,37.0,12.0,0.0,0.0,1.0,0.0,27429.735,28645.161,0.0,psid,0,0,0,1369.0,50653.0,144.0,752390362.170225,820545248.715921,329156.82
0.0,37.0,12.0,0.0,0.0,1.0,0.0,27429.735,28645.161,0.0,psid,0,0,0,1369.0,50653.0,144.0,752390362.170225,820545248.715921,329156.82
0.0,38.0,14.0,0.0,0.0,1.0,0.0,27429.735,29046.194,27929.032,psid,0,0,1,1444.0,54872.0,196.0,752390362.170225,843681385.885636,384016.29000000004
0.0,36.0,16.0,0.0,0.0,0.0,0.0,27429.735,30256.452,30736.713,psid,0,0,1,1296.0,46656.0,256.0,752390362.170225,915452887.6283041,438875.76
0.0,27.0,13.0,1.0,0.0,1.0,0.0,27429.735,30435.484,24973.579,psid,0,0,1,729.0,19683.0,169.0,752390362.170225,926318686.3142561,356586.555
0.0,21.0,12.0,0.0,0.0,1.0,0.0,27429.735,30435.484,31978.003,psid,0,0,1,441.0,9261.0,144.0,752390362.170225,926318686.3142561,329156.82
0.0,25.0,14.0,0.0,0.0,0.0,0.0,27429.735,32225.806,31032.258,psid,0,0,1,625.0,15625.0,196.0,752390362.170225,1038502572.3496361,384016.29000000004
0.0,33.0,13.0,0.0,0.0,1.0,0.0,27429.735,41177.419,38420.891,psid,0,0,1,1089.0,35937.0,169.0,752390362.170225,1695579835.5015612,356586.555
0.0,38.0,14.0,0.0,0.0,1.0,0.0,27429.735,68032.258,26599.078,psid,0,0,1,1444.0,54872.0,196.0,752390362.170225,4628388128.578565,384016.29000000004
0.0,32.0,16.0,0.0,0.0,1.0,0.0,27625.662,29540.323,33987.711,psid,0,0,1,1024.0,32768.0,256.0,763177200.938244,872630682.944329,442010.592
0.0,27.0,12.0,0.0,0.0,0.0,0.0,27821.589,27212.903,32509.985,psid,0,0,1,729.0,19683.0,144.0,774040814.484921,740542089.6874089,333859.06799999997
0.0,24.0,17.0,0.0,0.0,0.0,0.0,27821.589,27570.968,32509.985,psid,0,0,1,576.0,13824.0,289.0,774040814.484921,760158276.4570241,472967.013
0.0,43.0,12.0,0.0,0.0,1.0,0.0,27821.589,28645.161,32509.985,psid,0,0,1,1849.0,79507.0,144.0,774040814.484921,820545248.715921,333859.06799999997
0.0,26.0,17.0,0.0,0.0,1.0,0.0,27843.141,28645.161,49651.613,psid,0,0,1,676.0,17576.0,289.0,775240500.745881,820545248.715921,473333.397
0.0,33.0,12.0,0.0,0.0,1.0,0.0,28017.515,25422.581,22756.989,psid,0,0,1,1089.0,35937.0,144.0,784981146.7752249,646307624.7015609,336210.18
0.0,34.0,14.0,0.0,0.0,1.0,0.0,28017.515,26854.839,36943.164,psid,0,0,1,1156.0,39304.0,196.0,784981146.7752249,721182377.715921,392245.20999999996
0.0,28.0,12.0,0.0,0.0,1.0,0.0,28017.515,29540.323,32509.985,psid,0,0,1,784.0,21952.0,144.0,784981146.7752249,872630682.944329,336210.18
0.0,41.0,12.0,0.0,0.0,1.0,0.0,28017.515,30435.484,32509.985,psid,0,0,1,1681.0,68921.0,144.0,784981146.7752249,926318686.3142561,336210.18
0.0,25.0,12.0,0.0,0.0,1.0,0.0,28017.515,31062.097,28076.805,psid,0,0,1,625.0,15625.0,144.0,784981146.7752249,964853870.0374091,336210.18
0.0,28.0,17.0,0.0,0.0,1.0,0.0,28017.515,31151.613,31032.258,psid,0,0,1,784.0,21952.0,289.0,784981146.7752249,970422992.5017691,476297.755
0.0,26.0,13.0,1.0,0.0,1.0,0.0,28105.682,37596.774,58653.923,psid,0,0,1,676.0,17576.0,169.0,789929360.685124,1413517415.2070758,365373.86600000004
0.0,28.0,17.0,0.0,0.0,1.0,0.0,28213.442,25422.581,26451.306,psid,0,0,1,784.0,21952.0,289.0,795998309.4873639,646307624.7015609,479628.51399999997
0.0,53.0,12.0,0.0,0.0,1.0,0.0,28213.442,26854.839,0.0,psid,0,0,0,2809.0,148877.0,144.0,795998309.4873639,721182377.715921,338561.304
0.0,55.0,12.0,0.0,0.0,1.0,0.0,28213.442,33206.903,31771.121,psid,0,0,1,3025.0,166375.0,144.0,795998309.4873639,1102698406.851409,338561.304
0.0,29.0,14.0,0.0,0.0,1.0,0.0,28409.369,21125.806,23348.08,psid,0,0,1,841.0,24389.0,196.0,807092246.978161,446299679.14963603,397731.16599999997
0.0,39.0,14.0,0.0,0.0,1.0,0.0,28409.369,28645.161,31032.258,psid,0,0,1,1521.0,59319.0,196.0,807092246.978161,820545248.715921,397731.16599999997
0.0,31.0,16.0,0.0,0.0,1.0,0.0,28409.369,28915.5,32509.985,psid,0,0,1,961.0,29791.0,256.0,807092246.978161,836106140.25,454549.904
0.0,25.0,16.0,0.0,0.0,1.0,0.0,28409.369,29540.323,32509.985,psid,0,0,1,625.0,15625.0,256.0,807092246.978161,872630682.944329,454549.904
0.0,25.0,14.0,0.0,0.0,1.0,0.0,28409.369,30435.484,10935.177,psid,0,0,1,625.0,15625.0,196.0,807092246.978161,926318686.3142561,397731.16599999997
0.0,29.0,16.0,0.0,0.0,1.0,0.0,28409.369,32225.806,42854.071,psid,0,0,1,841.0,24389.0,256.0,807092246.978161,1038502572.3496361,454549.904
0.0,29.0,16.0,1.0,0.0,1.0,0.0,28409.369,32225.806,29554.531,psid,0,0,1,841.0,24389.0,256.0,807092246.978161,1038502572.3496361,454549.904
0.0,27.0,14.0,0.0,0.0,1.0,0.0,28409.369,32225.806,39898.618,psid,0,0,1,729.0,19683.0,196.0,807092246.978161,1038502572.3496361,397731.16599999997
0.0,34.0,16.0,0.0,0.0,1.0,0.0,28409.369,32583.871,35465.438,psid,0,0,1,1156.0,39304.0,256.0,807092246.978161,1061708649.344641,454549.904
0.0,45.0,12.0,0.0,0.0,1.0,0.0,28589.621,28263.823,29258.986,psid,0,0,1,2025.0,91125.0,144.0,817366428.923641,798843690.5753291,343075.452
0.0,28.0,12.0,0.0,0.0,1.0,0.0,28605.295,20588.71,34135.484,psid,0,0,1,784.0,21952.0,144.0,818262902.0370249,423894979.46409994,343263.54
0.0,43.0,16.0,0.0,0.0,1.0,0.0,28801.222,27929.032,26953.733,psid,0,0,1,1849.0,79507.0,256.0,829510388.693284,780030828.457024,460819.552
0.0,54.0,12.0,0.0,0.0,1.0,0.0,28889.389,35806.452,31032.258,psid,0,0,1,2916.0,157464.0,144.0,834596796.793321,1282102004.8283038,346672.668
0.0,29.0,16.0,0.0,0.0,1.0,0.0,28899.185,29540.323,0.0,psid,0,0,0,841.0,24389.0,256.0,835162893.6642251,872630682.944329,462386.96
0.0,55.0,12.0,0.0,0.0,1.0,0.0,29100.99,26409.048,29369.816,psid,0,0,1,3025.0,166375.0,144.0,846867618.9801,697437816.2663039,349211.88
0.0,55.0,12.0,0.0,0.0,1.0,0.0,29100.99,26409.048,29369.816,psid,0,0,1,3025.0,166375.0,144.0,846867618.9801,697437816.2663039,349211.88
0.0,29.0,12.0,1.0,0.0,0.0,0.0,29193.075,15396.774,31032.258,psid,0,0,1,841.0,24389.0,144.0,852235627.955625,237060649.607076,350316.9
0.0,50.0,12.0,1.0,0.0,1.0,0.0,29193.075,17903.226,25121.352,psid,0,0,1,2500.0,125000.0,144.0,852235627.955625,320525501.20707595,350316.9
0.0,24.0,12.0,0.0,0.0,1.0,0.0,29193.075,21304.839,19242.955,psid,0,0,1,576.0,13824.0,144.0,852235627.955625,453896164.815921,350316.9
0.0,26.0,12.0,0.0,0.0,1.0,0.0,29330.224,28287.097,38420.891,psid,0,0,1,676.0,17576.0,144.0,860262039.8901759,800159856.687409,351962.68799999997
0.0,41.0,13.0,0.0,0.0,0.0,0.0,29389.002,0.0,30293.395,psid,0,1,1,1681.0,68921.0,169.0,863713438.556004,0.0,382057.026
0.0,47.0,17.0,0.0,0.0,1.0,0.0,29389.002,20230.645,42410.753,psid,0,0,1,2209.0,103823.0,289.0,863713438.556004,409278997.11602503,499613.034
0.0,28.0,17.0,0.0,0.0,1.0,0.0,29389.002,21483.871,19210.445,psid,0,0,1,784.0,21952.0,289.0,863713438.556004,461556713.144641,499613.034
0.0,42.0,12.0,0.0,0.0,1.0,0.0,29389.002,22379.032,28490.568,psid,0,0,1,1764.0,74088.0,144.0,863713438.556004,500821073.257024,352668.024
0.0,37.0,12.0,1.0,0.0,1.0,0.0,29389.002,22379.032,19210.445,psid,0,0,1,1369.0,50653.0,144.0,863713438.556004,500821073.257024,352668.024
0.0,37.0,12.0,1.0,0.0,1.0,0.0,29389.002,22379.032,19210.445,psid,0,0,1,1369.0,50653.0,144.0,863713438.556004,500821073.257024,352668.024
0.0,48.0,16.0,0.0,0.0,1.0,0.0,29389.002,23274.194,0.0,psid,0,0,0,2304.0,110592.0,256.0,863713438.556004,541688106.349636,470224.032
0.0,21.0,12.0,0.0,0.0,1.0,0.0,29389.002,24169.355,28815.668,psid,0,0,1,441.0,9261.0,144.0,863713438.556004,584157721.116025,352668.024
0.0,46.0,12.0,0.0,0.0,1.0,0.0,29389.002,24214.113,33987.711,psid,0,0,1,2116.0,97336.0,144.0,863713438.556004,586323268.3767691,352668.024
0.0,29.0,12.0,0.0,0.0,1.0,0.0,29389.002,25959.677,35465.438,psid,0,0,1,841.0,24389.0,144.0,863713438.556004,673904829.944329,352668.024
0.0,38.0,12.0,0.0,0.0,1.0,0.0,29389.002,26496.774,30191.432,psid,0,0,1,1444.0,54872.0,144.0,863713438.556004,702079032.4070761,352668.024
0.0,28.0,12.0,0.0,0.0,1.0,0.0,29389.002,26854.839,35465.438,psid,0,0,1,784.0,21952.0,144.0,863713438.556004,721182377.715921,352668.024
0.0,38.0,12.0,0.0,0.0,1.0,0.0,29389.002,26854.839,31032.258,psid,0,0,1,1444.0,54872.0,144.0,863713438.556004,721182377.715921,352668.024
0.0,53.0,12.0,0.0,0.0,1.0,0.0,29389.002,26854.839,26599.078,psid,0,0,1,2809.0,148877.0,144.0,863713438.556004,721182377.715921,352668.024
0.0,46.0,12.0,0.0,0.0,1.0,0.0,29389.002,27033.871,27781.26,psid,0,0,1,2116.0,97336.0,144.0,863713438.556004,730830181.244641,352668.024
0.0,46.0,12.0,0.0,0.0,1.0,0.0,29389.002,27033.871,27781.26,psid,0,0,1,2116.0,97336.0,144.0,863713438.556004,730830181.244641,352668.024
0.0,33.0,16.0,0.0,0.0,1.0,0.0,29389.002,27750.0,96052.227,psid,0,0,1,1089.0,35937.0,256.0,863713438.556004,770062500.0,470224.032
0.0,34.0,12.0,0.0,0.0,1.0,0.0,29389.002,27912.919,11821.813,psid,0,0,1,1156.0,39304.0,144.0,863713438.556004,779131047.1005611,352668.024
0.0,35.0,17.0,0.0,0.0,1.0,0.0,29389.002,28645.161,28076.805,psid,0,0,1,1225.0,42875.0,289.0,863713438.556004,820545248.715921,499613.034
0.0,53.0,12.0,0.0,0.0,1.0,0.0,29389.002,28645.161,29554.531,psid,0,0,1,2809.0,148877.0,144.0,863713438.556004,820545248.715921,352668.024
0.0,26.0,12.0,0.0,0.0,1.0,0.0,29389.002,28645.161,33987.711,psid,0,0,1,676.0,17576.0,144.0,863713438.556004,820545248.715921,352668.024
0.0,26.0,16.0,0.0,0.0,1.0,0.0,29389.002,28645.161,35022.12,psid,0,0,1,676.0,17576.0,256.0,863713438.556004,820545248.715921,470224.032
0.0,50.0,13.0,0.0,0.0,1.0,0.0,29389.002,29540.323,28076.805,psid,0,0,1,2500.0,125000.0,169.0,863713438.556004,872630682.944329,382057.026
0.0,46.0,12.0,1.0,0.0,1.0,0.0,29389.002,30435.484,22165.899,psid,0,0,1,2116.0,97336.0,144.0,863713438.556004,926318686.3142561,352668.024
0.0,43.0,14.0,0.0,0.0,0.0,0.0,29389.002,30435.484,29554.531,psid,0,0,1,1849.0,79507.0,196.0,863713438.556004,926318686.3142561,411446.028
0.0,26.0,14.0,0.0,0.0,0.0,0.0,29389.002,30435.484,29554.531,psid,0,0,1,676.0,17576.0,196.0,863713438.556004,926318686.3142561,411446.028
0.0,33.0,17.0,0.0,0.0,1.0,0.0,29389.002,30435.484,31032.258,psid,0,0,1,1089.0,35937.0,289.0,863713438.556004,926318686.3142561,499613.034
0.0,33.0,17.0,0.0,0.0,1.0,0.0,29389.002,30435.484,19210.445,psid,0,0,1,1089.0,35937.0,289.0,863713438.556004,926318686.3142561,499613.034
0.0,42.0,12.0,0.0,0.0,1.0,0.0,29389.002,30437.274,26007.988,psid,0,0,1,1764.0,74088.0,144.0,863713438.556004,926427648.551076,352668.024
0.0,34.0,12.0,0.0,0.0,1.0,0.0,29389.002,30793.548,31180.031,psid,0,0,1,1156.0,39304.0,144.0,863713438.556004,948242598.428304,352668.024
0.0,34.0,12.0,0.0,0.0,1.0,0.0,29389.002,30793.548,31180.031,psid,0,0,1,1156.0,39304.0,144.0,863713438.556004,948242598.428304,352668.024
0.0,34.0,17.0,0.0,0.0,1.0,0.0,29389.002,31330.645,25712.442,psid,0,0,1,1156.0,39304.0,289.0,863713438.556004,981609316.116025,499613.034
0.0,37.0,17.0,0.0,0.0,1.0,0.0,29389.002,31330.645,33987.711,psid,0,0,1,1369.0,50653.0,289.0,863713438.556004,981609316.116025,499613.034
0.0,34.0,17.0,0.0,0.0,1.0,0.0,29389.002,32225.806,32672.535,psid,0,0,1,1156.0,39304.0,289.0,863713438.556004,1038502572.3496361,499613.034
0.0,37.0,12.0,1.0,0.0,1.0,0.0,29389.002,32225.806,44331.797,psid,0,0,1,1369.0,50653.0,144.0,863713438.556004,1038502572.3496361,352668.024
0.0,26.0,17.0,0.0,0.0,1.0,0.0,29389.002,32225.806,35465.438,psid,0,0,1,676.0,17576.0,289.0,863713438.556004,1038502572.3496361,499613.034
0.0,36.0,17.0,0.0,0.0,1.0,0.0,29389.002,34911.29,32509.985,psid,0,0,1,1296.0,46656.0,289.0,863713438.556004,1218798169.4641001,499613.034
0.0,28.0,14.0,0.0,0.0,0.0,0.0,29389.002,35448.387,33987.711,psid,0,0,1,784.0,21952.0,196.0,863713438.556004,1256588140.9017692,411446.028
0.0,31.0,12.0,0.0,0.0,1.0,0.0,29389.002,35806.452,39159.754,psid,0,0,1,961.0,29791.0,144.0,863713438.556004,1282102004.8283038,352668.024
0.0,25.0,14.0,0.0,0.0,1.0,0.0,29389.002,35806.452,33839.939,psid,0,0,1,625.0,15625.0,196.0,863713438.556004,1282102004.8283038,411446.028
0.0,31.0,14.0,0.0,0.0,1.0,0.0,29389.002,35806.452,56153.61,psid,0,0,1,961.0,29791.0,196.0,863713438.556004,1282102004.8283038,411446.028
0.0,28.0,12.0,0.0,0.0,1.0,0.0,29389.002,41177.419,47287.25,psid,0,0,1,784.0,21952.0,144.0,863713438.556004,1695579835.5015612,352668.024
0.0,34.0,12.0,0.0,0.0,1.0,0.0,29389.002,42967.742,31032.258,psid,0,0,1,1156.0,39304.0,144.0,863713438.556004,1846226852.578564,352668.024
0.0,47.0,14.0,1.0,0.0,1.0,0.0,29390.961,27750.0,36647.619,psid,0,0,1,2209.0,103823.0,196.0,863828588.503521,770062500.0,411473.45399999997
0.0,35.0,12.0,0.0,0.0,1.0,0.0,29422.31,28645.161,29554.531,psid,0,0,1,1225.0,42875.0,144.0,865672325.7361001,820545248.715921,353067.72000000003
0.0,35.0,15.0,1.0,0.0,1.0,0.0,29477.169,34098.484,19062.673,psid,0,0,1,1225.0,42875.0,225.0,868903492.2545611,1162706611.0982559,442157.53500000003
0.0,35.0,15.0,1.0,0.0,1.0,0.0,29477.169,34098.484,19062.673,psid,0,0,1,1225.0,42875.0,225.0,868903492.2545611,1162706611.0982559,442157.53500000003
0.0,31.0,12.0,0.0,0.0,1.0,0.0,29584.929,26854.839,29554.531,psid,0,0,1,961.0,29791.0,144.0,875268023.935041,721182377.715921,355019.148
0.0,24.0,12.0,0.0,0.0,1.0,0.0,29780.855,30883.065,32509.985,psid,0,0,1,576.0,13824.0,144.0,886899324.5310249,953763703.794225,357370.26
0.0,28.0,12.0,0.0,0.0,1.0,0.0,29976.782,0.0,0.0,psid,0,1,0,784.0,21952.0,144.0,898607459.075524,0.0,359721.38399999996
0.0,27.0,16.0,0.0,0.0,1.0,0.0,29976.782,30793.548,51720.43,psid,0,0,1,729.0,19683.0,256.0,898607459.075524,948242598.428304,479628.512
0.0,47.0,12.0,0.0,0.0,1.0,0.0,30074.745,33312.532,15072.811,psid,0,0,1,2209.0,103823.0,144.0,904490286.815025,1109724788.251024,360896.94
0.0,47.0,12.0,0.0,0.0,1.0,0.0,30074.745,33312.532,15072.811,psid,0,0,1,2209.0,103823.0,144.0,904490286.815025,1109724788.251024,360896.94
0.0,37.0,14.0,0.0,1.0,1.0,0.0,30108.053,26854.839,26554.747,psid,0,0,1,1369.0,50653.0,196.0,906494855.450809,721182377.715921,421512.74199999997
0.0,22.0,14.0,0.0,0.0,1.0,0.0,30368.635,20588.71,27485.714,psid,0,0,1,484.0,10648.0,196.0,922253991.763225,423894979.46409994,425160.88999999996
0.0,47.0,12.0,0.0,0.0,1.0,0.0,30368.635,23274.194,25860.215,psid,0,0,1,2209.0,103823.0,144.0,922253991.763225,541688106.349636,364423.62
0.0,32.0,14.0,0.0,0.0,1.0,0.0,30368.635,24169.355,22165.899,psid,0,0,1,1024.0,32768.0,196.0,922253991.763225,584157721.116025,425160.88999999996
0.0,29.0,15.0,0.0,0.0,0.0,0.0,30368.635,28645.161,44331.797,psid,0,0,1,841.0,24389.0,225.0,922253991.763225,820545248.715921,455529.52499999997
0.0,27.0,16.0,0.0,0.0,0.0,0.0,30368.635,31330.645,36943.164,psid,0,0,1,729.0,19683.0,256.0,922253991.763225,981609316.116025,485898.16
0.0,37.0,14.0,0.0,0.0,1.0,0.0,30368.635,44758.065,81274.962,psid,0,0,1,1369.0,50653.0,196.0,922253991.763225,2003284382.5442252,425160.88999999996
0.0,37.0,14.0,0.0,0.0,1.0,0.0,30368.635,44758.065,81274.962,psid,0,0,1,1369.0,50653.0,196.0,922253991.763225,2003284382.5442252,425160.88999999996
0.0,43.0,12.0,0.0,0.0,1.0,0.0,30564.562,23811.29,31032.258,psid,0,0,1,1849.0,79507.0,144.0,934192450.251844,566977531.4641,366774.744
0.0,43.0,12.0,0.0,0.0,1.0,0.0,30564.562,23811.29,31032.258,psid,0,0,1,1849.0,79507.0,144.0,934192450.251844,566977531.4641,366774.744
0.0,34.0,12.0,0.0,0.0,1.0,0.0,30564.562,24885.484,24678.034,psid,0,0,1,1156.0,39304.0,144.0,934192450.251844,619287313.914256,366774.744
0.0,30.0,12.0,0.0,0.0,1.0,0.0,30564.562,26854.839,14777.266,psid,0,0,1,900.0,27000.0,144.0,934192450.251844,721182377.715921,366774.744
0.0,39.0,16.0,0.0,0.0,0.0,0.0,30564.562,28645.161,33987.711,psid,0,0,1,1521.0,59319.0,256.0,934192450.251844,820545248.715921,489032.992
0.0,35.0,16.0,0.0,0.0,1.0,0.0,30564.562,29540.323,37120.492,psid,0,0,1,1225.0,42875.0,256.0,934192450.251844,872630682.944329,489032.992
0.0,28.0,12.0,0.0,0.0,1.0,0.0,30564.562,32941.935,36204.301,psid,0,0,1,784.0,21952.0,144.0,934192450.251844,1085171081.5442247,366774.744
0.0,32.0,12.0,0.0,0.0,1.0,0.0,30564.562,35806.452,23052.535,psid,0,0,1,1024.0,32768.0,144.0,934192450.251844,1282102004.8283038,366774.744
0.0,26.0,12.0,0.0,0.0,1.0,0.0,30564.562,39387.097,39898.618,psid,0,0,1,676.0,17576.0,144.0,934192450.251844,1551343410.087409,366774.744
0.0,30.0,12.0,1.0,0.0,1.0,0.0,30758.53,35448.387,48247.773,psid,0,0,1,900.0,27000.0,144.0,946087167.7608999,1256588140.9017692,369102.36
0.0,27.0,12.0,0.0,0.0,1.0,0.0,30760.489,25064.516,31908.55,psid,0,0,1,729.0,19683.0,144.0,946207683.519121,628229962.314256,369125.868
0.0,27.0,16.0,0.0,0.0,1.0,0.0,30760.489,26317.742,25860.215,psid,0,0,1,729.0,19683.0,256.0,946207683.519121,692623543.9785639,492167.824
0.0,28.0,12.0,0.0,0.0,1.0,0.0,30760.489,28824.194,39898.618,psid,0,0,1,784.0,21952.0,144.0,946207683.519121,830834159.7496359,369125.868
0.0,39.0,12.0,0.0,0.0,1.0,0.0,30760.489,32583.871,34726.575,psid,0,0,1,1521.0,59319.0,144.0,946207683.519121,1061708649.344641,369125.868
0.0,28.0,15.0,1.0,0.0,1.0,0.0,30768.326,33486.194,30828.332,psid,0,0,1,784.0,21952.0,225.0,946689884.8422761,1121325188.6056361,461524.89
0.0,48.0,12.0,0.0,0.0,1.0,0.0,30860.411,29269.984,34753.174,psid,0,0,1,2304.0,110592.0,144.0,952364967.088921,856731963.3602561,370324.93200000003
0.0,48.0,14.0,0.0,0.0,1.0,0.0,30895.678,34732.258,32509.985,psid,0,0,1,2304.0,110592.0,196.0,954542919.079684,1206329745.7785642,432539.49199999997
0.0,37.0,17.0,0.0,0.0,1.0,0.0,30956.415,30435.484,27939.376,psid,0,0,1,1369.0,50653.0,289.0,958299629.652225,926318686.3142561,526259.055
0.0,49.0,17.0,0.0,0.0,1.0,0.0,30956.415,31867.742,35465.438,psid,0,0,1,2401.0,117649.0,289.0,958299629.652225,1015552980.178564,526259.055
0.0,25.0,15.0,0.0,0.0,1.0,0.0,30956.415,41177.419,35465.438,psid,0,0,1,625.0,15625.0,225.0,958299629.652225,1695579835.5015612,464346.22500000003
0.0,27.0,15.0,0.0,0.0,1.0,0.0,31152.342,34016.129,43001.843,psid,0,0,1,729.0,19683.0,225.0,970468412.084964,1157097032.1446412,467285.13
0.0,51.0,17.0,0.0,1.0,1.0,0.0,31348.269,0.0,88663.594,psid,0,1,1,2601.0,132651.0,289.0,982713969.296361,0.0,532920.573
0.0,24.0,15.0,0.0,0.0,1.0,0.0,31348.269,26854.839,26599.078,psid,0,0,1,576.0,13824.0,225.0,982713969.296361,721182377.715921,470224.03500000003
0.0,31.0,17.0,0.0,0.0,1.0,0.0,31348.269,26854.839,32509.985,psid,0,0,1,961.0,29791.0,289.0,982713969.296361,721182377.715921,532920.573
0.0,45.0,12.0,0.0,0.0,1.0,0.0,31348.269,27391.935,25564.67,psid,0,0,1,2025.0,91125.0,144.0,982713969.296361,750318103.0442251,376179.228
0.0,45.0,12.0,0.0,0.0,1.0,0.0,31348.269,27391.935,25564.67,psid,0,0,1,2025.0,91125.0,144.0,982713969.296361,750318103.0442251,376179.228
0.0,39.0,14.0,0.0,0.0,1.0,0.0,31348.269,27750.0,47287.25,psid,0,0,1,1521.0,59319.0,196.0,982713969.296361,770062500.0,438875.766
0.0,39.0,14.0,0.0,0.0,1.0,0.0,31348.269,27750.0,47287.25,psid,0,0,1,1521.0,59319.0,196.0,982713969.296361,770062500.0,438875.766
0.0,25.0,17.0,0.0,0.0,1.0,0.0,31348.269,28249.5,35561.49,psid,0,0,1,625.0,15625.0,289.0,982713969.296361,798034250.25,532920.573
0.0,53.0,17.0,0.0,0.0,1.0,0.0,31348.269,28645.161,27929.032,psid,0,0,1,2809.0,148877.0,289.0,982713969.296361,820545248.715921,532920.573
0.0,26.0,16.0,0.0,0.0,1.0,0.0,31348.269,28645.161,35465.438,psid,0,0,1,676.0,17576.0,256.0,982713969.296361,820545248.715921,501572.304
0.0,31.0,12.0,0.0,0.0,1.0,0.0,31348.269,28645.161,27337.942,psid,0,0,1,961.0,29791.0,144.0,982713969.296361,820545248.715921,376179.228
0.0,32.0,17.0,0.0,0.0,1.0,0.0,31348.269,28645.161,28076.805,psid,0,0,1,1024.0,32768.0,289.0,982713969.296361,820545248.715921,532920.573
0.0,48.0,17.0,0.0,0.0,1.0,0.0,31348.269,29540.323,32951.825,psid,0,0,1,2304.0,110592.0,289.0,982713969.296361,872630682.944329,532920.573
0.0,47.0,17.0,0.0,0.0,0.0,0.0,31348.269,29540.323,29258.986,psid,0,0,1,2209.0,103823.0,289.0,982713969.296361,872630682.944329,532920.573
0.0,44.0,16.0,0.0,0.0,1.0,0.0,31348.269,30435.484,19210.445,psid,0,0,1,1936.0,85184.0,256.0,982713969.296361,926318686.3142561,501572.304
0.0,41.0,16.0,0.0,0.0,1.0,0.0,31348.269,30435.484,20688.172,psid,0,0,1,1681.0,68921.0,256.0,982713969.296361,926318686.3142561,501572.304
0.0,44.0,16.0,0.0,0.0,1.0,0.0,31348.269,30435.484,33987.711,psid,0,0,1,1936.0,85184.0,256.0,982713969.296361,926318686.3142561,501572.304
0.0,52.0,17.0,0.0,0.0,1.0,0.0,31348.269,31293.048,32509.985,psid,0,0,1,2704.0,140608.0,289.0,982713969.296361,979254853.130304,532920.573
0.0,40.0,12.0,0.0,0.0,1.0,0.0,31348.269,31330.645,27633.487,psid,0,0,1,1600.0,64000.0,144.0,982713969.296361,981609316.116025,376179.228
0.0,52.0,12.0,0.0,0.0,0.0,0.0,31348.269,32225.806,32509.985,psid,0,0,1,2704.0,140608.0,144.0,982713969.296361,1038502572.3496361,376179.228
0.0,53.0,16.0,0.0,0.0,1.0,0.0,31348.269,32225.806,32509.985,psid,0,0,1,2809.0,148877.0,256.0,982713969.296361,1038502572.3496361,501572.304
0.0,42.0,16.0,0.0,0.0,1.0,0.0,31348.269,32225.806,32214.439,psid,0,0,1,1764.0,74088.0,256.0,982713969.296361,1038502572.3496361,501572.304
0.0,39.0,14.0,0.0,0.0,1.0,0.0,31348.269,32569.548,31020.436,psid,0,0,1,1521.0,59319.0,196.0,982713969.296361,1060775456.9243039,438875.766
0.0,42.0,17.0,0.0,0.0,1.0,0.0,31348.269,32762.903,39159.754,psid,0,0,1,1764.0,74088.0,289.0,982713969.296361,1073407812.9874089,532920.573
0.0,31.0,14.0,0.0,0.0,1.0,0.0,31348.269,34016.129,38986.86,psid,0,0,1,961.0,29791.0,196.0,982713969.296361,1157097032.1446412,438875.766
0.0,47.0,14.0,0.0,0.0,1.0,0.0,31348.269,34016.129,25150.906,psid,0,0,1,2209.0,103823.0,196.0,982713969.296361,1157097032.1446412,438875.766
0.0,51.0,16.0,0.0,0.0,1.0,0.0,31348.269,35448.387,44331.797,psid,0,0,1,2601.0,132651.0,256.0,982713969.296361,1256588140.9017692,501572.304
0.0,44.0,13.0,0.0,0.0,1.0,0.0,31348.269,35806.452,36943.164,psid,0,0,1,1936.0,85184.0,169.0,982713969.296361,1282102004.8283038,407527.497
0.0,35.0,14.0,0.0,0.0,1.0,0.0,31348.269,36630.0,42854.071,psid,0,0,1,1225.0,42875.0,196.0,982713969.296361,1341756900.0,438875.766
0.0,44.0,16.0,1.0,0.0,1.0,0.0,31644.118,30621.677,23495.853,psid,0,0,1,1936.0,85184.0,256.0,1001350203.9979239,937687102.292329,506305.888
0.0,46.0,12.0,0.0,0.0,1.0,0.0,31740.122,25780.645,17437.174,psid,0,0,1,2116.0,97336.0,144.0,1007435344.5748839,664641656.616025,380881.464
0.0,32.0,14.0,0.0,0.0,1.0,0.0,31818.493,31330.645,70930.876,psid,0,0,1,1024.0,32768.0,196.0,1012416496.7910489,981609316.116025,445458.902
0.0,29.0,16.0,0.0,0.0,1.0,0.0,31936.049,26640.0,24825.806,psid,0,0,1,841.0,24389.0,256.0,1019911225.7304009,709689600.0,510976.784
0.0,38.0,17.0,0.0,0.0,0.0,0.0,31936.049,33300.0,33805.951,psid,0,0,1,1444.0,54872.0,289.0,1019911225.7304009,1108890000.0,542912.833
0.0,26.0,14.0,0.0,0.0,1.0,0.0,32131.976,29898.387,28032.473,psid,0,0,1,676.0,17576.0,196.0,1032463881.6645759,893913545.2017689,449847.664
0.0,43.0,16.0,0.0,0.0,1.0,0.0,32131.976,31330.645,33987.711,psid,0,0,1,1849.0,79507.0,256.0,1032463881.6645759,981609316.116025,514111.616
0.0,45.0,16.0,0.0,0.0,0.0,0.0,32131.976,31330.645,31401.69,psid,0,0,1,2025.0,91125.0,256.0,1032463881.6645759,981609316.116025,514111.616
0.0,34.0,17.0,0.0,0.0,0.0,0.0,32131.976,44758.065,9161.9048,psid,0,0,1,1156.0,39304.0,289.0,1032463881.6645759,2003284382.5442252,546243.592
0.0,49.0,14.0,0.0,0.0,1.0,0.0,32327.902,14322.581,24530.261,psid,0,0,1,2401.0,117649.0,196.0,1045093247.7216039,205136326.50156102,452590.62799999997
0.0,27.0,17.0,0.0,0.0,1.0,0.0,32327.902,25064.516,36943.164,psid,0,0,1,729.0,19683.0,289.0,1045093247.7216039,628229962.314256,549574.3339999999
0.0,26.0,16.0,0.0,0.0,1.0,0.0,32327.902,27750.0,32509.985,psid,0,0,1,676.0,17576.0,256.0,1045093247.7216039,770062500.0,517246.432
0.0,41.0,16.0,0.0,0.0,1.0,0.0,32327.902,31330.645,0.0,psid,0,0,0,1681.0,68921.0,256.0,1045093247.7216039,981609316.116025,517246.432
0.0,43.0,14.0,0.0,0.0,1.0,0.0,32327.902,31420.161,31032.258,psid,0,0,1,1849.0,79507.0,196.0,1045093247.7216039,987226517.265921,452590.62799999997
0.0,28.0,13.0,0.0,0.0,1.0,0.0,32327.902,31688.71,40637.481,psid,0,0,1,784.0,21952.0,169.0,1045093247.7216039,1004174341.4641,420262.72599999997
0.0,28.0,12.0,1.0,0.0,1.0,0.0,32327.902,32225.806,39898.618,psid,0,0,1,784.0,21952.0,144.0,1045093247.7216039,1038502572.3496361,387934.82399999996
0.0,27.0,16.0,0.0,0.0,1.0,0.0,32327.902,32225.806,39159.754,psid,0,0,1,729.0,19683.0,256.0,1045093247.7216039,1038502572.3496361,517246.432
0.0,32.0,12.0,0.0,0.0,1.0,0.0,32327.902,32225.806,32509.985,psid,0,0,1,1024.0,32768.0,144.0,1045093247.7216039,1038502572.3496361,387934.82399999996
0.0,31.0,12.0,0.0,0.0,1.0,0.0,32327.902,32225.806,32509.985,psid,0,0,1,961.0,29791.0,144.0,1045093247.7216039,1038502572.3496361,387934.82399999996
0.0,38.0,17.0,0.0,0.0,0.0,0.0,32327.902,32225.806,43297.389,psid,0,0,1,1444.0,54872.0,289.0,1045093247.7216039,1038502572.3496361,549574.3339999999
0.0,43.0,12.0,0.0,0.0,0.0,0.0,32327.902,33479.032,33987.711,psid,0,0,1,1849.0,79507.0,144.0,1045093247.7216039,1120845583.657024,387934.82399999996
0.0,34.0,17.0,0.0,0.0,1.0,0.0,32327.902,34016.129,33987.711,psid,0,0,1,1156.0,39304.0,289.0,1045093247.7216039,1157097032.1446412,549574.3339999999
0.0,22.0,14.0,0.0,0.0,1.0,0.0,32327.902,41177.419,32509.985,psid,0,0,1,484.0,10648.0,196.0,1045093247.7216039,1695579835.5015612,452590.62799999997
0.0,50.0,14.0,0.0,0.0,1.0,0.0,32602.2,27889.645,27314.298,psid,0,0,1,2500.0,125000.0,196.0,1062903444.84,777832298.226025,456430.8
0.0,44.0,14.0,0.0,0.0,1.0,0.0,32719.756,29540.323,26952.255,psid,0,0,1,1936.0,85184.0,196.0,1070582432.6995361,872630682.944329,458076.58400000003
0.0,53.0,12.0,0.0,0.0,1.0,0.0,32868.66,31509.677,18914.9,psid,0,0,1,2809.0,148877.0,144.0,1080348810.1956003,992859744.644329,394423.92000000004
0.0,47.0,12.0,0.0,0.0,1.0,0.0,32915.682,27750.0,18914.9,psid,0,0,1,2209.0,103823.0,144.0,1083442121.525124,770062500.0,394988.184
0.0,47.0,12.0,0.0,0.0,1.0,0.0,32915.682,27750.0,18914.9,psid,0,0,1,2209.0,103823.0,144.0,1083442121.525124,770062500.0,394988.184
0.0,41.0,16.0,1.0,0.0,1.0,0.0,33307.536,23274.194,22165.899,psid,0,0,1,1681.0,68921.0,256.0,1109391954.391296,541688106.349636,532920.576
0.0,41.0,16.0,1.0,0.0,1.0,0.0,33307.536,23274.194,22165.899,psid,0,0,1,1681.0,68921.0,256.0,1109391954.391296,541688106.349636,532920.576
0.0,41.0,16.0,1.0,0.0,1.0,0.0,33307.536,23274.194,22165.899,psid,0,0,1,1681.0,68921.0,256.0,1109391954.391296,541688106.349636,532920.576
0.0,48.0,16.0,0.0,0.0,1.0,0.0,33307.536,26058.145,31918.894,psid,0,0,1,2304.0,110592.0,256.0,1109391954.391296,679026920.841025,532920.576
0.0,48.0,16.0,0.0,0.0,1.0,0.0,33307.536,26058.145,31918.894,psid,0,0,1,2304.0,110592.0,256.0,1109391954.391296,679026920.841025,532920.576
0.0,36.0,13.0,0.0,0.0,1.0,0.0,33307.536,28645.161,28372.35,psid,0,0,1,1296.0,46656.0,169.0,1109391954.391296,820545248.715921,432997.968
0.0,49.0,12.0,0.0,0.0,1.0,0.0,33307.536,28645.161,32580.916,psid,0,0,1,2401.0,117649.0,144.0,1109391954.391296,820545248.715921,399690.43200000003
0.0,33.0,17.0,1.0,0.0,1.0,0.0,33307.536,29540.323,17732.719,psid,0,0,1,1089.0,35937.0,289.0,1109391954.391296,872630682.944329,566228.112
0.0,49.0,14.0,0.0,0.0,1.0,0.0,33307.536,30435.484,29554.531,psid,0,0,1,2401.0,117649.0,196.0,1109391954.391296,926318686.3142561,466305.504
0.0,36.0,12.0,0.0,0.0,1.0,0.0,33307.536,30435.484,31032.258,psid,0,0,1,1296.0,46656.0,144.0,1109391954.391296,926318686.3142561,399690.43200000003
0.0,50.0,17.0,0.0,0.0,1.0,0.0,33307.536,30435.484,25860.215,psid,0,0,1,2500.0,125000.0,289.0,1109391954.391296,926318686.3142561,566228.112
0.0,36.0,12.0,0.0,0.0,1.0,0.0,33307.536,30435.484,41376.344,psid,0,0,1,1296.0,46656.0,144.0,1109391954.391296,926318686.3142561,399690.43200000003
0.0,27.0,16.0,0.0,0.0,1.0,0.0,33307.536,30435.484,0.0,psid,0,0,0,729.0,19683.0,256.0,1109391954.391296,926318686.3142561,532920.576
0.0,52.0,16.0,0.0,0.0,1.0,0.0,33307.536,30793.548,28815.668,psid,0,0,1,2704.0,140608.0,256.0,1109391954.391296,948242598.428304,532920.576
0.0,38.0,12.0,0.0,0.0,1.0,0.0,33307.536,31330.645,31771.121,psid,0,0,1,1444.0,54872.0,144.0,1109391954.391296,981609316.116025,399690.43200000003
0.0,25.0,14.0,0.0,0.0,1.0,0.0,33307.536,31330.645,35760.983,psid,0,0,1,625.0,15625.0,196.0,1109391954.391296,981609316.116025,466305.504
0.0,33.0,17.0,0.0,0.0,1.0,0.0,33307.536,31867.742,35465.438,psid,0,0,1,1089.0,35937.0,289.0,1109391954.391296,1015552980.178564,566228.112
0.0,30.0,12.0,0.0,0.0,1.0,0.0,33307.536,32046.774,37682.028,psid,0,0,1,900.0,27000.0,144.0,1109391954.391296,1026995723.8070761,399690.43200000003
0.0,53.0,12.0,0.0,0.0,1.0,0.0,33307.536,32225.806,33544.393,psid,0,0,1,2809.0,148877.0,144.0,1109391954.391296,1038502572.3496361,399690.43200000003
0.0,34.0,12.0,0.0,0.0,1.0,0.0,33307.536,32583.871,31032.258,psid,0,0,1,1156.0,39304.0,144.0,1109391954.391296,1061708649.344641,399690.43200000003
0.0,36.0,12.0,0.0,0.0,1.0,0.0,33307.536,33120.968,33987.711,psid,0,0,1,1296.0,46656.0,144.0,1109391954.391296,1096998521.257024,399690.43200000003
0.0,42.0,13.0,0.0,0.0,1.0,0.0,33307.536,33120.968,44331.797,psid,0,0,1,1764.0,74088.0,169.0,1109391954.391296,1096998521.257024,432997.968
0.0,34.0,12.0,0.0,0.0,1.0,0.0,33307.536,34016.129,32509.985,psid,0,0,1,1156.0,39304.0,144.0,1109391954.391296,1157097032.1446412,399690.43200000003
0.0,29.0,17.0,0.0,0.0,1.0,0.0,33307.536,34016.129,26980.332,psid,0,0,1,841.0,24389.0,289.0,1109391954.391296,1157097032.1446412,566228.112
0.0,52.0,12.0,0.0,0.0,1.0,0.0,33307.536,34171.887,28667.896,psid,0,0,1,2704.0,140608.0,144.0,1109391954.391296,1167717861.1407692,399690.43200000003
0.0,42.0,14.0,0.0,0.0,1.0,0.0,33307.536,37596.774,48764.977,psid,0,0,1,1764.0,74088.0,196.0,1109391954.391296,1413517415.2070758,466305.504
0.0,53.0,15.0,0.0,0.0,1.0,0.0,33307.536,37596.774,38420.891,psid,0,0,1,2809.0,148877.0,225.0,1109391954.391296,1413517415.2070758,499613.04
0.0,32.0,13.0,1.0,0.0,1.0,0.0,33307.536,37596.774,46891.22,psid,0,0,1,1024.0,32768.0,169.0,1109391954.391296,1413517415.2070758,432997.968
0.0,39.0,12.0,0.0,0.0,1.0,0.0,33307.536,39387.097,28076.805,psid,0,0,1,1521.0,59319.0,144.0,1109391954.391296,1551343410.087409,399690.43200000003
0.0,28.0,16.0,0.0,0.0,1.0,0.0,33307.536,39387.097,34726.575,psid,0,0,1,784.0,21952.0,256.0,1109391954.391296,1551343410.087409,532920.576
0.0,28.0,12.0,1.0,0.0,1.0,0.0,33503.462,26854.839,25121.352,psid,0,0,1,784.0,21952.0,144.0,1122481965.985444,721182377.715921,402041.544
0.0,26.0,14.0,0.0,0.0,1.0,0.0,33503.462,36032.032,34559.591,psid,0,0,1,676.0,17576.0,196.0,1122481965.985444,1298307330.0490239,469048.468
0.0,25.0,14.0,1.0,0.0,1.0,0.0,33699.389,17724.194,25121.352,psid,0,0,1,625.0,15625.0,196.0,1135648818.9733212,314147052.949636,471791.44600000005
0.0,52.0,12.0,0.0,0.0,1.0,0.0,33895.316,47622.581,39011.982,psid,0,0,1,2704.0,140608.0,144.0,1148892446.739856,2267910221.101561,406743.792
0.0,35.0,16.0,0.0,0.0,1.0,0.0,34091.242,26854.839,31032.258,psid,0,0,1,1225.0,42875.0,256.0,1162212781.1025639,721182377.715921,545459.872
0.0,44.0,12.0,0.0,0.0,1.0,0.0,34091.242,32046.774,35465.438,psid,0,0,1,1936.0,85184.0,144.0,1162212781.1025639,1026995723.8070761,409094.904
0.0,33.0,15.0,0.0,0.0,1.0,0.0,34091.242,34016.129,33248.848,psid,0,0,1,1089.0,35937.0,225.0,1162212781.1025639,1157097032.1446412,511368.63
0.0,29.0,12.0,0.0,1.0,1.0,0.0,34287.169,26541.532,39159.754,psid,0,0,1,841.0,24389.0,144.0,1175609958.0345612,704452920.9070239,411446.02800000005
0.0,53.0,16.0,0.0,0.0,1.0,0.0,34287.169,28645.161,22165.899,psid,0,0,1,2809.0,148877.0,256.0,1175609958.0345612,820545248.715921,548594.704
0.0,26.0,16.0,0.0,0.0,1.0,0.0,34287.169,32225.806,36943.164,psid,0,0,1,676.0,17576.0,256.0,1175609958.0345612,1038502572.3496361,548594.704
0.0,37.0,17.0,0.0,0.0,1.0,0.0,34287.169,35806.452,41376.344,psid,0,0,1,1369.0,50653.0,289.0,1175609958.0345612,1282102004.8283038,582881.873
0.0,45.0,12.0,0.0,0.0,1.0,0.0,34287.169,35806.452,31032.258,psid,0,0,1,2025.0,91125.0,144.0,1175609958.0345612,1282102004.8283038,411446.02800000005
0.0,27.0,17.0,0.0,0.0,1.0,0.0,34287.169,37596.774,39307.527,psid,0,0,1,729.0,19683.0,289.0,1175609958.0345612,1413517415.2070758,582881.873
0.0,38.0,12.0,1.0,0.0,1.0,0.0,34483.096,23632.258,19210.445,psid,0,0,1,1444.0,54872.0,144.0,1189083909.745216,558483618.1785641,413797.152
0.0,34.0,13.0,0.0,0.0,1.0,0.0,34483.096,31509.677,33396.621,psid,0,0,1,1156.0,39304.0,169.0,1189083909.745216,992859744.644329,448280.24799999996
0.0,34.0,12.0,0.0,0.0,1.0,0.0,34731.923,30435.484,39898.618,psid,0,0,1,1156.0,39304.0,144.0,1206306475.277929,926318686.3142561,416783.076
0.0,32.0,14.0,0.0,0.0,1.0,0.0,34874.949,35788.548,41376.344,psid,0,0,1,1024.0,32768.0,196.0,1216262067.7526011,1280820167.9483042,488249.286
0.0,32.0,12.0,0.0,0.0,0.0,0.0,35070.876,32225.806,27337.942,psid,0,0,1,1024.0,32768.0,144.0,1229966343.4073758,1038502572.3496361,420850.512
0.0,29.0,14.0,0.0,0.0,1.0,0.0,35266.802,16112.903,20688.172,psid,0,0,1,841.0,24389.0,196.0,1243747323.3072042,259625643.08740902,493735.22800000006
0.0,38.0,12.0,1.0,0.0,1.0,0.0,35266.802,25064.516,36943.164,psid,0,0,1,1444.0,54872.0,144.0,1243747323.3072042,628229962.314256,423201.62400000007
0.0,25.0,14.0,1.0,0.0,1.0,0.0,35266.802,25601.613,33101.075,psid,0,0,1,625.0,15625.0,196.0,1243747323.3072042,655442588.2017691,493735.22800000006
0.0,35.0,12.0,0.0,0.0,1.0,0.0,35266.802,26854.839,32509.985,psid,0,0,1,1225.0,42875.0,144.0,1243747323.3072042,721182377.715921,423201.62400000007
0.0,35.0,12.0,0.0,0.0,1.0,0.0,35266.802,26854.839,32509.985,psid,0,0,1,1225.0,42875.0,144.0,1243747323.3072042,721182377.715921,423201.62400000007
0.0,31.0,17.0,0.0,0.0,1.0,0.0,35266.802,31806.871,62064.516,psid,0,0,1,961.0,29791.0,289.0,1243747323.3072042,1011677042.8106409,599535.6340000001
0.0,49.0,12.0,0.0,0.0,1.0,0.0,35266.802,32225.806,47287.25,psid,0,0,1,2401.0,117649.0,144.0,1243747323.3072042,1038502572.3496361,423201.62400000007
0.0,55.0,12.0,0.0,0.0,1.0,0.0,35266.802,32225.806,25860.215,psid,0,0,1,3025.0,166375.0,144.0,1243747323.3072042,1038502572.3496361,423201.62400000007
0.0,32.0,12.0,0.0,0.0,1.0,0.0,35266.802,32225.806,33987.711,psid,0,0,1,1024.0,32768.0,144.0,1243747323.3072042,1038502572.3496361,423201.62400000007
0.0,46.0,14.0,0.0,0.0,1.0,0.0,35266.802,33120.968,33987.711,psid,0,0,1,2116.0,97336.0,196.0,1243747323.3072042,1096998521.257024,493735.22800000006
0.0,28.0,15.0,0.0,0.0,1.0,0.0,35266.802,34016.129,35465.438,psid,0,0,1,784.0,21952.0,225.0,1243747323.3072042,1157097032.1446412,529002.03
0.0,34.0,16.0,0.0,0.0,1.0,0.0,35266.802,34016.129,35465.438,psid,0,0,1,1156.0,39304.0,256.0,1243747323.3072042,1157097032.1446412,564268.832
0.0,35.0,16.0,0.0,0.0,1.0,0.0,35266.802,34016.129,40489.708,psid,0,0,1,1225.0,42875.0,256.0,1243747323.3072042,1157097032.1446412,564268.832
0.0,34.0,12.0,0.0,0.0,1.0,0.0,35266.802,35806.452,36943.164,psid,0,0,1,1156.0,39304.0,144.0,1243747323.3072042,1282102004.8283038,423201.62400000007
0.0,40.0,16.0,0.0,0.0,1.0,0.0,35266.802,35806.452,36943.164,psid,0,0,1,1600.0,64000.0,256.0,1243747323.3072042,1282102004.8283038,564268.832
0.0,40.0,16.0,0.0,0.0,1.0,0.0,35266.802,35806.452,36943.164,psid,0,0,1,1600.0,64000.0,256.0,1243747323.3072042,1282102004.8283038,564268.832
0.0,29.0,14.0,0.0,0.0,1.0,0.0,35266.802,37596.774,45809.524,psid,0,0,1,841.0,24389.0,196.0,1243747323.3072042,1413517415.2070758,493735.22800000006
0.0,45.0,12.0,0.0,0.0,1.0,0.0,35266.802,38366.613,38420.891,psid,0,0,1,2025.0,91125.0,144.0,1243747323.3072042,1471996993.0917687,423201.62400000007
0.0,34.0,16.0,0.0,0.0,1.0,0.0,35266.802,39387.097,41671.889,psid,0,0,1,1156.0,39304.0,256.0,1243747323.3072042,1551343410.087409,564268.832
0.0,47.0,12.0,0.0,0.0,1.0,0.0,35266.802,40103.226,42262.98,psid,0,0,1,2209.0,103823.0,144.0,1243747323.3072042,1608268735.6070762,423201.62400000007
0.0,31.0,16.0,0.0,0.0,1.0,0.0,35266.802,41177.419,35465.438,psid,0,0,1,961.0,29791.0,256.0,1243747323.3072042,1695579835.5015612,564268.832
0.0,53.0,12.0,1.0,0.0,1.0,0.0,35266.802,42967.742,35465.438,psid,0,0,1,2809.0,148877.0,144.0,1243747323.3072042,1846226852.578564,423201.62400000007
0.0,51.0,12.0,0.0,0.0,1.0,0.0,35266.802,44758.065,0.0,psid,0,0,0,2601.0,132651.0,144.0,1243747323.3072042,2003284382.5442252,423201.62400000007
0.0,40.0,16.0,0.0,0.0,1.0,0.0,35266.802,44758.065,56153.61,psid,0,0,1,1600.0,64000.0,256.0,1243747323.3072042,2003284382.5442252,564268.832
0.0,27.0,12.0,0.0,0.0,1.0,0.0,35266.802,53888.71,14777.266,psid,0,0,1,729.0,19683.0,144.0,1243747323.3072042,2903993065.4641,423201.62400000007
0.0,33.0,16.0,0.0,1.0,1.0,0.0,35266.802,85935.484,96052.227,psid,0,0,1,1089.0,35937.0,256.0,1243747323.3072042,7384907410.314256,564268.832
0.0,41.0,16.0,0.0,0.0,1.0,0.0,35582.244,34016.129,42854.071,psid,0,0,1,1681.0,68921.0,256.0,1266096088.075536,1157097032.1446412,569315.904
0.0,41.0,16.0,0.0,0.0,1.0,0.0,35582.244,34016.129,42854.071,psid,0,0,1,1681.0,68921.0,256.0,1266096088.075536,1157097032.1446412,569315.904
0.0,33.0,12.0,0.0,0.0,1.0,0.0,35658.656,34016.129,32509.985,psid,0,0,1,1089.0,35937.0,144.0,1271539747.7263362,1157097032.1446412,427903.87200000003
0.0,53.0,13.0,0.0,0.0,1.0,0.0,35658.656,35806.452,35465.438,psid,0,0,1,2809.0,148877.0,169.0,1271539747.7263362,1282102004.8283038,463562.52800000005
0.0,45.0,12.0,0.0,0.0,1.0,0.0,35756.619,31509.677,27377.84,psid,0,0,1,2025.0,91125.0,144.0,1278535802.3111608,992859744.644329,429079.42799999996
0.0,50.0,17.0,0.0,0.0,1.0,0.0,36050.509,37596.774,13299.539,psid,0,0,1,2500.0,125000.0,289.0,1299639199.159081,1413517415.2070758,612858.6529999999
0.0,37.0,14.0,0.0,0.0,1.0,0.0,36197.454,29361.29,21870.353,psid,0,0,1,1369.0,50653.0,196.0,1310255676.082116,862085350.4641,506764.35599999997
0.0,27.0,16.0,0.0,0.0,1.0,0.0,36246.436,0.0,0.0,psid,0,1,0,729.0,19683.0,256.0,1313804122.7020962,0.0,579942.976
0.0,27.0,16.0,0.0,0.0,1.0,0.0,36246.436,28192.21,40903.472,psid,0,0,1,729.0,19683.0,256.0,1313804122.7020962,794800704.6840999,579942.976
0.0,48.0,12.0,0.0,0.0,1.0,0.0,36246.436,31330.645,32509.985,psid,0,0,1,2304.0,110592.0,144.0,1313804122.7020962,981609316.116025,434957.232
0.0,47.0,12.0,0.0,0.0,1.0,0.0,36246.436,31796.129,42854.071,psid,0,0,1,2209.0,103823.0,144.0,1313804122.7020962,1010993819.384641,434957.232
0.0,47.0,17.0,0.0,0.0,1.0,0.0,36246.436,34016.129,35465.438,psid,0,0,1,2209.0,103823.0,289.0,1313804122.7020962,1157097032.1446412,616189.412
0.0,33.0,15.0,0.0,0.0,1.0,0.0,36246.436,34213.065,35465.438,psid,0,0,1,1089.0,35937.0,225.0,1313804122.7020962,1170533816.694225,543696.54
0.0,32.0,17.0,0.0,0.0,1.0,0.0,36640.248,34016.129,57631.336,psid,0,0,1,1024.0,32768.0,289.0,1342507773.501504,1157097032.1446412,622884.216
0.0,34.0,14.0,0.0,0.0,1.0,0.0,36834.216,0.0,0.0,psid,0,1,0,1156.0,39304.0,196.0,1356759468.334656,0.0,515679.024
0.0,43.0,17.0,0.0,0.0,1.0,0.0,37226.069,16650.0,30441.167,psid,0,0,1,1849.0,79507.0,289.0,1385780213.1927612,277222500.0,632843.1730000001
0.0,31.0,14.0,0.0,0.0,1.0,0.0,37226.069,17903.226,25860.215,psid,0,0,1,961.0,29791.0,196.0,1385780213.1927612,320525501.20707595,521164.966
0.0,26.0,12.0,0.0,0.0,1.0,0.0,37226.069,25959.677,26599.078,psid,0,0,1,676.0,17576.0,144.0,1385780213.1927612,673904829.944329,446712.82800000004
0.0,29.0,14.0,0.0,0.0,0.0,0.0,37226.069,27284.516,36943.164,psid,0,0,1,841.0,24389.0,196.0,1385780213.1927612,744444813.354256,521164.966
0.0,44.0,17.0,0.0,0.0,1.0,0.0,37226.069,32075.419,37386.482,psid,0,0,1,1936.0,85184.0,289.0,1385780213.1927612,1028832504.0255611,632843.1730000001
0.0,36.0,17.0,0.0,1.0,1.0,0.0,37226.069,33300.0,39603.072,psid,0,0,1,1296.0,46656.0,289.0,1385780213.1927612,1108890000.0,632843.1730000001
0.0,26.0,17.0,0.0,0.0,1.0,0.0,37226.069,34016.129,44331.797,psid,0,0,1,676.0,17576.0,289.0,1385780213.1927612,1157097032.1446412,632843.1730000001
0.0,28.0,16.0,0.0,0.0,1.0,0.0,37226.069,34016.129,35465.438,psid,0,0,1,784.0,21952.0,256.0,1385780213.1927612,1157097032.1446412,595617.104
0.0,35.0,17.0,0.0,0.0,1.0,0.0,37226.069,35806.452,39898.618,psid,0,0,1,1225.0,42875.0,289.0,1385780213.1927612,1282102004.8283038,632843.1730000001
0.0,52.0,12.0,0.0,0.0,1.0,0.0,37226.069,35831.516,48764.977,psid,0,0,1,2704.0,140608.0,144.0,1385780213.1927612,1283897538.8582563,446712.82800000004
0.0,36.0,13.0,0.0,0.0,0.0,0.0,37226.069,36150.194,44308.154,psid,0,0,1,1296.0,46656.0,169.0,1385780213.1927612,1306836526.2376363,483938.89700000006
0.0,28.0,17.0,0.0,0.0,1.0,0.0,37226.069,37507.258,38420.891,psid,0,0,1,784.0,21952.0,289.0,1385780213.1927612,1406794402.678564,632843.1730000001
0.0,44.0,17.0,0.0,0.0,1.0,0.0,37226.069,37596.774,36204.301,psid,0,0,1,1936.0,85184.0,289.0,1385780213.1927612,1413517415.2070758,632843.1730000001
0.0,37.0,13.0,0.0,0.0,1.0,0.0,37226.069,37596.774,39529.186,psid,0,0,1,1369.0,50653.0,169.0,1385780213.1927612,1413517415.2070758,483938.89700000006
0.0,51.0,12.0,0.0,0.0,1.0,0.0,37226.069,38939.516,35465.438,psid,0,0,1,2601.0,132651.0,144.0,1385780213.1927612,1516285906.3142562,446712.82800000004
0.0,50.0,12.0,0.0,0.0,1.0,0.0,37226.069,39029.032,36943.164,psid,0,0,1,2500.0,125000.0,144.0,1385780213.1927612,1523265338.857024,446712.82800000004
0.0,29.0,12.0,0.0,0.0,1.0,0.0,37226.069,39924.194,27918.688,psid,0,0,1,841.0,24389.0,144.0,1385780213.1927612,1593941266.5496364,446712.82800000004
0.0,32.0,17.0,0.0,0.0,1.0,0.0,37226.069,46548.387,25121.352,psid,0,0,1,1024.0,32768.0,289.0,1385780213.1927612,2166752332.3017693,632843.1730000001
0.0,38.0,14.0,0.0,0.0,1.0,0.0,37226.069,50129.032,44331.797,psid,0,0,1,1444.0,54872.0,196.0,1385780213.1927612,2512919849.257024,521164.966
0.0,47.0,17.0,0.0,0.0,1.0,0.0,37343.625,28906.548,35732.906,psid,0,0,1,2209.0,103823.0,289.0,1394546328.140625,835588517.2763039,634841.625
0.0,47.0,17.0,0.0,0.0,1.0,0.0,37343.625,28906.548,35732.906,psid,0,0,1,2209.0,103823.0,289.0,1394546328.140625,835588517.2763039,634841.625
0.0,31.0,17.0,0.0,0.0,1.0,0.0,38009.776,36705.194,42854.071,psid,0,0,1,961.0,29791.0,289.0,1444743071.570176,1347271266.5776362,646166.1919999999
0.0,50.0,16.0,0.0,0.0,1.0,0.0,38205.703,34911.29,33987.711,psid,0,0,1,2500.0,125000.0,256.0,1459675741.724209,1218798169.4641001,611291.248
0.0,39.0,12.0,0.0,0.0,1.0,0.0,38205.703,39387.097,43740.707,psid,0,0,1,1521.0,59319.0,144.0,1459675741.724209,1551343410.087409,458468.436
0.0,27.0,13.0,0.0,0.0,1.0,0.0,38401.629,34016.129,11128.759,psid,0,0,1,729.0,19683.0,169.0,1474685109.853641,1157097032.1446412,499221.177
0.0,46.0,16.0,0.0,0.0,1.0,0.0,38597.556,37596.774,48764.977,psid,0,0,1,2116.0,97336.0,256.0,1489771329.1731358,1413517415.2070758,617560.896
0.0,46.0,16.0,0.0,0.0,1.0,0.0,38597.556,37596.774,48764.977,psid,0,0,1,2116.0,97336.0,256.0,1489771329.1731358,1413517415.2070758,617560.896
0.0,33.0,16.0,0.0,0.0,1.0,0.0,38597.556,41177.419,42854.071,psid,0,0,1,1089.0,35937.0,256.0,1489771329.1731358,1695579835.5015612,617560.896
0.0,25.0,16.0,0.0,0.0,0.0,0.0,39185.336,0.0,23389.456,psid,0,1,1,625.0,15625.0,256.0,1535490557.4328961,0.0,626965.376
0.0,36.0,12.0,0.0,0.0,1.0,0.0,39185.336,15217.742,16254.992,psid,0,0,1,1296.0,46656.0,144.0,1535490557.4328961,231579671.57856402,470224.032
0.0,39.0,12.0,0.0,0.0,1.0,0.0,39185.336,24169.355,23643.625,psid,0,0,1,1521.0,59319.0,144.0,1535490557.4328961,584157721.116025,470224.032
0.0,35.0,17.0,0.0,0.0,1.0,0.0,39185.336,30435.484,33426.175,psid,0,0,1,1225.0,42875.0,289.0,1535490557.4328961,926318686.3142561,666150.712
0.0,35.0,17.0,0.0,0.0,1.0,0.0,39185.336,30435.484,33426.175,psid,0,0,1,1225.0,42875.0,289.0,1535490557.4328961,926318686.3142561,666150.712
0.0,46.0,17.0,0.0,0.0,1.0,0.0,39185.336,31330.645,31298.249,psid,0,0,1,2116.0,97336.0,289.0,1535490557.4328961,981609316.116025,666150.712
0.0,31.0,17.0,0.0,0.0,1.0,0.0,39185.336,33120.968,47287.25,psid,0,0,1,961.0,29791.0,289.0,1535490557.4328961,1096998521.257024,666150.712
0.0,52.0,15.0,0.0,0.0,1.0,0.0,39185.336,35806.452,38420.891,psid,0,0,1,2704.0,140608.0,225.0,1535490557.4328961,1282102004.8283038,587780.04
0.0,50.0,16.0,0.0,0.0,0.0,0.0,39185.336,35806.452,40637.481,psid,0,0,1,2500.0,125000.0,256.0,1535490557.4328961,1282102004.8283038,626965.376
0.0,49.0,12.0,0.0,0.0,1.0,0.0,39185.336,35806.452,33987.711,psid,0,0,1,2401.0,117649.0,144.0,1535490557.4328961,1282102004.8283038,470224.032
0.0,53.0,16.0,0.0,0.0,1.0,0.0,39185.336,35806.452,51720.43,psid,0,0,1,2809.0,148877.0,256.0,1535490557.4328961,1282102004.8283038,626965.376
0.0,44.0,14.0,0.0,0.0,1.0,0.0,39185.336,35806.452,35465.438,psid,0,0,1,1936.0,85184.0,196.0,1535490557.4328961,1282102004.8283038,548594.704
0.0,46.0,16.0,0.0,0.0,1.0,0.0,39185.336,35806.452,36943.164,psid,0,0,1,2116.0,97336.0,256.0,1535490557.4328961,1282102004.8283038,626965.376
0.0,42.0,14.0,0.0,0.0,1.0,0.0,39185.336,36701.613,39898.618,psid,0,0,1,1764.0,74088.0,196.0,1535490557.4328961,1347008396.8017688,548594.704
0.0,43.0,12.0,0.0,0.0,1.0,0.0,39185.336,36701.613,45809.524,psid,0,0,1,1849.0,79507.0,144.0,1535490557.4328961,1347008396.8017688,470224.032
0.0,28.0,12.0,1.0,0.0,1.0,0.0,39185.336,36776.806,34726.575,psid,0,0,1,784.0,21952.0,144.0,1535490557.4328961,1352533459.5616357,470224.032
0.0,54.0,15.0,0.0,0.0,1.0,0.0,39185.336,37471.452,39304.571,psid,0,0,1,2916.0,157464.0,225.0,1535490557.4328961,1404109714.988304,587780.04
0.0,42.0,16.0,0.0,0.0,1.0,0.0,39185.336,37596.774,47287.25,psid,0,0,1,1764.0,74088.0,256.0,1535490557.4328961,1413517415.2070758,626965.376
0.0,34.0,16.0,0.0,0.0,1.0,0.0,39185.336,37596.774,39898.618,psid,0,0,1,1156.0,39304.0,256.0,1535490557.4328961,1413517415.2070758,626965.376
0.0,29.0,13.0,1.0,0.0,1.0,0.0,39185.336,37596.774,38420.891,psid,0,0,1,841.0,24389.0,169.0,1535490557.4328961,1413517415.2070758,509409.368
0.0,47.0,16.0,0.0,0.0,1.0,0.0,39185.336,39387.097,38420.891,psid,0,0,1,2209.0,103823.0,256.0,1535490557.4328961,1551343410.087409,626965.376
0.0,33.0,16.0,0.0,0.0,1.0,0.0,39185.336,39387.097,44331.797,psid,0,0,1,1089.0,35937.0,256.0,1535490557.4328961,1551343410.087409,626965.376
0.0,40.0,17.0,0.0,1.0,1.0,0.0,39185.336,41177.419,33987.711,psid,0,0,1,1600.0,64000.0,289.0,1535490557.4328961,1695579835.5015612,666150.712
0.0,40.0,17.0,0.0,1.0,1.0,0.0,39185.336,41177.419,33987.711,psid,0,0,1,1600.0,64000.0,289.0,1535490557.4328961,1695579835.5015612,666150.712
0.0,45.0,14.0,0.0,0.0,1.0,0.0,39185.336,42538.065,36943.164,psid,0,0,1,2025.0,91125.0,196.0,1535490557.4328961,1809486973.9442253,548594.704
0.0,31.0,16.0,0.0,0.0,1.0,0.0,39185.336,42967.742,76841.782,psid,0,0,1,961.0,29791.0,256.0,1535490557.4328961,1846226852.578564,626965.376
0.0,32.0,12.0,0.0,0.0,1.0,0.0,39185.336,42967.742,41376.344,psid,0,0,1,1024.0,32768.0,144.0,1535490557.4328961,1846226852.578564,470224.032
0.0,27.0,17.0,0.0,0.0,1.0,0.0,39185.336,44758.065,29554.531,psid,0,0,1,729.0,19683.0,289.0,1535490557.4328961,2003284382.5442252,666150.712
0.0,44.0,17.0,0.0,0.0,1.0,0.0,39185.336,44758.065,51720.43,psid,0,0,1,1936.0,85184.0,289.0,1535490557.4328961,2003284382.5442252,666150.712
0.0,38.0,17.0,0.0,0.0,1.0,0.0,39185.336,48338.71,47287.25,psid,0,0,1,1444.0,54872.0,289.0,1535490557.4328961,2336630884.4641,666150.712
0.0,27.0,17.0,0.0,0.0,0.0,0.0,40164.969,41177.419,44331.797,psid,0,0,1,729.0,19683.0,289.0,1613224734.7709608,1695579835.5015612,682804.473
0.0,38.0,12.0,1.0,0.0,1.0,0.0,40570.538,10741.935,27190.169,psid,0,0,1,1444.0,54872.0,144.0,1645968553.6094441,115389167.54422499,486846.456
0.0,39.0,17.0,0.0,0.0,1.0,0.0,40752.749,0.0,0.0,psid,0,1,0,1521.0,59319.0,289.0,1660786551.0570014,0.0,692796.733
0.0,46.0,14.0,0.0,0.0,1.0,0.0,41144.603,30256.452,35465.438,psid,0,0,1,2116.0,97336.0,196.0,1692878356.0276093,915452887.6283041,576024.442
0.0,25.0,17.0,0.0,0.0,1.0,0.0,41144.603,35806.452,38420.891,psid,0,0,1,625.0,15625.0,289.0,1692878356.0276093,1282102004.8283038,699458.251
0.0,52.0,12.0,0.0,0.0,1.0,0.0,41144.603,37596.774,36943.164,psid,0,0,1,2704.0,140608.0,144.0,1692878356.0276093,1413517415.2070758,493735.23600000003
0.0,35.0,15.0,0.0,0.0,1.0,0.0,41144.603,39387.097,35465.438,psid,0,0,1,1225.0,42875.0,225.0,1692878356.0276093,1551343410.087409,617169.045
0.0,53.0,12.0,0.0,0.0,1.0,0.0,41144.603,42967.742,39898.618,psid,0,0,1,2809.0,148877.0,144.0,1692878356.0276093,1846226852.578564,493735.23600000003
0.0,33.0,16.0,0.0,0.0,1.0,0.0,41144.603,42967.742,41080.799,psid,0,0,1,1089.0,35937.0,256.0,1692878356.0276093,1846226852.578564,658313.648
0.0,30.0,16.0,0.0,0.0,1.0,0.0,41144.603,42967.742,47287.25,psid,0,0,1,900.0,27000.0,256.0,1692878356.0276093,1846226852.578564,658313.648
0.0,51.0,16.0,0.0,0.0,1.0,0.0,41144.603,44758.065,48764.977,psid,0,0,1,2601.0,132651.0,256.0,1692878356.0276093,2003284382.5442252,658313.648
0.0,36.0,12.0,1.0,0.0,1.0,0.0,41732.383,37596.774,31032.258,psid,0,0,1,1296.0,46656.0,144.0,1741591790.858689,1413517415.2070758,500788.596
0.0,33.0,13.0,0.0,0.0,1.0,0.0,41732.383,47264.516,51073.186,psid,0,0,1,1089.0,35937.0,169.0,1741591790.858689,2233934472.7142563,542520.979
0.0,50.0,17.0,0.0,0.0,1.0,0.0,42124.236,0.0,70930.876,psid,0,1,1,2500.0,125000.0,289.0,1774451258.5836957,0.0,716112.012
0.0,47.0,16.0,0.0,0.0,1.0,0.0,42124.236,41177.419,44331.797,psid,0,0,1,2209.0,103823.0,256.0,1774451258.5836957,1695579835.5015612,673987.776
0.0,36.0,14.0,0.0,0.0,1.0,0.0,42124.236,42072.581,41376.344,psid,0,0,1,1296.0,46656.0,196.0,1774451258.5836957,1770102072.001561,589739.304
0.0,48.0,12.0,0.0,0.0,1.0,0.0,42124.236,42967.742,36943.164,psid,0,0,1,2304.0,110592.0,144.0,1774451258.5836957,1846226852.578564,505490.83199999994
0.0,48.0,12.0,0.0,0.0,1.0,0.0,42124.236,42967.742,36943.164,psid,0,0,1,2304.0,110592.0,144.0,1774451258.5836957,1846226852.578564,505490.83199999994
0.0,48.0,17.0,0.0,0.0,1.0,0.0,42294.692,41177.419,41376.344,psid,0,0,1,2304.0,110592.0,289.0,1788840971.3748643,1695579835.5015612,719009.7640000001
0.0,37.0,17.0,0.0,0.0,1.0,0.0,42712.016,43862.903,31032.258,psid,0,0,1,1369.0,50653.0,289.0,1824316310.7842562,1923954259.5874088,726104.2720000001
0.0,50.0,17.0,0.0,0.0,1.0,0.0,42907.943,44758.065,39898.618,psid,0,0,1,2500.0,125000.0,289.0,1841091572.4912488,2003284382.5442252,729435.031
0.0,34.0,16.0,0.0,0.0,1.0,0.0,43103.87,21304.839,20688.172,psid,0,0,1,1156.0,39304.0,256.0,1857943608.9769003,453896164.815921,689661.92
0.0,30.0,12.0,1.0,0.0,1.0,0.0,43103.87,21483.871,26599.078,psid,0,0,1,900.0,27000.0,144.0,1857943608.9769003,461556713.144641,517246.44000000006
0.0,28.0,16.0,0.0,0.0,1.0,0.0,43103.87,32225.806,38420.891,psid,0,0,1,784.0,21952.0,256.0,1857943608.9769003,1038502572.3496361,689661.92
0.0,37.0,12.0,0.0,0.0,0.0,0.0,43103.87,32225.806,32509.985,psid,0,0,1,1369.0,50653.0,144.0,1857943608.9769003,1038502572.3496361,517246.44000000006
0.0,46.0,12.0,0.0,0.0,1.0,0.0,43103.87,35806.452,31032.258,psid,0,0,1,2116.0,97336.0,144.0,1857943608.9769003,1282102004.8283038,517246.44000000006
0.0,32.0,12.0,0.0,1.0,1.0,0.0,43103.87,37596.774,38420.891,psid,0,0,1,1024.0,32768.0,144.0,1857943608.9769003,1413517415.2070758,517246.44000000006
0.0,29.0,12.0,0.0,0.0,0.0,0.0,43103.87,37596.774,50242.704,psid,0,0,1,841.0,24389.0,144.0,1857943608.9769003,1413517415.2070758,517246.44000000006
0.0,40.0,16.0,0.0,0.0,1.0,0.0,43103.87,39387.097,45809.524,psid,0,0,1,1600.0,64000.0,256.0,1857943608.9769003,1551343410.087409,689661.92
0.0,44.0,15.0,0.0,0.0,1.0,0.0,43103.87,39387.097,51232.78,psid,0,0,1,1936.0,85184.0,225.0,1857943608.9769003,1551343410.087409,646558.05
0.0,38.0,12.0,0.0,0.0,1.0,0.0,43103.87,41177.419,36943.164,psid,0,0,1,1444.0,54872.0,144.0,1857943608.9769003,1695579835.5015612,517246.44000000006
0.0,51.0,12.0,0.0,0.0,1.0,0.0,43103.87,41356.452,7388.6329,psid,0,0,1,2601.0,132651.0,144.0,1857943608.9769003,1710356122.0283039,517246.44000000006
0.0,33.0,17.0,0.0,0.0,1.0,0.0,43103.87,43236.29,40415.822,psid,0,0,1,1089.0,35937.0,289.0,1857943608.9769003,1869376772.9641001,732765.79
0.0,31.0,16.0,0.0,0.0,0.0,0.0,43103.87,44364.194,54675.883,psid,0,0,1,961.0,29791.0,256.0,1857943608.9769003,1968181709.2696364,689661.92
0.0,43.0,17.0,0.0,0.0,1.0,0.0,43103.87,44758.065,41376.344,psid,0,0,1,1849.0,79507.0,289.0,1857943608.9769003,2003284382.5442252,732765.79
0.0,45.0,16.0,0.0,0.0,1.0,0.0,43103.87,48338.71,59109.063,psid,0,0,1,2025.0,91125.0,256.0,1857943608.9769003,2336630884.4641,689661.92
0.0,33.0,17.0,0.0,0.0,1.0,0.0,43566.257,42967.742,40785.253,psid,0,0,1,1089.0,35937.0,289.0,1898018748.990049,1846226852.578564,740626.369
0.0,25.0,12.0,0.0,0.0,1.0,0.0,43691.65,30435.484,33987.711,psid,0,0,1,625.0,15625.0,144.0,1908960279.7225,926318686.3142561,524299.8
0.0,51.0,12.0,0.0,0.0,1.0,0.0,44083.503,41177.419,48764.977,psid,0,0,1,2601.0,132651.0,144.0,1943355236.7510087,1695579835.5015612,529002.036
0.0,41.0,17.0,0.0,0.0,1.0,0.0,44083.503,43862.903,66497.696,psid,0,0,1,1681.0,68921.0,289.0,1943355236.7510087,1923954259.5874088,749419.551
0.0,42.0,12.0,0.0,0.0,1.0,0.0,44475.356,47232.29,70930.876,psid,0,0,1,1764.0,74088.0,144.0,1978057291.326736,2230889218.6441,533704.272
0.0,37.0,13.0,0.0,0.0,1.0,0.0,45063.136,35806.452,27337.942,psid,0,0,1,1369.0,50653.0,169.0,2030686226.154496,1282102004.8283038,585820.7679999999
0.0,29.0,17.0,0.0,0.0,1.0,0.0,45063.136,35806.452,0.0,psid,0,0,0,841.0,24389.0,289.0,2030686226.154496,1282102004.8283038,766073.3119999999
0.0,37.0,15.0,0.0,1.0,1.0,0.0,45063.136,39387.097,45809.524,psid,0,0,1,1369.0,50653.0,225.0,2030686226.154496,1551343410.087409,675947.04
0.0,46.0,16.0,0.0,0.0,1.0,0.0,45063.136,46011.29,42854.071,psid,0,0,1,2116.0,97336.0,256.0,2030686226.154496,2117038807.4641001,721010.176
0.0,40.0,12.0,0.0,0.0,1.0,0.0,45063.136,48338.71,44331.797,psid,0,0,1,1600.0,64000.0,144.0,2030686226.154496,2336630884.4641,540757.632
0.0,46.0,17.0,0.0,0.0,1.0,0.0,45063.136,57290.323,36943.164,psid,0,0,1,2116.0,97336.0,289.0,2030686226.154496,3282181109.444329,766073.3119999999
0.0,47.0,12.0,0.0,0.0,1.0,0.0,45063.136,62661.29,0.0,psid,0,0,0,2209.0,103823.0,144.0,2030686226.154496,3926437264.4641,540757.632
0.0,34.0,13.0,0.0,0.0,1.0,0.0,45846.843,42072.581,41376.344,psid,0,0,1,1156.0,39304.0,169.0,2101933013.066649,1770102072.001561,596008.959
0.0,52.0,17.0,0.0,0.0,1.0,0.0,46042.77,59080.645,70930.876,psid,0,0,1,2704.0,140608.0,289.0,2119936669.2728996,3490522613.6160245,782727.09
0.0,52.0,17.0,0.0,0.0,1.0,0.0,46042.77,59080.645,70930.876,psid,0,0,1,2704.0,140608.0,289.0,2119936669.2728996,3490522613.6160245,782727.09
0.0,50.0,12.0,0.0,0.0,1.0,0.0,47022.403,44758.065,8866.3594,psid,0,0,1,2500.0,125000.0,144.0,2211106383.8944087,2003284382.5442252,564268.836
0.0,49.0,17.0,0.0,0.0,1.0,0.0,47022.403,46548.387,42854.071,psid,0,0,1,2401.0,117649.0,289.0,2211106383.8944087,2166752332.3017693,799380.851
0.0,49.0,17.0,0.0,0.0,1.0,0.0,47022.403,48338.71,44331.797,psid,0,0,1,2401.0,117649.0,289.0,2211106383.8944087,2336630884.4641,799380.851
0.0,49.0,17.0,0.0,0.0,1.0,0.0,47022.403,48338.71,44331.797,psid,0,0,1,2401.0,117649.0,289.0,2211106383.8944087,2336630884.4641,799380.851
0.0,53.0,12.0,0.0,0.0,1.0,0.0,47649.369,47894.71,50242.704,psid,0,0,1,2809.0,148877.0,144.0,2270462366.0981607,2293903245.9841,571792.428
0.0,33.0,13.0,0.0,0.0,1.0,0.0,48981.67,32225.806,0.0,psid,0,0,0,1089.0,35937.0,169.0,2399203995.9888997,1038502572.3496361,636761.71
0.0,54.0,15.0,0.0,0.0,1.0,0.0,48981.67,35806.452,88663.594,psid,0,0,1,2916.0,157464.0,225.0,2399203995.9888997,1282102004.8283038,734725.0499999999
0.0,54.0,15.0,0.0,0.0,1.0,0.0,48981.67,35806.452,88663.594,psid,0,0,1,2916.0,157464.0,225.0,2399203995.9888997,1282102004.8283038,734725.0499999999
0.0,44.0,17.0,0.0,0.0,1.0,0.0,48981.67,42967.742,39898.618,psid,0,0,1,1936.0,85184.0,289.0,2399203995.9888997,1846226852.578564,832688.39
0.0,37.0,17.0,0.0,0.0,1.0,0.0,48981.67,44758.065,44331.797,psid,0,0,1,1369.0,50653.0,289.0,2399203995.9888997,2003284382.5442252,832688.39
0.0,55.0,16.0,0.0,0.0,1.0,0.0,48981.67,46548.387,47878.341,psid,0,0,1,3025.0,166375.0,256.0,2399203995.9888997,2166752332.3017693,783706.72
0.0,55.0,16.0,0.0,0.0,1.0,0.0,48981.67,46548.387,47878.341,psid,0,0,1,3025.0,166375.0,256.0,2399203995.9888997,2166752332.3017693,783706.72
0.0,37.0,17.0,0.0,0.0,1.0,0.0,48981.67,46548.387,49503.84,psid,0,0,1,1369.0,50653.0,289.0,2399203995.9888997,2166752332.3017693,832688.39
0.0,44.0,14.0,0.0,0.0,1.0,0.0,48981.67,48338.71,50242.704,psid,0,0,1,1936.0,85184.0,196.0,2399203995.9888997,2336630884.4641,685743.38
0.0,41.0,13.0,0.0,0.0,1.0,0.0,48981.67,48338.71,38420.891,psid,0,0,1,1681.0,68921.0,169.0,2399203995.9888997,2336630884.4641,636761.71
0.0,39.0,17.0,0.0,0.0,1.0,0.0,48981.67,48338.71,51720.43,psid,0,0,1,1521.0,59319.0,289.0,2399203995.9888997,2336630884.4641,832688.39
0.0,48.0,16.0,0.0,0.0,1.0,0.0,48981.67,50129.032,48764.977,psid,0,0,1,2304.0,110592.0,256.0,2399203995.9888997,2512919849.257024,783706.72
0.0,39.0,17.0,0.0,0.0,1.0,0.0,48981.67,50129.032,44331.797,psid,0,0,1,1521.0,59319.0,289.0,2399203995.9888997,2512919849.257024,832688.39
0.0,45.0,12.0,0.0,0.0,1.0,0.0,48981.67,50487.097,46548.387,psid,0,0,1,2025.0,91125.0,144.0,2399203995.9888997,2548946963.487409,587780.04
0.0,26.0,16.0,0.0,0.0,1.0,0.0,48981.67,53709.677,45809.524,psid,0,0,1,676.0,17576.0,256.0,2399203995.9888997,2884729403.4443293,783706.72
0.0,34.0,16.0,0.0,0.0,1.0,0.0,48981.67,62661.29,54675.883,psid,0,0,1,1156.0,39304.0,256.0,2399203995.9888997,3926437264.4641,783706.72
0.0,47.0,16.0,0.0,0.0,1.0,0.0,48981.67,62741.855,65019.969,psid,0,0,1,2209.0,103823.0,256.0,2399203995.9888997,3936540368.8410254,783706.72
0.0,55.0,16.0,0.0,0.0,1.0,0.0,48981.67,71612.903,35110.783,psid,0,0,1,3025.0,166375.0,256.0,2399203995.9888997,5128407876.08741,783706.72
0.0,37.0,16.0,0.0,0.0,1.0,0.0,49961.303,41177.419,39898.618,psid,0,0,1,1369.0,50653.0,256.0,2496131797.457809,1695579835.5015612,799380.848
0.0,43.0,17.0,0.0,0.0,1.0,0.0,49961.303,48338.71,51424.885,psid,0,0,1,1849.0,79507.0,289.0,2496131797.457809,2336630884.4641,849342.151
0.0,43.0,16.0,0.0,0.0,1.0,0.0,49961.303,50129.032,52969.109,psid,0,0,1,1849.0,79507.0,256.0,2496131797.457809,2512919849.257024,799380.848
0.0,33.0,17.0,0.0,0.0,1.0,0.0,50940.937,39387.097,46105.069,psid,0,0,1,1089.0,35937.0,289.0,2594979062.4379687,1551343410.087409,865995.929
0.0,29.0,17.0,1.0,0.0,1.0,0.0,50940.937,41177.419,39603.072,psid,0,0,1,841.0,24389.0,289.0,2594979062.4379687,1695579835.5015612,865995.929
0.0,36.0,14.0,0.0,0.0,1.0,0.0,50940.937,42967.742,44331.797,psid,0,0,1,1296.0,46656.0,196.0,2594979062.4379687,1846226852.578564,713173.118
0.0,37.0,17.0,0.0,0.0,1.0,0.0,50940.937,44758.065,50242.704,psid,0,0,1,1369.0,50653.0,289.0,2594979062.4379687,2003284382.5442252,865995.929
0.0,44.0,12.0,0.0,0.0,1.0,0.0,50940.937,44758.065,41376.344,psid,0,0,1,1936.0,85184.0,144.0,2594979062.4379687,2003284382.5442252,611291.244
0.0,42.0,17.0,0.0,0.0,0.0,0.0,50940.937,50129.032,48764.977,psid,0,0,1,1764.0,74088.0,289.0,2594979062.4379687,2512919849.257024,865995.929
0.0,47.0,16.0,0.0,0.0,1.0,0.0,50940.937,53709.677,54675.883,psid,0,0,1,2209.0,103823.0,256.0,2594979062.4379687,2884729403.4443293,815054.992
0.0,38.0,13.0,0.0,0.0,1.0,0.0,50940.937,73403.226,25121.352,psid,0,0,1,1444.0,54872.0,169.0,2594979062.4379687,5388033587.207075,662232.181
0.0,28.0,16.0,0.0,0.0,1.0,0.0,51920.57,48875.806,56153.61,psid,0,0,1,784.0,21952.0,256.0,2695745589.1249,2388844412.149636,830729.12
0.0,44.0,17.0,0.0,0.0,1.0,0.0,51920.57,56753.226,53198.157,psid,0,0,1,1936.0,85184.0,289.0,2695745589.1249,3220928661.4070764,882649.69
0.0,32.0,16.0,0.0,0.0,1.0,0.0,52900.204,48338.71,0.0,psid,0,0,0,1024.0,32768.0,256.0,2798431583.241616,2336630884.4641,846403.264
0.0,47.0,17.0,0.0,0.0,1.0,0.0,52900.204,49233.871,54675.883,psid,0,0,1,2209.0,103823.0,289.0,2798431583.241616,2423974053.644641,899303.468
0.0,28.0,16.0,0.0,0.0,1.0,0.0,52900.204,59080.645,36943.164,psid,0,0,1,784.0,21952.0,256.0,2798431583.241616,3490522613.6160245,846403.264
0.0,45.0,15.0,0.0,0.0,1.0,0.0,53879.837,51919.355,45809.524,psid,0,0,1,2025.0,91125.0,225.0,2903036835.146569,2695619423.6160254,808197.5549999999
0.0,52.0,16.0,0.0,0.0,1.0,0.0,53879.837,53709.677,63837.788,psid,0,0,1,2704.0,140608.0,256.0,2903036835.146569,2884729403.4443293,862077.392
0.0,32.0,12.0,0.0,0.0,1.0,0.0,54859.47,39387.097,40878.35,psid,0,0,1,1024.0,32768.0,144.0,3009561448.6809,1551343410.087409,658313.64
0.0,33.0,17.0,0.0,0.0,1.0,0.0,54859.47,46548.387,76841.782,psid,0,0,1,1089.0,35937.0,289.0,3009561448.6809,2166752332.3017693,932610.99
0.0,41.0,17.0,0.0,0.0,1.0,0.0,54859.47,52993.548,50242.704,psid,0,0,1,1681.0,68921.0,289.0,3009561448.6809,2808316129.6283045,932610.99
0.0,42.0,16.0,0.0,0.0,1.0,0.0,54859.47,53709.677,53641.475,psid,0,0,1,1764.0,74088.0,256.0,3009561448.6809,2884729403.4443293,877751.52
0.0,48.0,16.0,0.0,0.0,1.0,0.0,54859.47,53709.677,73886.329,psid,0,0,1,2304.0,110592.0,256.0,3009561448.6809,2884729403.4443293,877751.52
0.0,48.0,16.0,0.0,0.0,1.0,0.0,54859.47,53709.677,73886.329,psid,0,0,1,2304.0,110592.0,256.0,3009561448.6809,2884729403.4443293,877751.52
0.0,46.0,12.0,0.0,0.0,1.0,0.0,56818.737,48338.71,73886.329,psid,0,0,1,2116.0,97336.0,144.0,3228368874.275169,2336630884.4641,681824.844
0.0,48.0,14.0,0.0,0.0,1.0,0.0,56818.737,57290.323,57631.336,psid,0,0,1,2304.0,110592.0,196.0,3228368874.275169,3282181109.444329,795462.318
0.0,47.0,14.0,0.0,0.0,1.0,0.0,58778.004,26854.839,32509.985,psid,0,0,1,2209.0,103823.0,196.0,3454853754.224016,721182377.715921,822892.056
0.0,36.0,17.0,0.0,0.0,1.0,0.0,58778.004,46548.387,56153.61,psid,0,0,1,1296.0,46656.0,289.0,3454853754.224016,2166752332.3017693,999226.068
0.0,38.0,16.0,0.0,0.0,1.0,0.0,58778.004,50129.032,38420.891,psid,0,0,1,1444.0,54872.0,256.0,3454853754.224016,2512919849.257024,940448.064
0.0,48.0,17.0,1.0,0.0,1.0,0.0,58778.004,51842.371,59109.063,psid,0,0,1,2304.0,110592.0,289.0,3454853754.224016,2687631430.901641,999226.068
0.0,44.0,17.0,0.0,0.0,1.0,0.0,58778.004,53709.677,53198.157,psid,0,0,1,1936.0,85184.0,289.0,3454853754.224016,2884729403.4443293,999226.068
0.0,38.0,16.0,0.0,0.0,1.0,0.0,58778.004,53709.677,41376.344,psid,0,0,1,1444.0,54872.0,256.0,3454853754.224016,2884729403.4443293,940448.064
0.0,39.0,14.0,0.0,0.0,1.0,0.0,58778.004,57290.323,74625.192,psid,0,0,1,1521.0,59319.0,196.0,3454853754.224016,3282181109.444329,822892.056
0.0,41.0,17.0,0.0,0.0,1.0,0.0,59385.377,59438.71,82752.688,psid,0,0,1,1681.0,68921.0,289.0,3526623001.432129,3532960246.4641,1009551.409
0.0,47.0,16.0,0.0,0.0,1.0,0.0,60737.271,60870.968,78319.508,psid,0,0,1,2209.0,103823.0,256.0,3689016088.527441,3705274745.2570243,971796.336
0.0,47.0,16.0,0.0,0.0,1.0,0.0,60737.271,60870.968,78319.508,psid,0,0,1,2209.0,103823.0,256.0,3689016088.527441,3705274745.2570243,971796.336
0.0,46.0,16.0,0.0,0.0,1.0,0.0,62696.538,57290.323,63542.243,psid,0,0,1,2116.0,97336.0,256.0,3930855877.185444,3282181109.444329,1003144.608
0.0,30.0,13.0,0.0,0.0,1.0,0.0,62696.538,75193.548,70930.876,psid,0,0,1,900.0,27000.0,169.0,3930855877.185444,5654069660.828303,815054.994
0.0,52.0,17.0,0.0,0.0,1.0,0.0,63676.171,60870.968,59109.063,psid,0,0,1,2704.0,140608.0,289.0,4054654753.2212415,3705274745.2570243,1082494.9070000001
0.0,40.0,16.0,0.0,0.0,1.0,0.0,66615.071,57290.323,66497.696,psid,0,0,1,1600.0,64000.0,256.0,4437567684.33504,3282181109.444329,1065841.136
0.0,51.0,12.0,0.0,0.0,0.0,0.0,67594.705,62661.29,71669.739,psid,0,0,1,2601.0,132651.0,144.0,4569044144.037025,3926437264.4641,811136.46
0.0,47.0,17.0,0.0,0.0,1.0,0.0,68574.338,38670.968,0.0,psid,0,0,0,2209.0,103823.0,289.0,4702439832.138245,1495443766.057024,1165763.746
0.0,53.0,16.0,0.0,0.0,1.0,0.0,68574.338,39387.097,67236.559,psid,0,0,1,2809.0,148877.0,256.0,4702439832.138245,1551343410.087409,1097189.408
0.0,48.0,16.0,0.0,0.0,1.0,0.0,68574.338,59080.645,62064.516,psid,0,0,1,2304.0,110592.0,256.0,4702439832.138245,3490522613.6160245,1097189.408
0.0,28.0,15.0,0.0,0.0,1.0,0.0,68574.338,62661.29,66497.696,psid,0,0,1,784.0,21952.0,225.0,4702439832.138245,3926437264.4641,1028615.0700000001
0.0,42.0,17.0,0.0,0.0,1.0,0.0,68574.338,64451.613,62064.516,psid,0,0,1,1764.0,74088.0,289.0,4702439832.138245,4154010418.301769,1165763.746
0.0,47.0,16.0,0.0,0.0,1.0,0.0,68574.338,71612.903,73886.329,psid,0,0,1,2209.0,103823.0,256.0,4702439832.138245,5128407876.08741,1097189.408
0.0,50.0,14.0,0.0,0.0,1.0,0.0,70533.605,29540.323,51720.43,psid,0,0,1,2500.0,125000.0,196.0,4974989434.296024,872630682.944329,987470.47
0.0,49.0,12.0,0.0,0.0,1.0,0.0,72492.872,71433.871,0.0,psid,0,0,0,2401.0,117649.0,144.0,5255216490.808385,5102797926.044641,869914.464
0.0,48.0,15.0,0.0,0.0,1.0,0.0,73472.505,71612.903,85708.141,psid,0,0,1,2304.0,110592.0,225.0,5398208990.975026,5128407876.08741,1102087.5750000002
0.0,51.0,17.0,0.0,0.0,1.0,0.0,74452.138,0.0,0.0,psid,0,1,0,2601.0,132651.0,289.0,5543120852.771045,0.0,1265686.3460000001
0.0,32.0,17.0,0.0,0.0,1.0,0.0,76411.405,64451.613,99007.68,psid,0,0,1,1024.0,32768.0,289.0,5838702814.074025,4154010418.301769,1298993.885
0.0,47.0,16.0,0.0,0.0,1.0,0.0,78370.672,78774.194,97677.727,psid,0,0,1,2209.0,103823.0,256.0,6141962229.731585,6205373640.349636,1253930.752
0.0,37.0,17.0,0.0,0.0,1.0,0.0,82289.206,85040.323,110829.49,psid,0,0,1,1369.0,50653.0,289.0,6771513424.110437,7231856535.944329,1398916.502
0.0,55.0,17.0,0.0,0.0,1.0,0.0,88167.006,98467.742,88663.594,psid,0,0,1,3025.0,166375.0,289.0,7773420947.004035,9695896214.578564,1498839.102
0.0,49.0,16.0,0.0,0.0,1.0,0.0,94044.807,98467.742,73886.329,psid,0,0,1,2401.0,117649.0,256.0,8844425723.66725,9695896214.578564,1504716.912
0.0,50.0,16.0,0.0,0.0,1.0,0.0,97963.34,34016.129,33987.711,psid,0,0,1,2500.0,125000.0,256.0,9596815983.955599,1157097032.1446412,1567413.44
0.0,28.0,16.0,0.0,0.0,1.0,0.0,97963.34,89516.129,70930.876,psid,0,0,1,784.0,21952.0,256.0,9596815983.955599,8013137351.144641,1567413.44
0.0,42.0,16.0,0.0,0.0,1.0,0.0,103841.14,93096.774,100485.41,psid,0,0,1,1764.0,74088.0,256.0,10782982356.4996,8667009329.207077,1661458.24
0.0,45.0,12.0,0.0,0.0,1.0,0.0,137148.68,156653.23,88663.594,psid,0,0,1,2025.0,91125.0,144.0,18809760425.742397,24540234469.432903,1645784.16
0.0,54.0,3.0,1.0,0.0,0.0,1.0,0.0,0.0,221.65899,psid,1,1,1,2916.0,157464.0,9.0,0.0,0.0,0.0
0.0,54.0,3.0,1.0,0.0,1.0,1.0,0.0,0.0,0.0,psid,1,1,0,2916.0,157464.0,9.0,0.0,0.0,0.0
0.0,54.0,3.0,1.0,0.0,1.0,1.0,0.0,0.0,0.0,psid,1,1,0,2916.0,157464.0,9.0,0.0,0.0,0.0
0.0,54.0,3.0,1.0,0.0,1.0,1.0,0.0,0.0,0.0,psid,1,1,0,2916.0,157464.0,9.0,0.0,0.0,0.0
0.0,53.0,4.0,1.0,0.0,0.0,1.0,0.0,0.0,0.0,psid,1,1,0,2809.0,148877.0,16.0,0.0,0.0,0.0
0.0,51.0,4.0,1.0,0.0,1.0,1.0,0.0,0.0,0.0,psid,1,1,0,2601.0,132651.0,16.0,0.0,0.0,0.0
0.0,51.0,5.0,1.0,0.0,0.0,1.0,0.0,0.0,0.0,psid,1,1,0,2601.0,132651.0,25.0,0.0,0.0,0.0
0.0,46.0,6.0,1.0,0.0,1.0,1.0,0.0,0.0,0.0,psid,1,1,0,2116.0,97336.0,36.0,0.0,0.0,0.0
0.0,53.0,6.0,0.0,0.0,1.0,1.0,0.0,0.0,0.0,psid,1,1,0,2809.0,148877.0,36.0,0.0,0.0,0.0
0.0,41.0,6.0,1.0,0.0,1.0,1.0,0.0,0.0,0.0,psid,1,1,0,1681.0,68921.0,36.0,0.0,0.0,0.0
0.0,45.0,7.0,1.0,0.0,1.0,1.0,0.0,0.0,11821.813,psid,1,1,1,2025.0,91125.0,49.0,0.0,0.0,0.0
0.0,53.0,7.0,0.0,1.0,0.0,1.0,0.0,0.0,0.0,psid,1,1,0,2809.0,148877.0,49.0,0.0,0.0,0.0
0.0,47.0,8.0,0.0,0.0,0.0,1.0,0.0,0.0,0.0,psid,1,1,0,2209.0,103823.0,64.0,0.0,0.0,0.0
0.0,55.0,8.0,1.0,0.0,1.0,1.0,0.0,0.0,0.0,psid,1,1,0,3025.0,166375.0,64.0,0.0,0.0,0.0
0.0,55.0,8.0,0.0,0.0,1.0,1.0,0.0,0.0,0.0,psid,1,1,0,3025.0,166375.0,64.0,0.0,0.0,0.0
0.0,53.0,8.0,1.0,0.0,1.0,1.0,0.0,0.0,0.0,psid,1,1,0,2809.0,148877.0,64.0,0.0,0.0,0.0
0.0,41.0,8.0,0.0,0.0,1.0,1.0,0.0,0.0,0.0,psid,1,1,0,1681.0,68921.0,64.0,0.0,0.0,0.0
0.0,45.0,8.0,0.0,0.0,1.0,1.0,0.0,0.0,0.0,psid,1,1,0,2025.0,91125.0,64.0,0.0,0.0,0.0
0.0,45.0,9.0,1.0,0.0,1.0,1.0,0.0,0.0,0.0,psid,1,1,0,2025.0,91125.0,81.0,0.0,0.0,0.0
0.0,46.0,9.0,0.0,1.0,1.0,1.0,0.0,0.0,0.0,psid,1,1,0,2116.0,97336.0,81.0,0.0,0.0,0.0
0.0,48.0,9.0,0.0,0.0,1.0,1.0,0.0,0.0,0.0,psid,1,1,0,2304.0,110592.0,81.0,0.0,0.0,0.0
0.0,46.0,9.0,0.0,1.0,1.0,1.0,0.0,0.0,0.0,psid,1,1,0,2116.0,97336.0,81.0,0.0,0.0,0.0
0.0,45.0,9.0,1.0,0.0,1.0,1.0,0.0,0.0,0.0,psid,1,1,0,2025.0,91125.0,81.0,0.0,0.0,0.0
0.0,54.0,9.0,0.0,0.0,1.0,1.0,0.0,0.0,0.0,psid,1,1,0,2916.0,157464.0,81.0,0.0,0.0,0.0
0.0,23.0,9.0,1.0,0.0,0.0,1.0,0.0,0.0,218.70353,psid,1,1,1,529.0,12167.0,81.0,0.0,0.0,0.0
0.0,40.0,10.0,0.0,1.0,1.0,1.0,0.0,0.0,0.0,psid,1,1,0,1600.0,64000.0,100.0,0.0,0.0,0.0
0.0,54.0,10.0,1.0,0.0,1.0,1.0,0.0,0.0,0.0,psid,1,1,0,2916.0,157464.0,100.0,0.0,0.0,0.0
0.0,54.0,10.0,1.0,0.0,1.0,1.0,0.0,0.0,0.0,psid,1,1,0,2916.0,157464.0,100.0,0.0,0.0,0.0
0.0,25.0,11.0,1.0,0.0,0.0,1.0,0.0,0.0,3694.3164,psid,1,1,1,625.0,15625.0,121.0,0.0,0.0,0.0
0.0,41.0,11.0,0.0,0.0,1.0,1.0,0.0,0.0,14481.72,psid,1,1,1,1681.0,68921.0,121.0,0.0,0.0,0.0
0.0,23.0,11.0,1.0,0.0,0.0,1.0,0.0,0.0,0.0,psid,1,1,0,529.0,12167.0,121.0,0.0,0.0,0.0
0.0,23.0,11.0,1.0,0.0,0.0,1.0,0.0,0.0,0.0,psid,1,1,0,529.0,12167.0,121.0,0.0,0.0,0.0
0.0,52.0,8.0,0.0,0.0,1.0,1.0,0.0,0.0,0.0,psid,1,1,0,2704.0,140608.0,64.0,0.0,0.0,0.0
0.0,45.0,9.0,0.0,0.0,1.0,1.0,0.0,0.0,0.0,psid,1,1,0,2025.0,91125.0,81.0,0.0,0.0,0.0
0.0,40.0,8.0,0.0,0.0,1.0,1.0,0.0,0.0,0.0,psid,1,1,0,1600.0,64000.0,64.0,0.0,0.0,0.0
0.0,37.0,10.0,0.0,0.0,1.0,1.0,0.0,0.0,0.0,psid,1,1,0,1369.0,50653.0,100.0,0.0,0.0,0.0
0.0,48.0,11.0,0.0,0.0,1.0,1.0,0.0,0.0,11821.813,psid,1,1,1,2304.0,110592.0,121.0,0.0,0.0,0.0
0.0,36.0,9.0,0.0,0.0,1.0,1.0,0.0,0.0,0.0,psid,1,1,0,1296.0,46656.0,81.0,0.0,0.0,0.0
0.0,40.0,7.0,0.0,0.0,1.0,1.0,0.0,0.0,8866.3594,psid,1,1,1,1600.0,64000.0,49.0,0.0,0.0,0.0
0.0,40.0,7.0,0.0,0.0,1.0,1.0,0.0,0.0,8866.3594,psid,1,1,1,1600.0,64000.0,49.0,0.0,0.0,0.0
0.0,38.0,11.0,0.0,0.0,1.0,1.0,0.0,0.0,0.0,psid,1,1,0,1444.0,54872.0,121.0,0.0,0.0,0.0
0.0,53.0,7.0,0.0,0.0,1.0,1.0,0.0,0.0,0.0,psid,1,1,0,2809.0,148877.0,49.0,0.0,0.0,0.0
0.0,52.0,10.0,1.0,0.0,1.0,1.0,0.0,0.0,0.0,psid,1,1,0,2704.0,140608.0,100.0,0.0,0.0,0.0
0.0,52.0,7.0,0.0,0.0,1.0,1.0,0.0,0.0,0.0,psid,1,1,0,2704.0,140608.0,49.0,0.0,0.0,0.0
0.0,43.0,9.0,1.0,0.0,1.0,1.0,0.0,0.0,0.0,psid,1,1,0,1849.0,79507.0,81.0,0.0,0.0,0.0
0.0,54.0,4.0,1.0,0.0,1.0,1.0,0.0,0.0,0.0,psid,1,1,0,2916.0,157464.0,16.0,0.0,0.0,0.0
0.0,46.0,6.0,0.0,0.0,1.0,1.0,0.0,0.0,0.0,psid,1,1,0,2116.0,97336.0,36.0,0.0,0.0,0.0
0.0,40.0,8.0,0.0,0.0,1.0,1.0,0.0,0.0,0.0,psid,1,1,0,1600.0,64000.0,64.0,0.0,0.0,0.0
0.0,53.0,8.0,0.0,0.0,1.0,1.0,0.0,0.0,0.0,psid,1,1,0,2809.0,148877.0,64.0,0.0,0.0,0.0
0.0,50.0,11.0,0.0,0.0,1.0,1.0,0.0,0.0,10344.086,psid,1,1,1,2500.0,125000.0,121.0,0.0,0.0,0.0
0.0,33.0,11.0,0.0,0.0,1.0,1.0,0.0,0.0,0.0,psid,1,1,0,1089.0,35937.0,121.0,0.0,0.0,0.0
0.0,33.0,11.0,0.0,0.0,1.0,1.0,0.0,0.0,0.0,psid,1,1,0,1089.0,35937.0,121.0,0.0,0.0,0.0
0.0,52.0,8.0,0.0,0.0,1.0,1.0,0.0,0.0,0.0,psid,1,1,0,2704.0,140608.0,64.0,0.0,0.0,0.0
0.0,49.0,4.0,1.0,0.0,1.0,1.0,0.0,0.0,0.0,psid,1,1,0,2401.0,117649.0,16.0,0.0,0.0,0.0
0.0,50.0,8.0,0.0,0.0,1.0,1.0,0.0,0.0,0.0,psid,1,1,0,2500.0,125000.0,64.0,0.0,0.0,0.0
0.0,41.0,8.0,0.0,0.0,1.0,1.0,0.0,0.0,7093.0876,psid,1,1,1,1681.0,68921.0,64.0,0.0,0.0,0.0
0.0,53.0,9.0,0.0,0.0,1.0,1.0,0.0,0.0,0.0,psid,1,1,0,2809.0,148877.0,81.0,0.0,0.0,0.0
0.0,48.0,11.0,0.0,0.0,0.0,1.0,0.0,0.0,0.0,psid,1,1,0,2304.0,110592.0,121.0,0.0,0.0,0.0
0.0,31.0,9.0,0.0,0.0,1.0,1.0,0.0,0.0,0.0,psid,1,1,0,961.0,29791.0,81.0,0.0,0.0,0.0
0.0,42.0,8.0,0.0,0.0,1.0,1.0,0.0,0.0,0.0,psid,1,1,0,1764.0,74088.0,64.0,0.0,0.0,0.0
0.0,54.0,10.0,0.0,0.0,1.0,1.0,0.0,0.0,0.0,psid,1,1,0,2916.0,157464.0,100.0,0.0,0.0,0.0
0.0,50.0,10.0,0.0,0.0,1.0,1.0,0.0,0.0,0.0,psid,1,1,0,2500.0,125000.0,100.0,0.0,0.0,0.0
0.0,48.0,6.0,0.0,1.0,1.0,1.0,0.0,0.0,0.0,psid,1,1,0,2304.0,110592.0,36.0,0.0,0.0,0.0
0.0,22.0,9.0,0.0,0.0,1.0,1.0,0.0,0.0,16846.083,psid,1,1,1,484.0,10648.0,81.0,0.0,0.0,0.0
0.0,41.0,8.0,0.0,0.0,1.0,1.0,0.0,0.0,0.0,psid,1,1,0,1681.0,68921.0,64.0,0.0,0.0,0.0
0.0,41.0,8.0,0.0,0.0,1.0,1.0,0.0,0.0,0.0,psid,1,1,0,1681.0,68921.0,64.0,0.0,0.0,0.0
0.0,45.0,9.0,0.0,0.0,1.0,1.0,0.0,313.30645,4063.7481,psid,1,0,1,2025.0,91125.0,81.0,0.0,98160.93161160249,0.0
0.0,21.0,8.0,1.0,0.0,0.0,1.0,0.0,895.16129,2305.2535,psid,1,0,1,441.0,9261.0,64.0,0.0,801313.7351144641,0.0
0.0,46.0,8.0,0.0,0.0,1.0,1.0,0.0,8951.6129,0.0,psid,1,0,0,2116.0,97336.0,64.0,0.0,80131373.51144642,0.0
0.0,46.0,8.0,0.0,0.0,1.0,1.0,0.0,8951.6129,0.0,psid,1,0,0,2116.0,97336.0,64.0,0.0,80131373.51144642,0.0
0.0,21.0,11.0,1.0,0.0,0.0,1.0,0.0,9846.7742,5615.361,psid,1,0,1,441.0,9261.0,121.0,0.0,96958962.14578563,0.0
0.0,53.0,8.0,0.0,0.0,1.0,1.0,0.0,14322.581,0.0,psid,1,0,0,2809.0,148877.0,64.0,0.0,205136326.50156102,0.0
0.0,53.0,6.0,0.0,0.0,1.0,1.0,0.0,17187.097,45809.524,psid,1,0,1,2809.0,148877.0,36.0,0.0,295396303.28740907,0.0
0.0,34.0,11.0,0.0,0.0,1.0,1.0,0.0,19693.548,14777.266,psid,1,0,1,1156.0,39304.0,121.0,0.0,387835832.82830393,0.0
0.0,49.0,9.0,0.0,0.0,1.0,1.0,0.0,21483.871,69453.149,psid,1,0,1,2401.0,117649.0,81.0,0.0,461556713.144641,0.0
0.0,28.0,11.0,0.0,0.0,1.0,1.0,0.0,62661.29,118218.13,psid,1,0,1,784.0,21952.0,121.0,0.0,3926437264.4641,0.0
0.0,43.0,3.0,1.0,0.0,1.0,1.0,17.633401,0.0,0.0,psid,0,1,0,1849.0,79507.0,9.0,310.936830826801,0.0,52.900203
0.0,52.0,6.0,1.0,0.0,1.0,1.0,235.11202,1246.0645,1477.7266,psid,0,0,1,2704.0,140608.0,36.0,55277.6619484804,1552676.7381602498,1410.67212
0.0,54.0,8.0,0.0,0.0,1.0,1.0,293.89002,537.09677,295.54531,psid,0,0,1,2916.0,157464.0,64.0,86371.3438556004,288472.9403444329,2351.12016
0.0,52.0,7.0,1.0,0.0,0.0,1.0,293.89002,5012.9032,0.0,psid,0,0,0,2704.0,140608.0,49.0,86371.3438556004,25129198.492570236,2057.23014
0.0,29.0,11.0,1.0,0.0,1.0,1.0,783.70672,0.0,23643.625,psid,0,1,1,841.0,24389.0,121.0,614196.2229731585,0.0,8620.77392
0.0,37.0,9.0,0.0,0.0,0.0,1.0,940.44807,3544.8387,1152.6267,psid,0,0,1,1369.0,50653.0,81.0,884442.572366725,12565881.409017688,8464.03263
0.0,38.0,2.0,0.0,0.0,0.0,1.0,1077.5967,6266.129,2955.4531,psid,0,0,1,1444.0,54872.0,4.0,1161214.6478508902,39264372.644641,2155.1934
0.0,20.0,10.0,0.0,0.0,0.0,1.0,1381.2831,3523.3548,9309.6774,psid,0,0,1,400.0,8000.0,100.0,1907943.0023456102,12414029.046683041,13812.831000000002
0.0,31.0,6.0,1.0,0.0,0.0,1.0,1410.6721,555.0,16059.932,psid,0,0,1,961.0,29791.0,36.0,1989995.77371841,308025.0,8464.0326
0.0,23.0,10.0,1.0,0.0,0.0,1.0,1469.4501,5370.9677,0.0,psid,0,0,0,529.0,12167.0,100.0,2159283.59639001,28847294.034443293,14694.501
0.0,19.0,11.0,1.0,0.0,0.0,1.0,1567.4134,0.0,0.0,psid,0,1,0,361.0,6859.0,121.0,2456784.76649956,0.0,17241.5474
0.0,20.0,11.0,0.0,0.0,1.0,1.0,1567.4134,3222.5806,2955.4531,psid,0,0,1,400.0,8000.0,121.0,2456784.76649956,10385025.723496359,17241.5474
0.0,35.0,9.0,1.0,0.0,0.0,1.0,1567.4134,5370.9677,5910.9063,psid,0,0,1,1225.0,42875.0,81.0,2456784.76649956,28847294.034443293,14106.720599999999
0.0,21.0,10.0,1.0,0.0,0.0,1.0,1567.4134,8145.9677,8275.2688,psid,0,0,1,441.0,9261.0,100.0,2456784.76649956,66356789.769443296,15674.133999999998
0.0,41.0,8.0,1.0,0.0,1.0,1.0,1716.3177,8378.7097,7388.6329,psid,0,0,1,1681.0,68921.0,64.0,2945746.4473332902,70202776.23687407,13730.5416
0.0,41.0,8.0,1.0,0.0,1.0,1.0,1716.3177,8378.7097,7388.6329,psid,0,0,1,1681.0,68921.0,64.0,2945746.4473332902,70202776.23687407,13730.5416
0.0,42.0,8.0,0.0,0.0,1.0,1.0,1763.3401,0.0,8866.3594,psid,0,1,1,1764.0,74088.0,64.0,3109368.3082680097,0.0,14106.7208
0.0,42.0,8.0,0.0,0.0,1.0,1.0,1763.3401,0.0,8866.3594,psid,0,1,1,1764.0,74088.0,64.0,3109368.3082680097,0.0,14106.7208
0.0,20.0,8.0,1.0,0.0,0.0,1.0,1880.8961,3652.2581,1018.1536,psid,0,0,1,400.0,8000.0,64.0,3537770.1389952097,13338989.22901561,15047.1688
0.0,30.0,9.0,1.0,0.0,0.0,1.0,1959.2668,162.91935,16809.14,psid,0,0,1,900.0,27000.0,81.0,3838726.39358224,26542.7146044225,17633.4012
0.0,29.0,10.0,1.0,0.0,0.0,1.0,2037.6375,2685.4839,0.0,psid,0,0,0,841.0,24389.0,100.0,4151966.58140625,7211823.777159211,20376.375
0.0,22.0,11.0,1.0,0.0,0.0,1.0,2351.1202,0.0,879.24731,psid,0,1,1,484.0,10648.0,121.0,5527766.194848039,0.0,25862.3222
0.0,25.0,10.0,1.0,0.0,0.0,1.0,2838.9776,5370.9677,11437.604,psid,0,0,1,625.0,15625.0,100.0,8059793.813301761,28847294.034443293,28389.776
0.0,20.0,8.0,1.0,0.0,0.0,1.0,2938.9002,1838.6613,1226.5131,psid,0,0,1,400.0,8000.0,64.0,8637134.38556004,3380675.37611769,23511.2016
0.0,55.0,7.0,0.0,0.0,0.0,1.0,2938.9002,8342.9032,0.0,psid,0,0,0,3025.0,166375.0,49.0,8637134.38556004,69604033.80457026,20572.3014
0.0,20.0,10.0,0.0,0.0,0.0,1.0,2938.9002,8951.6129,10344.086,psid,0,0,1,400.0,8000.0,100.0,8637134.38556004,80131373.51144642,29389.002
0.0,40.0,4.0,1.0,0.0,0.0,1.0,2962.4114,1933.5484,1034.4086,psid,0,0,1,1600.0,64000.0,16.0,8775881.30284996,3738609.4151425594,11849.6456
0.0,52.0,0.0,0.0,0.0,1.0,1.0,3134.8269,0.0,295.54531,psid,0,1,1,2704.0,140608.0,0.0,9827139.69296361,0.0,0.0
0.0,22.0,9.0,1.0,0.0,0.0,1.0,3134.8269,4345.1129,13299.539,psid,0,0,1,484.0,10648.0,81.0,9827139.69296361,18880006.113746412,28213.4421
0.0,24.0,10.0,1.0,0.0,0.0,1.0,3152.4603,3902.9032,7447.7419,psid,0,0,1,576.0,13824.0,100.0,9938005.94307609,15232653.388570242,31524.603000000003
0.0,19.0,11.0,0.0,0.0,0.0,1.0,3221.0346,12532.258,14777.266,psid,0,0,1,361.0,6859.0,121.0,10375063.89439716,157057490.578564,35431.3806
0.0,51.0,7.0,0.0,0.0,1.0,1.0,3291.5682,8951.6129,0.0,psid,0,0,0,2601.0,132651.0,49.0,10834421.21525124,80131373.51144642,23040.9774
0.0,19.0,6.0,1.0,0.0,0.0,1.0,3526.6802,0.0,0.0,psid,0,1,0,361.0,6859.0,36.0,12437473.233072039,0.0,21160.0812
0.0,50.0,10.0,1.0,0.0,1.0,1.0,3526.6802,0.0,0.0,psid,0,1,0,2500.0,125000.0,100.0,12437473.233072039,0.0,35266.801999999996
0.0,23.0,11.0,0.0,1.0,0.0,1.0,3526.6802,2685.4839,8127.4962,psid,0,0,1,529.0,12167.0,121.0,12437473.233072039,7211823.777159211,38793.4822
0.0,38.0,3.0,1.0,0.0,1.0,1.0,3722.6069,5729.0323,17732.719,psid,0,0,1,1444.0,54872.0,9.0,13857802.131927611,32821811.094443288,11167.8207
0.0,38.0,3.0,1.0,0.0,1.0,1.0,3722.6069,5729.0323,17732.719,psid,0,0,1,1444.0,54872.0,9.0,13857802.131927611,32821811.094443288,11167.8207
0.0,20.0,11.0,0.0,0.0,0.0,1.0,3844.0815,9846.7742,13299.539,psid,0,0,1,400.0,8000.0,121.0,14776962.57864225,96958962.14578563,42284.896499999995
0.0,43.0,10.0,1.0,0.0,1.0,1.0,3918.5336,2148.3871,0.0,psid,0,0,0,1849.0,79507.0,100.0,15354905.57432896,4615567.13144641,39185.336
0.0,30.0,6.0,1.0,0.0,1.0,1.0,3918.5336,3401.6129,4433.1797,psid,0,0,1,900.0,27000.0,36.0,15354905.57432896,11570970.321446411,23511.2016
0.0,35.0,10.0,1.0,0.0,1.0,1.0,3918.5336,3795.4839,7802.3963,psid,0,0,1,1225.0,42875.0,100.0,15354905.57432896,14405698.035159212,39185.336
0.0,35.0,10.0,1.0,0.0,1.0,1.0,3918.5336,3795.4839,7802.3963,psid,0,0,1,1225.0,42875.0,100.0,15354905.57432896,14405698.035159212,39185.336
0.0,35.0,10.0,1.0,0.0,1.0,1.0,3918.5336,3795.4839,7802.3963,psid,0,0,1,1225.0,42875.0,100.0,15354905.57432896,14405698.035159212,39185.336
0.0,40.0,10.0,0.0,0.0,1.0,1.0,3918.5336,4833.871,7248.2488,psid,0,0,1,1600.0,64000.0,100.0,15354905.57432896,23366308.844641,39185.336
0.0,44.0,11.0,1.0,0.0,1.0,1.0,3918.5336,5370.9677,2955.4531,psid,0,0,1,1936.0,85184.0,121.0,15354905.57432896,28847294.034443293,43103.869600000005
0.0,23.0,10.0,1.0,0.0,0.0,1.0,3918.5336,7161.2903,6649.7696,psid,0,0,1,529.0,12167.0,100.0,15354905.57432896,51284078.760874085,39185.336
0.0,41.0,8.0,1.0,0.0,1.0,1.0,3918.5336,11171.613,5910.9063,psid,0,0,1,1681.0,68921.0,64.0,15354905.57432896,124804937.02176899,31348.2688
0.0,39.0,5.0,1.0,0.0,1.0,1.0,4051.7637,13427.419,14629.493,psid,0,0,1,1521.0,59319.0,25.0,16416789.08063769,180295581.001561,20258.8185
0.0,39.0,5.0,1.0,0.0,1.0,1.0,4051.7637,13427.419,14629.493,psid,0,0,1,1521.0,59319.0,25.0,16416789.08063769,180295581.001561,20258.8185
0.0,39.0,5.0,1.0,0.0,1.0,1.0,4051.7637,13427.419,14629.493,psid,0,0,1,1521.0,59319.0,25.0,16416789.08063769,180295581.001561,20258.8185
0.0,25.0,11.0,1.0,0.0,0.0,1.0,4055.6823,11637.097,0.0,psid,0,0,0,625.0,15625.0,121.0,16448558.91853329,135422026.587409,44612.5053
0.0,19.0,11.0,0.0,0.0,0.0,1.0,4114.4603,4654.8387,8570.8141,psid,0,0,1,361.0,6859.0,121.0,16928783.560276087,21667523.323017694,45259.063299999994
0.0,23.0,6.0,0.0,0.0,1.0,1.0,4114.4603,7161.2903,8127.4962,psid,0,0,1,529.0,12167.0,36.0,16928783.560276087,51284078.760874085,24686.7618
0.0,38.0,9.0,1.0,0.0,1.0,1.0,4228.0978,7941.871,11245.499,psid,0,0,1,1444.0,54872.0,81.0,17876811.006364837,63073314.980641,38052.8802
0.0,50.0,9.0,1.0,0.0,1.0,1.0,4333.8982,7469.2258,6383.7788,psid,0,0,1,2500.0,125000.0,81.0,18782673.607963238,55789334.05138564,39005.08379999999
0.0,18.0,11.0,0.0,0.0,0.0,1.0,4351.5316,32270.565,2364.3625,psid,0,0,1,324.0,5832.0,121.0,18935827.26579856,1041389365.4192249,47866.8476
0.0,22.0,11.0,1.0,0.0,1.0,1.0,4449.4949,6187.3548,14570.384,psid,0,0,1,484.0,10648.0,121.0,19798004.865126006,38283359.42108304,48944.4439
0.0,19.0,10.0,1.0,0.0,0.0,1.0,4702.2403,3437.4194,2364.3625,psid,0,0,1,361.0,6859.0,100.0,22111063.838944092,11815852.131496362,47022.403000000006
0.0,25.0,10.0,1.0,0.0,1.0,1.0,4702.2403,4282.4516,4947.4286,psid,0,0,1,625.0,15625.0,100.0,22111063.838944092,18339391.706342563,47022.403000000006
0.0,47.0,6.0,1.0,0.0,1.0,1.0,4702.2403,4296.7742,13481.3,psid,0,0,1,2209.0,103823.0,36.0,22111063.838944092,18462268.52578564,28213.4418
0.0,47.0,4.0,0.0,0.0,1.0,1.0,4702.2403,8593.5484,24641.091,psid,0,0,1,2209.0,103823.0,16.0,22111063.838944092,73849074.10314256,18808.9612
0.0,51.0,7.0,0.0,0.0,1.0,1.0,4702.2403,8951.6129,11082.949,psid,0,0,1,2601.0,132651.0,49.0,22111063.838944092,80131373.51144642,32915.682100000005
0.0,19.0,9.0,0.0,0.0,1.0,1.0,4858.9817,6087.0968,10639.631,psid,0,0,1,361.0,6859.0,81.0,23609703.16093489,37052747.452570245,43730.835300000006
0.0,24.0,8.0,1.0,0.0,1.0,1.0,4898.167,5370.9677,8127.4962,psid,0,0,1,576.0,13824.0,64.0,23992039.959889002,28847294.034443293,39185.336
0.0,19.0,10.0,0.0,0.0,0.0,1.0,5094.0937,4296.7742,14777.266,psid,0,0,1,361.0,6859.0,100.0,25949790.624379694,18462268.52578564,50940.937000000005
0.0,44.0,11.0,1.0,0.0,0.0,1.0,5172.4644,6266.129,0.0,psid,0,0,0,1936.0,85184.0,121.0,26754387.969267357,39264372.644641,56897.1084
0.0,52.0,8.0,0.0,0.0,1.0,1.0,5290.0204,0.0,6797.5422,psid,0,1,1,2704.0,140608.0,64.0,27984315.832416162,0.0,42320.1632
0.0,20.0,9.0,0.0,0.0,1.0,1.0,5387.9837,8951.6129,13299.539,psid,0,0,1,400.0,8000.0,81.0,29030368.351465687,80131373.51144642,48491.853299999995
0.0,24.0,11.0,1.0,0.0,1.0,1.0,5427.169,0.0,1329.9539,psid,0,1,1,576.0,13824.0,121.0,29454163.354560997,0.0,59698.859
0.0,19.0,11.0,1.0,0.0,1.0,1.0,5485.947,7590.9677,11348.94,psid,0,0,1,361.0,6859.0,121.0,30095614.486809,57622790.62244329,60345.417
0.0,22.0,11.0,1.0,0.0,0.0,1.0,5485.947,13427.419,8866.3594,psid,0,0,1,484.0,10648.0,121.0,30095614.486809,180295581.001561,60345.417
0.0,30.0,6.0,1.0,0.0,1.0,1.0,5681.8737,0.0,0.0,psid,0,1,0,900.0,27000.0,36.0,32283688.74275169,0.0,34091.2422
0.0,50.0,10.0,1.0,0.0,1.0,1.0,5681.8737,0.0,0.0,psid,0,1,0,2500.0,125000.0,100.0,32283688.74275169,0.0,56818.737
0.0,20.0,8.0,0.0,0.0,0.0,1.0,5681.8737,3584.2258,7240.8602,psid,0,0,1,400.0,8000.0,64.0,32283688.74275169,12846674.585385641,45454.9896
0.0,26.0,8.0,1.0,0.0,1.0,1.0,5681.8737,4296.7742,7093.0876,psid,0,0,1,676.0,17576.0,64.0,32283688.74275169,18462268.52578564,45454.9896
0.0,46.0,6.0,1.0,0.0,0.0,1.0,5838.6151,9678.4839,7873.3272,psid,0,0,1,2116.0,97336.0,36.0,34089426.28594801,93673050.6025592,35031.6906
0.0,38.0,10.0,1.0,0.0,1.0,1.0,5877.8004,0.0,0.0,psid,0,1,0,1444.0,54872.0,100.0,34548537.54224016,0.0,58778.004
0.0,25.0,8.0,0.0,0.0,1.0,1.0,5877.8004,0.0,8866.3594,psid,0,1,1,625.0,15625.0,64.0,34548537.54224016,0.0,47022.4032
0.0,24.0,9.0,1.0,0.0,0.0,1.0,5877.8004,5370.9677,13299.539,psid,0,0,1,576.0,13824.0,81.0,34548537.54224016,28847294.034443293,52900.2036
0.0,55.0,3.0,1.0,0.0,1.0,1.0,5877.8004,5370.9677,4137.6344,psid,0,0,1,3025.0,166375.0,9.0,34548537.54224016,28847294.034443293,17633.4012
0.0,40.0,5.0,1.0,0.0,1.0,1.0,5877.8004,5370.9677,22165.899,psid,0,0,1,1600.0,64000.0,25.0,34548537.54224016,28847294.034443293,29389.002
0.0,25.0,9.0,1.0,0.0,1.0,1.0,5877.8004,6266.129,12560.676,psid,0,0,1,625.0,15625.0,81.0,34548537.54224016,39264372.644641,52900.2036
0.0,43.0,7.0,1.0,0.0,1.0,1.0,5877.8004,6815.7581,295.54531,psid,0,0,1,1849.0,79507.0,49.0,34548537.54224016,46454558.47771561,41144.6028
0.0,18.0,11.0,1.0,0.0,0.0,1.0,5877.8004,6932.129,9457.4501,psid,0,0,1,324.0,5832.0,121.0,34548537.54224016,48054412.472641,64655.8044
0.0,28.0,7.0,1.0,0.0,1.0,1.0,5877.8004,8142.3871,1477.7266,psid,0,0,1,784.0,21952.0,49.0,34548537.54224016,66298467.68624641,41144.6028
0.0,52.0,4.0,1.0,0.0,1.0,1.0,5877.8004,11637.097,22165.899,psid,0,0,1,2704.0,140608.0,16.0,34548537.54224016,135422026.587409,23511.2016
0.0,22.0,8.0,1.0,0.0,1.0,1.0,5877.8004,12030.968,857.08141,psid,0,0,1,484.0,10648.0,64.0,34548537.54224016,144744191.017024,47022.4032
0.0,34.0,7.0,1.0,0.0,1.0,1.0,5877.8004,12532.258,14777.266,psid,0,0,1,1156.0,39304.0,49.0,34548537.54224016,157057490.578564,41144.6028
0.0,25.0,9.0,0.0,0.0,0.0,1.0,5877.8004,13427.419,12117.358,psid,0,0,1,625.0,15625.0,81.0,34548537.54224016,180295581.001561,52900.2036
0.0,43.0,10.0,0.0,0.0,1.0,1.0,5877.8004,17903.226,20688.172,psid,0,0,1,1849.0,79507.0,100.0,34548537.54224016,320525501.20707595,58778.004
0.0,31.0,9.0,1.0,0.0,1.0,1.0,6024.7454,5621.6129,10196.313,psid,0,0,1,961.0,29791.0,81.0,36297557.134821154,31602531.59744641,54222.7086
0.0,27.0,8.0,1.0,0.0,0.0,1.0,6269.6538,6624.1935,7388.6329,psid,0,0,1,729.0,19683.0,64.0,39308558.77185444,43879939.52544226,50157.2304
0.0,22.0,11.0,0.0,0.0,1.0,1.0,6442.0692,5818.5484,2216.5899,psid,0,0,1,484.0,10648.0,121.0,41500255.57758864,33855505.483142555,70862.7612
0.0,32.0,11.0,1.0,0.0,1.0,1.0,6524.3585,0.0,930.96774,psid,0,1,1,1024.0,32768.0,121.0,42567253.83652225,0.0,71767.94350000001
0.0,49.0,5.0,1.0,0.0,0.0,1.0,6583.1365,5729.0323,12560.676,psid,0,0,1,2401.0,117649.0,25.0,43337686.17763224,32821811.094443288,32915.682499999995
0.0,55.0,8.0,0.0,0.0,1.0,1.0,6661.5071,3820.5484,4255.8525,psid,0,0,1,3025.0,166375.0,64.0,44375676.84335041,14596590.076742562,53292.0568
0.0,20.0,11.0,0.0,0.0,1.0,1.0,6661.5071,5370.9677,1182.1813,psid,0,0,1,400.0,8000.0,121.0,44375676.84335041,28847294.034443293,73276.5781
0.0,33.0,8.0,1.0,0.0,1.0,1.0,6661.5071,8579.2258,9169.2934,psid,0,0,1,1089.0,35937.0,64.0,44375676.84335041,73603115.32738565,53292.0568
0.0,22.0,11.0,0.0,0.0,1.0,1.0,6802.5743,1790.3226,7388.6329,psid,0,0,1,484.0,10648.0,121.0,46275017.10702049,3205255.0120707597,74828.3173
0.0,26.0,8.0,1.0,0.0,1.0,1.0,6857.4338,3580.6452,1994.9309,psid,0,0,1,676.0,17576.0,64.0,47024398.32138244,12821020.048283039,54859.4704
0.0,20.0,10.0,1.0,0.0,1.0,1.0,6857.4338,6831.871,9457.4501,psid,0,0,1,400.0,8000.0,100.0,47024398.32138244,46674461.360641,68574.338
0.0,45.0,2.0,0.0,1.0,1.0,1.0,6857.4338,7161.2903,4433.1797,psid,0,0,1,2025.0,91125.0,4.0,47024398.32138244,51284078.760874085,13714.8676
0.0,45.0,8.0,1.0,0.0,1.0,1.0,6857.4338,9537.0484,9408.6851,psid,0,0,1,2025.0,91125.0,64.0,47024398.32138244,90955292.18394256,54859.4704
0.0,33.0,11.0,1.0,0.0,1.0,1.0,6857.4338,11637.097,0.0,psid,0,0,0,1089.0,35937.0,121.0,47024398.32138244,135422026.587409,75431.7718
0.0,41.0,3.0,1.0,0.0,1.0,1.0,6990.664,3222.5806,9497.3487,psid,0,0,1,1681.0,68921.0,9.0,48869383.160895996,10385025.723496359,20971.992
0.0,25.0,7.0,1.0,0.0,1.0,1.0,7131.7312,10741.935,8866.3594,psid,0,0,1,625.0,15625.0,49.0,50861589.909053445,115389167.54422499,49922.1184
0.0,35.0,11.0,1.0,0.0,1.0,1.0,7335.4949,8557.7419,7388.6329,psid,0,0,1,1225.0,42875.0,121.0,53809485.427926004,73234946.42701563,80690.4439
0.0,35.0,11.0,1.0,0.0,1.0,1.0,7335.4949,8557.7419,7388.6329,psid,0,0,1,1225.0,42875.0,121.0,53809485.427926004,73234946.42701563,80690.4439
0.0,29.0,10.0,0.0,0.0,1.0,1.0,7347.2505,0.0,0.0,psid,0,1,0,841.0,24389.0,100.0,53982089.90975025,0.0,73472.505
0.0,41.0,4.0,1.0,0.0,0.0,1.0,7494.1955,5370.9677,5910.9063,psid,0,0,1,1681.0,68921.0,16.0,56162966.19222025,28847294.034443293,29976.782
0.0,36.0,6.0,1.0,0.0,0.0,1.0,7494.1955,7447.7419,4433.1797,psid,0,0,1,1296.0,46656.0,36.0,56162966.19222025,55468859.40901561,44965.172999999995
0.0,52.0,5.0,1.0,0.0,1.0,1.0,7523.5845,4296.7742,2216.5899,psid,0,0,1,2704.0,140608.0,25.0,56604323.72864025,18462268.52578564,37617.9225
0.0,52.0,5.0,1.0,0.0,1.0,1.0,7523.5845,4296.7742,2216.5899,psid,0,0,1,2704.0,140608.0,25.0,56604323.72864025,18462268.52578564,37617.9225
0.0,41.0,10.0,0.0,1.0,1.0,1.0,7562.7699,9134.2258,11821.813,psid,0,0,1,1681.0,68921.0,100.0,57195488.560346015,83434080.96538565,75627.69900000001
0.0,29.0,10.0,1.0,0.0,1.0,1.0,7641.1405,8122.6935,5910.9063,psid,0,0,1,841.0,24389.0,100.0,58387028.14074025,65978149.69494226,76411.405
0.0,42.0,10.0,1.0,0.0,0.0,1.0,7837.0672,1718.7097,0.0,psid,0,0,0,1764.0,74088.0,100.0,61419622.29731584,2953963.0328740906,78370.672
0.0,22.0,11.0,1.0,0.0,1.0,1.0,7837.0672,5012.9032,3694.3164,psid,0,0,1,484.0,10648.0,121.0,61419622.29731584,25129198.492570236,86207.73920000001
0.0,27.0,11.0,1.0,0.0,1.0,1.0,7837.0672,5370.9677,7388.6329,psid,0,0,1,729.0,19683.0,121.0,61419622.29731584,28847294.034443293,86207.73920000001
0.0,42.0,5.0,1.0,0.0,1.0,1.0,7837.0672,7161.2903,14777.266,psid,0,0,1,1764.0,74088.0,25.0,61419622.29731584,51284078.760874085,39185.336
0.0,42.0,5.0,1.0,0.0,1.0,1.0,7837.0672,7161.2903,14777.266,psid,0,0,1,1764.0,74088.0,25.0,61419622.29731584,51284078.760874085,39185.336
0.0,49.0,5.0,0.0,0.0,1.0,1.0,7837.0672,8056.4516,11821.813,psid,0,0,1,2401.0,117649.0,25.0,61419622.29731584,64906412.38314257,39185.336
0.0,28.0,9.0,1.0,0.0,1.0,1.0,7837.0672,8235.4839,8718.5868,psid,0,0,1,784.0,21952.0,81.0,61419622.29731584,67823195.06715919,70533.6048
0.0,45.0,9.0,1.0,0.0,1.0,1.0,7837.0672,8951.6129,8866.3594,psid,0,0,1,2025.0,91125.0,81.0,61419622.29731584,80131373.51144642,70533.6048
0.0,45.0,6.0,1.0,0.0,1.0,1.0,7837.0672,8951.6129,9605.2227,psid,0,0,1,2025.0,91125.0,36.0,61419622.29731584,80131373.51144642,47022.4032
0.0,39.0,8.0,0.0,0.0,1.0,1.0,7837.0672,9846.7742,0.0,psid,0,0,0,1521.0,59319.0,64.0,61419622.29731584,96958962.14578563,62696.5376
0.0,34.0,9.0,1.0,0.0,1.0,1.0,7837.0672,11211.0,12037.561,psid,0,0,1,1156.0,39304.0,81.0,61419622.29731584,125686521.0,70533.6048
0.0,22.0,11.0,0.0,0.0,1.0,1.0,7837.0672,13964.516,15072.811,psid,0,0,1,484.0,10648.0,121.0,61419622.29731584,195007707.114256,86207.73920000001
0.0,32.0,10.0,0.0,0.0,1.0,1.0,7837.0672,16112.903,11082.949,psid,0,0,1,1024.0,32768.0,100.0,61419622.29731584,259625643.08740902,78370.672
0.0,49.0,5.0,1.0,0.0,1.0,1.0,7944.8269,7698.3871,11993.229,psid,0,0,1,2401.0,117649.0,25.0,63120274.47096361,59265163.94144641,39724.1345
0.0,27.0,7.0,1.0,0.0,1.0,1.0,7954.6232,7161.2903,5910.9063,psid,0,0,1,729.0,19683.0,49.0,63276030.25397824,51284078.760874085,55682.3624
0.0,21.0,11.0,1.0,0.0,1.0,1.0,8032.9939,4848.1935,8570.8141,psid,0,0,1,441.0,9261.0,121.0,64528990.99743722,23504980.213442255,88362.9329
0.0,40.0,11.0,0.0,0.0,1.0,1.0,8072.1792,0.0,1477.7266,psid,0,1,1,1600.0,64000.0,121.0,65160077.036912635,0.0,88793.9712
0.0,26.0,8.0,0.0,0.0,1.0,1.0,8150.5499,7447.7419,9900.768,psid,0,0,1,676.0,17576.0,64.0,66431463.67239001,55468859.40901561,65204.3992
0.0,33.0,10.0,0.0,0.0,1.0,1.0,8272.0244,2619.2419,0.0,psid,0,0,0,1089.0,35937.0,100.0,68426387.67419536,6860428.1307156095,82720.244
0.0,54.0,6.0,1.0,0.0,1.0,1.0,8354.3136,0.0,0.0,psid,0,1,0,2916.0,157464.0,36.0,69794555.72714496,0.0,50125.88159999999
0.0,40.0,9.0,1.0,0.0,1.0,1.0,8424.8473,6572.2742,8866.3594,psid,0,0,1,1600.0,64000.0,81.0,70978052.02831729,43194788.15998564,75823.62569999999
0.0,27.0,8.0,0.0,0.0,1.0,1.0,8424.8473,7698.3871,15072.811,psid,0,0,1,729.0,19683.0,64.0,70978052.02831729,59265163.94144641,67398.7784
0.0,41.0,5.0,1.0,0.0,1.0,1.0,8424.8473,10741.935,8689.0323,psid,0,0,1,1681.0,68921.0,25.0,70978052.02831729,115389167.54422499,42124.2365
0.0,29.0,10.0,1.0,0.0,1.0,1.0,8464.0326,8325.0,23643.625,psid,0,0,1,841.0,24389.0,100.0,71639847.85386276,69305625.0,84640.326
0.0,29.0,10.0,1.0,0.0,1.0,1.0,8659.9593,10892.323,51.72043,psid,0,0,1,841.0,24389.0,100.0,74994895.0776565,118642700.33632901,86599.59300000001
0.0,26.0,10.0,1.0,0.0,1.0,1.0,8816.7006,0.0,7388.6329,psid,0,1,1,676.0,17576.0,100.0,77734209.47004037,0.0,88167.006
0.0,25.0,10.0,0.0,1.0,1.0,1.0,8816.7006,8056.4516,13299.539,psid,0,0,1,625.0,15625.0,100.0,77734209.47004037,64906412.38314257,88167.006
0.0,40.0,8.0,1.0,0.0,1.0,1.0,8816.7006,8056.4516,7184.7066,psid,0,0,1,1600.0,64000.0,64.0,77734209.47004037,64906412.38314257,70533.6048
0.0,40.0,7.0,1.0,0.0,1.0,1.0,8816.7006,8951.6129,11821.813,psid,0,0,1,1600.0,64000.0,49.0,77734209.47004037,80131373.51144642,61716.904200000004
0.0,49.0,7.0,1.0,0.0,0.0,1.0,8816.7006,11270.081,8969.8003,psid,0,0,1,2401.0,117649.0,49.0,77734209.47004037,127014725.746561,61716.904200000004
0.0,46.0,9.0,0.0,0.0,1.0,1.0,8816.7006,14322.581,13299.539,psid,0,0,1,2116.0,97336.0,81.0,77734209.47004037,205136326.50156102,79350.3054
0.0,50.0,8.0,1.0,0.0,1.0,1.0,8985.1976,9846.7742,9102.7957,psid,0,0,1,2500.0,125000.0,64.0,80733775.91104575,96958962.14578563,71881.5808
0.0,24.0,8.0,1.0,0.0,1.0,1.0,9008.7088,13033.548,16254.992,psid,0,0,1,576.0,13824.0,64.0,81156834.24319744,169873373.468304,72069.6704
0.0,23.0,9.0,0.0,0.0,1.0,1.0,9012.6273,0.0,14777.266,psid,0,1,1,529.0,12167.0,81.0,81227450.84870529,0.0,81113.6457
0.0,24.0,10.0,1.0,0.0,1.0,1.0,9012.6273,6624.1935,8955.023,psid,0,0,1,576.0,13824.0,100.0,81227450.84870529,43879939.52544226,90126.273
0.0,20.0,10.0,0.0,1.0,1.0,1.0,9208.554,8951.6129,16254.992,psid,0,0,1,400.0,8000.0,100.0,84797466.770916,80131373.51144642,92085.54000000001
0.0,30.0,11.0,1.0,0.0,1.0,1.0,9228.1466,8808.3871,17881.969,psid,0,0,1,900.0,27000.0,121.0,85158689.67109156,77587683.30344641,101509.6126
0.0,47.0,4.0,0.0,0.0,1.0,1.0,9355.499,20884.113,20512.323,psid,0,0,1,2209.0,103823.0,16.0,87525361.539001,436146175.796769,37421.996
0.0,26.0,10.0,1.0,0.0,1.0,1.0,9404.4807,4923.3871,17732.719,psid,0,0,1,676.0,17576.0,100.0,88444257.23667249,24239740.536446407,94044.807
0.0,50.0,5.0,1.0,0.0,1.0,1.0,9404.4807,10136.806,9266.8233,psid,0,0,1,2500.0,125000.0,25.0,88444257.23667249,102754835.88163601,47022.4035
0.0,49.0,11.0,0.0,0.0,1.0,1.0,9404.4807,11637.097,9457.4501,psid,0,0,1,2401.0,117649.0,121.0,88444257.23667249,135422026.587409,103449.2877
0.0,27.0,10.0,0.0,0.0,1.0,1.0,9404.4807,11812.548,11821.813,psid,0,0,1,729.0,19683.0,100.0,88444257.23667249,139536290.25230402,94044.807
0.0,28.0,8.0,0.0,0.0,1.0,1.0,9404.4807,14322.581,12560.676,psid,0,0,1,784.0,21952.0,64.0,88444257.23667249,205136326.50156102,75235.8456
0.0,22.0,10.0,1.0,0.0,1.0,1.0,9717.9633,9023.2258,13299.539,psid,0,0,1,484.0,10648.0,100.0,94438810.70014688,81418603.83778565,97179.633
0.0,40.0,7.0,1.0,0.0,1.0,1.0,9737.556,8674.1129,9221.0138,psid,0,0,1,1600.0,64000.0,49.0,94819996.853136,75240234.60194641,68162.892
0.0,52.0,5.0,1.0,0.0,1.0,1.0,9796.334,1074.1935,0.0,psid,0,0,0,2704.0,140608.0,25.0,95968159.83955601,1153891.6754422502,48981.670000000006
0.0,34.0,10.0,0.0,0.0,1.0,1.0,9796.334,2327.4194,26599.078,psid,0,0,1,1156.0,39304.0,100.0,95968159.83955601,5416881.0634963615,97963.34000000001
0.0,38.0,7.0,0.0,0.0,1.0,1.0,9796.334,5370.9677,11821.813,psid,0,0,1,1444.0,54872.0,49.0,95968159.83955601,28847294.034443293,68574.338
0.0,49.0,5.0,1.0,0.0,1.0,1.0,9796.334,5370.9677,0.0,psid,0,0,0,2401.0,117649.0,25.0,95968159.83955601,28847294.034443293,48981.670000000006
0.0,20.0,10.0,1.0,0.0,1.0,1.0,9796.334,5370.9677,7388.6329,psid,0,0,1,400.0,8000.0,100.0,95968159.83955601,28847294.034443293,97963.34000000001
0.0,44.0,5.0,1.0,0.0,1.0,1.0,9796.334,8951.6129,8866.3594,psid,0,0,1,1936.0,85184.0,25.0,95968159.83955601,80131373.51144642,48981.670000000006
0.0,34.0,9.0,1.0,0.0,1.0,1.0,9796.334,8951.6129,10344.086,psid,0,0,1,1156.0,39304.0,81.0,95968159.83955601,80131373.51144642,88167.00600000001
0.0,46.0,9.0,1.0,0.0,0.0,1.0,9796.334,9309.6774,8866.3594,psid,0,0,1,2116.0,97336.0,81.0,95968159.83955601,86670093.29207078,88167.00600000001
0.0,47.0,4.0,1.0,0.0,0.0,1.0,9796.334,10741.935,5910.9063,psid,0,0,1,2209.0,103823.0,16.0,95968159.83955601,115389167.54422499,39185.336
0.0,24.0,11.0,1.0,0.0,1.0,1.0,9796.334,10741.935,13299.539,psid,0,0,1,576.0,13824.0,121.0,95968159.83955601,115389167.54422499,107759.67400000001
0.0,39.0,5.0,1.0,0.0,1.0,1.0,9796.334,10741.935,19210.445,psid,0,0,1,1521.0,59319.0,25.0,95968159.83955601,115389167.54422499,48981.670000000006
0.0,32.0,11.0,1.0,0.0,0.0,1.0,9796.334,14322.581,886.63594,psid,0,0,1,1024.0,32768.0,121.0,95968159.83955601,205136326.50156102,107759.67400000001
0.0,43.0,11.0,0.0,0.0,1.0,1.0,9796.334,21483.871,22165.899,psid,0,0,1,1849.0,79507.0,121.0,95968159.83955601,461556713.144641,107759.67400000001
0.0,24.0,11.0,0.0,0.0,1.0,1.0,9796.334,24885.484,25121.352,psid,0,0,1,576.0,13824.0,121.0,95968159.83955601,619287313.914256,107759.67400000001
0.0,37.0,7.0,0.0,0.0,1.0,1.0,9796.334,29719.355,5172.043,psid,0,0,1,1369.0,50653.0,49.0,95968159.83955601,883240061.616025,68574.338
0.0,23.0,11.0,1.0,0.0,1.0,1.0,9980.5051,6266.129,10344.086,psid,0,0,1,529.0,12167.0,121.0,99610482.05112602,39264372.644641,109785.5561
0.0,21.0,11.0,0.0,1.0,1.0,1.0,9992.2607,4114.1613,17732.719,psid,0,0,1,441.0,9261.0,121.0,99845273.8967645,16926323.202417687,109914.8677
0.0,39.0,11.0,1.0,0.0,1.0,1.0,9992.2607,11637.097,7260.0707,psid,0,0,1,1521.0,59319.0,121.0,99845273.8967645,135422026.587409,109914.8677
0.0,27.0,6.0,0.0,0.0,1.0,1.0,9992.2607,11637.097,13299.539,psid,0,0,1,729.0,19683.0,36.0,99845273.8967645,135422026.587409,59953.56420000001
0.0,41.0,10.0,1.0,0.0,1.0,1.0,10090.224,14757.629,9752.9954,psid,0,0,1,1681.0,68921.0,100.0,101812620.370176,217787613.70164102,100902.24
0.0,32.0,10.0,1.0,0.0,0.0,1.0,10188.187,8951.6129,0.0,psid,0,0,0,1024.0,32768.0,100.0,103799154.346969,80131373.51144642,101881.87
0.0,40.0,5.0,1.0,0.0,1.0,1.0,10188.187,12174.194,0.0,psid,0,0,0,1600.0,64000.0,25.0,103799154.346969,148210999.54963598,50940.935
0.0,37.0,11.0,1.0,0.0,1.0,1.0,10188.187,13964.516,13299.539,psid,0,0,1,1369.0,50653.0,121.0,103799154.346969,195007707.114256,112070.057
0.0,37.0,11.0,1.0,0.0,1.0,1.0,10188.187,13964.516,13299.539,psid,0,0,1,1369.0,50653.0,121.0,103799154.346969,195007707.114256,112070.057
0.0,50.0,11.0,1.0,0.0,0.0,1.0,10188.187,17903.226,14777.266,psid,0,0,1,2500.0,125000.0,121.0,103799154.346969,320525501.20707595,112070.057
0.0,47.0,8.0,0.0,1.0,1.0,1.0,10286.151,7161.2903,1477.7266,psid,0,0,1,2209.0,103823.0,64.0,105804902.39480099,51284078.760874085,82289.208
0.0,29.0,10.0,1.0,0.0,1.0,1.0,10384.114,7304.5161,11501.146,psid,0,0,1,841.0,24389.0,100.0,107829823.56499599,53355955.45515921,103841.14
0.0,19.0,10.0,0.0,0.0,1.0,1.0,10431.136,6982.2581,9752.9954,psid,0,0,1,361.0,6859.0,100.0,108808598.25049601,48751928.17501561,104311.36
0.0,44.0,6.0,0.0,0.0,1.0,1.0,10450.729,13427.419,17023.41,psid,0,0,1,1936.0,85184.0,36.0,109217736.63144098,180295581.001561,62704.373999999996
0.0,28.0,7.0,1.0,0.0,1.0,1.0,10487.955,8260.5484,8127.4962,psid,0,0,1,784.0,21952.0,49.0,109997200.08202499,68236659.86874256,73415.685
0.0,25.0,10.0,0.0,0.0,1.0,1.0,10580.041,8647.2581,8866.3594,psid,0,0,1,625.0,15625.0,100.0,111937267.56168099,74775072.64801559,105800.40999999999
0.0,39.0,9.0,1.0,0.0,1.0,1.0,10580.041,9667.7419,11821.813,psid,0,0,1,1521.0,59319.0,81.0,111937267.56168099,93465233.44501562,95220.36899999999
0.0,39.0,9.0,1.0,0.0,1.0,1.0,10580.041,9667.7419,11821.813,psid,0,0,1,1521.0,59319.0,81.0,111937267.56168099,93465233.44501562,95220.36899999999
0.0,34.0,8.0,1.0,0.0,1.0,1.0,10580.041,12532.258,19210.445,psid,0,0,1,1156.0,39304.0,64.0,111937267.56168099,157057490.578564,84640.328
0.0,39.0,7.0,0.0,0.0,1.0,1.0,10580.041,17545.161,0.0,psid,0,0,0,1521.0,59319.0,49.0,111937267.56168099,307832674.515921,74060.287
0.0,53.0,7.0,1.0,0.0,1.0,1.0,10583.959,17525.468,15926.937,psid,0,0,1,2809.0,148877.0,49.0,112020188.11368102,307142028.61902404,74087.713
0.0,53.0,7.0,1.0,0.0,1.0,1.0,10583.959,17525.468,15926.937,psid,0,0,1,2809.0,148877.0,49.0,112020188.11368102,307142028.61902404,74087.713
0.0,28.0,8.0,0.0,0.0,1.0,1.0,10678.004,10382.081,15146.697,psid,0,0,1,784.0,21952.0,64.0,114019769.42401601,107787605.890561,85424.032
0.0,49.0,10.0,1.0,0.0,1.0,1.0,10775.967,0.0,5319.8157,psid,0,1,1,2401.0,117649.0,100.0,116121464.78508902,0.0,107759.67000000001
0.0,49.0,10.0,1.0,0.0,1.0,1.0,10775.967,0.0,5319.8157,psid,0,1,1,2401.0,117649.0,100.0,116121464.78508902,0.0,107759.67000000001
0.0,47.0,6.0,1.0,0.0,1.0,1.0,10775.967,8056.4516,0.0,psid,0,0,0,2209.0,103823.0,36.0,116121464.78508902,64906412.38314257,64655.802
0.0,30.0,9.0,1.0,0.0,1.0,1.0,10775.967,8951.6129,16254.992,psid,0,0,1,900.0,27000.0,81.0,116121464.78508902,80131373.51144642,96983.70300000001
0.0,31.0,9.0,1.0,0.0,1.0,1.0,10775.967,8951.6129,5910.9063,psid,0,0,1,961.0,29791.0,81.0,116121464.78508902,80131373.51144642,96983.70300000001
0.0,29.0,8.0,0.0,0.0,1.0,1.0,10775.967,8951.6129,9605.2227,psid,0,0,1,841.0,24389.0,64.0,116121464.78508902,80131373.51144642,86207.736
0.0,44.0,7.0,1.0,0.0,1.0,1.0,10775.967,10741.935,1078.7404,psid,0,0,1,1936.0,85184.0,49.0,116121464.78508902,115389167.54422499,75431.769
0.0,19.0,10.0,0.0,0.0,1.0,1.0,10775.967,14322.581,23643.625,psid,0,0,1,361.0,6859.0,100.0,116121464.78508902,205136326.50156102,107759.67000000001
0.0,42.0,6.0,0.0,1.0,1.0,1.0,10775.967,22558.065,11821.813,psid,0,0,1,1764.0,74088.0,36.0,116121464.78508902,508866296.5442249,64655.802
0.0,54.0,10.0,0.0,0.0,1.0,1.0,10775.967,32225.806,19210.445,psid,0,0,1,2916.0,157464.0,100.0,116121464.78508902,1038502572.3496361,107759.67000000001
0.0,48.0,10.0,1.0,0.0,1.0,1.0,10785.764,5370.9677,14895.484,psid,0,0,1,2304.0,110592.0,100.0,116332705.06369598,28847294.034443293,107857.63999999998
0.0,27.0,11.0,1.0,0.0,1.0,1.0,10897.442,3938.7097,7684.1782,psid,0,0,1,729.0,19683.0,121.0,118754242.14336398,15513434.100874089,119871.862
0.0,22.0,11.0,1.0,0.0,0.0,1.0,10971.894,7161.2903,7675.3118,psid,0,0,1,484.0,10648.0,121.0,120382457.947236,51284078.760874085,120690.834
0.0,33.0,10.0,0.0,0.0,1.0,1.0,10971.894,12174.194,24825.806,psid,0,0,1,1089.0,35937.0,100.0,120382457.947236,148210999.54963598,109718.94
0.0,37.0,8.0,0.0,0.0,1.0,1.0,10971.894,13427.419,14777.266,psid,0,0,1,1369.0,50653.0,64.0,120382457.947236,180295581.001561,87775.152
0.0,22.0,11.0,1.0,0.0,0.0,1.0,11069.857,5191.9355,9605.2227,psid,0,0,1,484.0,10648.0,121.0,122541734.000449,26956194.236160245,121768.427
0.0,21.0,11.0,0.0,0.0,0.0,1.0,11167.821,5370.9677,13151.767,psid,0,0,1,441.0,9261.0,121.0,124720225.888041,28847294.034443293,122846.031
0.0,23.0,9.0,0.0,0.0,1.0,1.0,11167.821,11995.161,11891.266,psid,0,0,1,529.0,12167.0,81.0,124720225.888041,143883887.415921,100510.389
0.0,35.0,8.0,0.0,0.0,1.0,1.0,11167.821,18796.597,13299.539,psid,0,0,1,1225.0,42875.0,64.0,124720225.888041,353312058.78040904,89342.568
0.0,31.0,8.0,0.0,0.0,1.0,1.0,11167.821,19335.484,20688.172,psid,0,0,1,961.0,29791.0,64.0,124720225.888041,373860941.514256,89342.568
0.0,26.0,6.0,1.0,0.0,1.0,1.0,11461.711,9807.3871,7979.7235,psid,0,0,1,676.0,17576.0,36.0,131370819.04752098,96184841.72924641,68770.266
0.0,22.0,9.0,1.0,0.0,1.0,1.0,11708.578,10419.677,9079.1521,psid,0,0,1,484.0,10648.0,81.0,137090798.782084,108569668.784329,105377.20199999999
0.0,33.0,6.0,1.0,0.0,1.0,1.0,11739.927,5958.1935,9788.4608,psid,0,0,1,1089.0,35937.0,36.0,137825885.965329,35500069.78344225,70439.562
0.0,27.0,9.0,0.0,0.0,1.0,1.0,11749.723,2327.4194,19210.445,psid,0,0,1,729.0,19683.0,81.0,138055990.576729,5416881.0634963615,105747.507
0.0,34.0,11.0,1.0,0.0,0.0,1.0,11755.601,2148.3871,15516.129,psid,0,0,1,1156.0,39304.0,121.0,138194154.871201,4615567.13144641,129311.611
0.0,23.0,11.0,1.0,0.0,1.0,1.0,11755.601,5818.5484,10048.541,psid,0,0,1,529.0,12167.0,121.0,138194154.871201,33855505.483142555,129311.611
0.0,25.0,9.0,1.0,0.0,0.0,1.0,11755.601,7161.2903,6649.7696,psid,0,0,1,625.0,15625.0,81.0,138194154.871201,51284078.760874085,105800.409
0.0,28.0,9.0,1.0,0.0,1.0,1.0,11755.601,7161.2903,11821.813,psid,0,0,1,784.0,21952.0,81.0,138194154.871201,51284078.760874085,105800.409
0.0,46.0,10.0,0.0,0.0,1.0,1.0,11755.601,7161.2903,10166.759,psid,0,0,1,2116.0,97336.0,100.0,138194154.871201,51284078.760874085,117556.01000000001
0.0,46.0,10.0,0.0,0.0,1.0,1.0,11755.601,7161.2903,10166.759,psid,0,0,1,2116.0,97336.0,100.0,138194154.871201,51284078.760874085,117556.01000000001
0.0,53.0,2.0,0.0,0.0,1.0,1.0,11755.601,8593.5484,0.0,psid,0,0,0,2809.0,148877.0,4.0,138194154.871201,73849074.10314256,23511.202
0.0,48.0,8.0,0.0,0.0,1.0,1.0,11755.601,8844.1935,3073.6713,psid,0,0,1,2304.0,110592.0,64.0,138194154.871201,78219758.66544224,94044.808
0.0,48.0,8.0,0.0,0.0,1.0,1.0,11755.601,8844.1935,3073.6713,psid,0,0,1,2304.0,110592.0,64.0,138194154.871201,78219758.66544224,94044.808
0.0,35.0,11.0,1.0,0.0,1.0,1.0,11755.601,8951.6129,0.0,psid,0,0,0,1225.0,42875.0,121.0,138194154.871201,80131373.51144642,129311.611
0.0,29.0,10.0,1.0,0.0,1.0,1.0,11755.601,9780.5323,8866.3594,psid,0,0,1,841.0,24389.0,100.0,138194154.871201,95658812.0713433,117556.01000000001
0.0,43.0,9.0,0.0,0.0,1.0,1.0,11755.601,10741.935,10344.086,psid,0,0,1,1849.0,79507.0,81.0,138194154.871201,115389167.54422499,105800.409
0.0,42.0,8.0,1.0,0.0,1.0,1.0,11755.601,10741.935,11821.813,psid,0,0,1,1764.0,74088.0,64.0,138194154.871201,115389167.54422499,94044.808
0.0,47.0,11.0,1.0,0.0,1.0,1.0,11755.601,10741.935,14260.061,psid,0,0,1,2209.0,103823.0,121.0,138194154.871201,115389167.54422499,129311.611
0.0,34.0,10.0,0.0,0.0,1.0,1.0,11755.601,12174.194,11821.813,psid,0,0,1,1156.0,39304.0,100.0,138194154.871201,148210999.54963598,117556.01000000001
0.0,39.0,10.0,1.0,0.0,0.0,1.0,11755.601,12532.258,25248.436,psid,0,0,1,1521.0,59319.0,100.0,138194154.871201,157057490.578564,117556.01000000001
0.0,43.0,8.0,1.0,0.0,1.0,1.0,11755.601,12532.258,12930.108,psid,0,0,1,1849.0,79507.0,64.0,138194154.871201,157057490.578564,94044.808
0.0,43.0,8.0,1.0,0.0,1.0,1.0,11755.601,12532.258,12930.108,psid,0,0,1,1849.0,79507.0,64.0,138194154.871201,157057490.578564,94044.808
0.0,28.0,10.0,1.0,0.0,1.0,1.0,11755.601,15217.742,10639.631,psid,0,0,1,784.0,21952.0,100.0,138194154.871201,231579671.57856402,117556.01000000001
0.0,47.0,11.0,1.0,0.0,1.0,1.0,11755.601,16053.823,0.0,psid,0,0,0,2209.0,103823.0,121.0,138194154.871201,257725232.915329,129311.611
0.0,45.0,0.0,0.0,1.0,1.0,1.0,11755.601,16112.903,10344.086,psid,0,0,1,2025.0,91125.0,0.0,138194154.871201,259625643.08740902,0.0
0.0,53.0,4.0,1.0,0.0,1.0,1.0,11892.749,8951.6129,10344.086,psid,0,0,1,2809.0,148877.0,16.0,141437478.777001,80131373.51144642,47570.996
0.0,54.0,4.0,1.0,0.0,0.0,1.0,11933.894,10965.726,11821.813,psid,0,0,1,2916.0,157464.0,16.0,142417826.003236,120247146.70707601,47735.576
0.0,41.0,9.0,0.0,0.0,1.0,1.0,11951.528,12890.323,8718.5868,psid,0,0,1,1681.0,68921.0,81.0,142839021.53478402,166160427.04432902,107563.75200000001
0.0,44.0,7.0,1.0,0.0,1.0,1.0,11967.202,14566.065,14147.754,psid,0,0,1,1936.0,85184.0,49.0,143213923.70880398,212170249.58422503,83770.41399999999
0.0,51.0,8.0,0.0,0.0,1.0,1.0,11986.794,1546.8387,0.0,psid,0,0,0,2601.0,132651.0,64.0,143683230.398436,2392709.96381769,95894.352
0.0,26.0,10.0,0.0,0.0,0.0,1.0,12000.509,14322.581,17732.719,psid,0,0,1,676.0,17576.0,100.0,144012216.259081,205136326.50156102,120005.09
0.0,53.0,4.0,0.0,0.0,1.0,1.0,12039.695,2660.4194,7388.6329,psid,0,0,1,2809.0,148877.0,16.0,144954255.693025,7077831.383896361,48158.78
0.0,30.0,9.0,0.0,0.0,1.0,1.0,12178.802,11493.871,12847.355,psid,0,0,1,900.0,27000.0,81.0,148323218.155204,132109070.56464098,109609.218
0.0,54.0,3.0,1.0,0.0,1.0,1.0,12225.825,9606.871,11821.813,psid,0,0,1,2916.0,157464.0,9.0,149470796.93062502,92291970.41064098,36677.475000000006
0.0,53.0,8.0,0.0,0.0,1.0,1.0,12235.621,0.0,7240.8602,psid,0,1,1,2809.0,148877.0,64.0,149710421.25564098,0.0,97884.968
0.0,34.0,10.0,1.0,0.0,1.0,1.0,12343.381,11637.097,9900.768,psid,0,0,1,1156.0,39304.0,100.0,152359054.511161,135422026.587409,123433.81
0.0,48.0,5.0,1.0,0.0,1.0,1.0,12343.381,13606.452,13323.183,psid,0,0,1,2304.0,110592.0,25.0,152359054.511161,185135536.02830398,61716.905
0.0,45.0,11.0,0.0,0.0,1.0,1.0,12382.566,21483.871,0.0,psid,0,0,0,2025.0,91125.0,121.0,153327940.744356,461556713.144641,136208.226
0.0,45.0,11.0,0.0,0.0,1.0,1.0,12382.566,21483.871,0.0,psid,0,0,0,2025.0,91125.0,121.0,153327940.744356,461556713.144641,136208.226
0.0,49.0,6.0,0.0,1.0,1.0,1.0,12539.308,16470.968,13595.084,psid,0,0,1,2401.0,117649.0,36.0,157234245.11886403,271292786.857024,75235.848
0.0,49.0,6.0,0.0,1.0,1.0,1.0,12539.308,16470.968,13595.084,psid,0,0,1,2401.0,117649.0,36.0,157234245.11886403,271292786.857024,75235.848
0.0,22.0,11.0,1.0,0.0,1.0,1.0,12539.308,21483.871,13299.539,psid,0,0,1,484.0,10648.0,121.0,157234245.11886403,461556713.144641,137932.388
0.0,25.0,10.0,1.0,0.0,1.0,1.0,12696.049,8951.6129,14777.266,psid,0,0,1,625.0,15625.0,100.0,161189660.21040103,80131373.51144642,126960.49
0.0,37.0,11.0,0.0,0.0,1.0,1.0,12735.234,0.0,0.0,psid,0,1,0,1369.0,50653.0,121.0,162186185.034756,0.0,140087.574
0.0,33.0,9.0,0.0,0.0,1.0,1.0,12735.234,6266.129,8866.3594,psid,0,0,1,1089.0,35937.0,81.0,162186185.034756,39264372.644641,114617.106
0.0,33.0,9.0,0.0,0.0,1.0,1.0,12735.234,6266.129,8866.3594,psid,0,0,1,1089.0,35937.0,81.0,162186185.034756,39264372.644641,114617.106
0.0,20.0,11.0,0.0,0.0,1.0,1.0,12735.234,7161.2903,14038.402,psid,0,0,1,400.0,8000.0,121.0,162186185.034756,51284078.760874085,140087.574
0.0,44.0,8.0,0.0,0.0,1.0,1.0,12735.234,10312.258,12412.903,psid,0,0,1,1936.0,85184.0,64.0,162186185.034756,106342665.05856399,101881.872
0.0,53.0,6.0,1.0,0.0,1.0,1.0,12735.234,10741.935,13299.539,psid,0,0,1,2809.0,148877.0,36.0,162186185.034756,115389167.54422499,76411.40400000001
0.0,31.0,6.0,1.0,0.0,0.0,1.0,12735.234,10741.935,5910.9063,psid,0,0,1,961.0,29791.0,36.0,162186185.034756,115389167.54422499,76411.40400000001
0.0,28.0,9.0,0.0,0.0,1.0,1.0,12735.234,12532.258,17732.719,psid,0,0,1,784.0,21952.0,81.0,162186185.034756,157057490.578564,114617.106
0.0,25.0,11.0,0.0,0.0,1.0,1.0,12735.234,21483.871,8204.3379,psid,0,0,1,625.0,15625.0,121.0,162186185.034756,461556713.144641,140087.574
0.0,50.0,6.0,1.0,0.0,1.0,1.0,13033.043,4092.6774,0.0,psid,0,0,0,2500.0,125000.0,36.0,169860209.839849,16750008.30047076,78198.258
0.0,35.0,7.0,0.0,0.0,1.0,1.0,13127.088,12711.29,13447.312,psid,0,0,1,1225.0,42875.0,49.0,172320439.35974398,161576893.46410003,91889.616
0.0,35.0,7.0,0.0,0.0,1.0,1.0,13127.088,12711.29,13447.312,psid,0,0,1,1225.0,42875.0,49.0,172320439.35974398,161576893.46410003,91889.616
0.0,31.0,11.0,1.0,0.0,1.0,1.0,13127.088,14859.677,16254.992,psid,0,0,1,961.0,29791.0,121.0,172320439.35974398,220810000.544329,144397.968
0.0,21.0,9.0,1.0,0.0,0.0,1.0,13127.088,16327.742,8866.3594,psid,0,0,1,441.0,9261.0,81.0,172320439.35974398,266595158.818564,118143.792
0.0,36.0,11.0,1.0,0.0,1.0,1.0,13140.802,12532.258,12811.889,psid,0,0,1,1296.0,46656.0,121.0,172680677.203204,157057490.578564,144548.822
0.0,40.0,10.0,1.0,0.0,1.0,1.0,13244.644,19693.548,17732.719,psid,0,0,1,1600.0,64000.0,100.0,175420594.68673602,387835832.82830393,132446.44
0.0,30.0,8.0,0.0,0.0,1.0,1.0,13303.422,17903.226,14333.948,psid,0,0,1,900.0,27000.0,64.0,176981036.910084,320525501.20707595,106427.376
0.0,44.0,9.0,1.0,0.0,1.0,1.0,13366.118,14644.839,12435.069,psid,0,0,1,1936.0,85184.0,81.0,178653110.38992402,214471309.335921,120295.062
0.0,41.0,9.0,0.0,0.0,1.0,1.0,13518.941,13964.516,17732.719,psid,0,0,1,1681.0,68921.0,81.0,182761765.76148102,195007707.114256,121670.46900000001
0.0,40.0,10.0,0.0,0.0,0.0,1.0,13616.904,10741.935,15368.356,psid,0,0,1,1600.0,64000.0,100.0,185420074.54521602,115389167.54422499,136169.04
0.0,20.0,11.0,0.0,0.0,0.0,1.0,13714.868,6194.5161,14777.266,psid,0,0,1,400.0,8000.0,121.0,188097604.257424,38372029.71315921,150863.548
0.0,19.0,11.0,0.0,0.0,1.0,1.0,13714.868,6416.5161,27781.26,psid,0,0,1,361.0,6859.0,121.0,188097604.257424,41171678.861559205,150863.548
0.0,39.0,7.0,0.0,0.0,1.0,1.0,13714.868,6624.1935,0.0,psid,0,0,0,1521.0,59319.0,49.0,188097604.257424,43879939.52544226,96004.076
0.0,46.0,8.0,1.0,0.0,1.0,1.0,13714.868,7089.6774,0.0,psid,0,0,0,2116.0,97336.0,64.0,188097604.257424,50263525.63607075,109718.944
0.0,22.0,11.0,0.0,0.0,1.0,1.0,13714.868,8593.5484,8866.3594,psid,0,0,1,484.0,10648.0,121.0,188097604.257424,73849074.10314256,150863.548
0.0,37.0,11.0,0.0,0.0,1.0,1.0,13714.868,9259.5484,0.0,psid,0,0,0,1369.0,50653.0,121.0,188097604.257424,85739236.57194255,150863.548
0.0,48.0,6.0,1.0,0.0,0.0,1.0,13714.868,11637.097,10604.166,psid,0,0,1,2304.0,110592.0,36.0,188097604.257424,135422026.587409,82289.208
0.0,52.0,10.0,0.0,0.0,1.0,1.0,13714.868,12174.194,23643.625,psid,0,0,1,2704.0,140608.0,100.0,188097604.257424,148210999.54963598,137148.68
0.0,50.0,7.0,1.0,0.0,1.0,1.0,13714.868,12532.258,16254.992,psid,0,0,1,2500.0,125000.0,49.0,188097604.257424,157057490.578564,96004.076
0.0,50.0,7.0,1.0,0.0,1.0,1.0,13714.868,12532.258,16254.992,psid,0,0,1,2500.0,125000.0,49.0,188097604.257424,157057490.578564,96004.076
0.0,26.0,11.0,1.0,0.0,1.0,1.0,13714.868,13248.387,11082.949,psid,0,0,1,676.0,17576.0,121.0,188097604.257424,175519758.10176903,150863.548
0.0,31.0,11.0,0.0,0.0,1.0,1.0,13714.868,13785.484,20688.172,psid,0,0,1,961.0,29791.0,121.0,188097604.257424,190039569.11425602,150863.548
0.0,21.0,10.0,0.0,0.0,1.0,1.0,13714.868,14080.887,7249.7266,psid,0,0,1,441.0,9261.0,100.0,188097604.257424,198271378.70676902,137148.68
0.0,52.0,8.0,0.0,0.0,1.0,1.0,13714.868,14322.581,8748.1413,psid,0,0,1,2704.0,140608.0,64.0,188097604.257424,205136326.50156102,109718.944
0.0,30.0,10.0,1.0,0.0,0.0,1.0,13714.868,14322.581,2364.3625,psid,0,0,1,900.0,27000.0,100.0,188097604.257424,205136326.50156102,137148.68
0.0,20.0,11.0,0.0,0.0,0.0,1.0,13714.868,14322.581,36943.164,psid,0,0,1,400.0,8000.0,121.0,188097604.257424,205136326.50156102,150863.548
0.0,52.0,5.0,0.0,0.0,1.0,1.0,13714.868,14322.581,14777.266,psid,0,0,1,2704.0,140608.0,25.0,188097604.257424,205136326.50156102,68574.34
0.0,45.0,3.0,0.0,1.0,1.0,1.0,13714.868,16112.903,23643.625,psid,0,0,1,2025.0,91125.0,9.0,188097604.257424,259625643.08740902,41144.604
0.0,46.0,10.0,1.0,0.0,1.0,1.0,13714.868,16112.903,15522.04,psid,0,0,1,2116.0,97336.0,100.0,188097604.257424,259625643.08740902,137148.68
0.0,32.0,7.0,0.0,0.0,1.0,1.0,13714.868,17008.065,19613.865,psid,0,0,1,1024.0,32768.0,49.0,188097604.257424,289274275.044225,96004.076
0.0,50.0,7.0,1.0,0.0,1.0,1.0,13714.868,17903.226,16254.992,psid,0,0,1,2500.0,125000.0,49.0,188097604.257424,320525501.20707595,96004.076
0.0,28.0,6.0,0.0,0.0,1.0,1.0,13734.46,6395.0323,10048.541,psid,0,0,1,784.0,21952.0,36.0,188635391.49159998,40896438.11804329,82406.76
0.0,33.0,10.0,1.0,0.0,0.0,1.0,13754.053,13964.516,16905.192,psid,0,0,1,1089.0,35937.0,100.0,189173973.92680898,195007707.114256,137540.53
0.0,53.0,5.0,1.0,0.0,1.0,1.0,14008.758,2660.4194,11082.949,psid,0,0,1,2809.0,148877.0,25.0,196245300.702564,7077831.383896361,70043.79
0.0,44.0,9.0,0.0,0.0,1.0,1.0,14051.862,13905.435,16373.21,psid,0,0,1,1936.0,85184.0,81.0,197454825.66704398,193361122.53922498,126466.75799999999
0.0,28.0,11.0,0.0,0.0,1.0,1.0,14106.721,10741.935,20392.627,psid,0,0,1,784.0,21952.0,121.0,198999577.37184098,115389167.54422499,155173.93099999998
0.0,53.0,8.0,0.0,0.0,1.0,1.0,14106.721,14322.581,14843.763,psid,0,0,1,2809.0,148877.0,64.0,198999577.37184098,205136326.50156102,112853.768
0.0,53.0,7.0,0.0,0.0,1.0,1.0,14106.721,14322.581,13299.539,psid,0,0,1,2809.0,148877.0,49.0,198999577.37184098,205136326.50156102,98747.04699999999
0.0,52.0,4.0,0.0,0.0,1.0,1.0,14106.721,15074.516,14422.611,psid,0,0,1,2704.0,140608.0,16.0,198999577.37184098,227241032.63425598,56426.884
0.0,23.0,11.0,0.0,1.0,1.0,1.0,14263.462,8414.5161,26599.078,psid,0,0,1,529.0,12167.0,121.0,203446348.225444,70804081.19715922,156898.082
0.0,25.0,9.0,0.0,0.0,1.0,1.0,14263.462,12890.323,16254.992,psid,0,0,1,625.0,15625.0,81.0,203446348.225444,166160427.04432902,128371.158
0.0,54.0,8.0,0.0,1.0,1.0,1.0,14302.648,0.0,8866.3594,psid,0,1,1,2916.0,157464.0,64.0,204565739.81190398,0.0,114421.184
0.0,54.0,8.0,0.0,1.0,1.0,1.0,14302.648,0.0,8866.3594,psid,0,1,1,2916.0,157464.0,64.0,204565739.81190398,0.0,114421.184
0.0,40.0,10.0,0.0,0.0,1.0,1.0,14302.648,24169.355,21427.035,psid,0,0,1,1600.0,64000.0,100.0,204565739.81190398,584157721.116025,143026.47999999998
0.0,40.0,10.0,0.0,0.0,1.0,1.0,14302.648,24169.355,21427.035,psid,0,0,1,1600.0,64000.0,100.0,204565739.81190398,584157721.116025,143026.47999999998
0.0,21.0,11.0,0.0,0.0,1.0,1.0,14400.611,11458.065,0.0,psid,0,0,0,441.0,9261.0,121.0,207377597.173321,131287253.544225,158406.72100000002
0.0,51.0,8.0,0.0,0.0,1.0,1.0,14465.267,21752.419,0.0,psid,0,0,0,2601.0,132651.0,64.0,209243949.381289,473167732.35156107,115722.136
0.0,24.0,10.0,1.0,0.0,1.0,1.0,14482.9,10741.935,11821.813,psid,0,0,1,576.0,13824.0,100.0,209754392.41,115389167.54422499,144829.0
0.0,46.0,8.0,0.0,0.0,1.0,1.0,14498.574,10741.935,14186.175,psid,0,0,1,2116.0,97336.0,64.0,210208648.03347602,115389167.54422499,115988.592
0.0,55.0,3.0,1.0,0.0,1.0,1.0,14547.556,13463.226,10344.086,psid,0,0,1,3025.0,166375.0,9.0,211631385.573136,181258454.32707602,43642.668000000005
0.0,41.0,10.0,1.0,0.0,0.0,1.0,14678.827,15253.548,11821.813,psid,0,0,1,1681.0,68921.0,100.0,215467962.09592897,232670726.588304,146788.27
0.0,25.0,11.0,1.0,0.0,1.0,1.0,14694.501,6624.1935,7107.8648,psid,0,0,1,625.0,15625.0,121.0,215928359.639001,43879939.52544226,161639.511
0.0,39.0,8.0,0.0,0.0,1.0,1.0,14694.501,12532.258,16254.992,psid,0,0,1,1521.0,59319.0,64.0,215928359.639001,157057490.578564,117556.008
0.0,19.0,8.0,0.0,0.0,1.0,1.0,14694.501,12532.258,18539.558,psid,0,0,1,361.0,6859.0,64.0,215928359.639001,157057490.578564,117556.008
0.0,23.0,11.0,1.0,0.0,1.0,1.0,14694.501,13427.419,17732.719,psid,0,0,1,529.0,12167.0,121.0,215928359.639001,180295581.001561,161639.511
0.0,49.0,10.0,0.0,0.0,1.0,1.0,14694.501,14322.581,8423.0415,psid,0,0,1,2401.0,117649.0,100.0,215928359.639001,205136326.50156102,146945.01
0.0,38.0,11.0,0.0,0.0,1.0,1.0,14694.501,14322.581,28076.805,psid,0,0,1,1444.0,54872.0,121.0,215928359.639001,205136326.50156102,161639.511
0.0,42.0,11.0,1.0,0.0,0.0,1.0,14694.501,15217.742,11821.813,psid,0,0,1,1764.0,74088.0,121.0,215928359.639001,231579671.57856402,161639.511
0.0,24.0,11.0,0.0,0.0,1.0,1.0,14694.501,15575.806,14777.266,psid,0,0,1,576.0,13824.0,121.0,215928359.639001,242605732.549636,161639.511
0.0,36.0,7.0,1.0,0.0,1.0,1.0,14694.501,15754.839,19210.445,psid,0,0,1,1296.0,46656.0,49.0,215928359.639001,248214951.915921,102861.507
0.0,39.0,6.0,1.0,0.0,1.0,1.0,14694.501,16470.968,28076.805,psid,0,0,1,1521.0,59319.0,36.0,215928359.639001,271292786.857024,88167.006
0.0,20.0,11.0,0.0,0.0,1.0,1.0,14694.501,17008.065,0.0,psid,0,0,0,400.0,8000.0,121.0,215928359.639001,289274275.044225,161639.511
0.0,31.0,10.0,0.0,0.0,1.0,1.0,14890.428,12532.258,16254.992,psid,0,0,1,961.0,29791.0,100.0,221724846.023184,157057490.578564,148904.28
0.0,29.0,9.0,0.0,0.0,1.0,1.0,14890.428,19693.548,25860.215,psid,0,0,1,841.0,24389.0,81.0,221724846.023184,387835832.82830393,134013.852
0.0,53.0,9.0,1.0,0.0,1.0,1.0,14945.287,13697.758,14186.175,psid,0,0,1,2809.0,148877.0,81.0,223361603.512369,187628574.226564,134507.583
0.0,45.0,4.0,0.0,0.0,1.0,1.0,15004.065,13586.758,17686.909,psid,0,0,1,2025.0,91125.0,16.0,225121966.52422503,184599992.950564,60016.26
0.0,28.0,9.0,0.0,0.0,0.0,1.0,15086.354,13248.387,19210.445,psid,0,0,1,784.0,21952.0,81.0,227598077.01331598,175519758.10176903,135777.186
0.0,53.0,8.0,1.0,0.0,1.0,1.0,15086.354,15649.21,12921.241,psid,0,0,1,2809.0,148877.0,64.0,227598077.01331598,244897773.62409997,120690.832
0.0,43.0,3.0,0.0,0.0,1.0,1.0,15086.354,15933.871,14038.402,psid,0,0,1,1849.0,79507.0,9.0,227598077.01331598,253888245.044641,45259.062
0.0,50.0,7.0,0.0,0.0,1.0,1.0,15160.807,15933.871,17732.719,psid,0,0,1,2500.0,125000.0,49.0,229850068.89124903,253888245.044641,106125.649
0.0,50.0,7.0,0.0,0.0,1.0,1.0,15160.807,15933.871,17732.719,psid,0,0,1,2500.0,125000.0,49.0,229850068.89124903,253888245.044641,106125.649
0.0,31.0,8.0,1.0,0.0,1.0,1.0,15176.481,10851.145,19604.998,psid,0,0,1,961.0,29791.0,64.0,230325575.54336098,117747347.81102501,121411.848
0.0,34.0,11.0,0.0,0.0,1.0,1.0,15184.318,0.0,19210.445,psid,0,1,1,1156.0,39304.0,121.0,230563513.12512398,0.0,167027.498
0.0,46.0,8.0,0.0,0.0,0.0,1.0,15282.281,13158.871,10048.541,psid,0,0,1,2116.0,97336.0,64.0,233548112.562961,173155885.99464098,122258.248
0.0,20.0,9.0,0.0,0.0,1.0,1.0,15282.281,15933.871,20614.286,psid,0,0,1,400.0,8000.0,81.0,233548112.562961,253888245.044641,137540.529
0.0,30.0,9.0,0.0,0.0,1.0,1.0,15478.208,7877.4194,8866.3594,psid,0,0,1,900.0,27000.0,81.0,239574922.89126402,62053736.403496355,139303.872
0.0,34.0,6.0,0.0,1.0,1.0,1.0,15478.208,16112.903,16254.992,psid,0,0,1,1156.0,39304.0,36.0,239574922.89126402,259625643.08740902,92869.248
0.0,27.0,9.0,0.0,0.0,1.0,1.0,15478.208,16470.968,15516.129,psid,0,0,1,729.0,19683.0,81.0,239574922.89126402,271292786.857024,139303.872
0.0,19.0,11.0,1.0,0.0,0.0,1.0,15587.927,10741.935,0.0,psid,0,0,0,361.0,6859.0,121.0,242983468.157329,115389167.54422499,171467.197
0.0,49.0,8.0,0.0,1.0,0.0,1.0,15674.134,1074.1935,0.0,psid,0,0,0,2401.0,117649.0,64.0,245678476.649956,1153891.6754422502,125393.072
0.0,31.0,11.0,1.0,0.0,0.0,1.0,15674.134,4316.4677,7093.0876,psid,0,0,1,961.0,29791.0,121.0,245678476.649956,18631893.40514329,172415.474
0.0,25.0,11.0,1.0,0.0,0.0,1.0,15674.134,6982.2581,13890.63,psid,0,0,1,625.0,15625.0,121.0,245678476.649956,48751928.17501561,172415.474
0.0,23.0,11.0,1.0,0.0,1.0,1.0,15674.134,8414.5161,8866.3594,psid,0,0,1,529.0,12167.0,121.0,245678476.649956,70804081.19715922,172415.474
0.0,18.0,10.0,0.0,1.0,1.0,1.0,15674.134,10741.935,20688.172,psid,0,0,1,324.0,5832.0,100.0,245678476.649956,115389167.54422499,156741.34
0.0,34.0,10.0,1.0,0.0,0.0,1.0,15674.134,12532.258,25121.352,psid,0,0,1,1156.0,39304.0,100.0,245678476.649956,157057490.578564,156741.34
0.0,46.0,4.0,0.0,0.0,1.0,1.0,15674.134,14322.581,8866.3594,psid,0,0,1,2116.0,97336.0,16.0,245678476.649956,205136326.50156102,62696.536
0.0,46.0,7.0,0.0,0.0,1.0,1.0,15674.134,14680.645,9605.2227,psid,0,0,1,2116.0,97336.0,49.0,245678476.649956,215521337.616025,109718.938
0.0,53.0,6.0,0.0,0.0,1.0,1.0,15674.134,15217.742,14777.266,psid,0,0,1,2809.0,148877.0,36.0,245678476.649956,231579671.57856402,94044.804
0.0,54.0,7.0,0.0,0.0,1.0,1.0,15674.134,16112.903,18841.014,psid,0,0,1,2916.0,157464.0,49.0,245678476.649956,259625643.08740902,109718.938
0.0,37.0,9.0,1.0,0.0,1.0,1.0,15674.134,16112.903,19210.445,psid,0,0,1,1369.0,50653.0,81.0,245678476.649956,259625643.08740902,141067.206
0.0,24.0,9.0,0.0,0.0,1.0,1.0,15674.134,16112.903,36943.164,psid,0,0,1,576.0,13824.0,81.0,245678476.649956,259625643.08740902,141067.206
0.0,53.0,6.0,1.0,0.0,1.0,1.0,15674.134,16112.903,9974.6544,psid,0,0,1,2809.0,148877.0,36.0,245678476.649956,259625643.08740902,94044.804
0.0,21.0,10.0,0.0,0.0,1.0,1.0,15674.134,16112.903,20141.413,psid,0,0,1,441.0,9261.0,100.0,245678476.649956,259625643.08740902,156741.34
0.0,35.0,10.0,1.0,0.0,1.0,1.0,15674.134,16470.968,23643.625,psid,0,0,1,1225.0,42875.0,100.0,245678476.649956,271292786.857024,156741.34
0.0,54.0,2.0,1.0,0.0,1.0,1.0,15674.134,16990.161,18096.24,psid,0,0,1,2916.0,157464.0,4.0,245678476.649956,288665570.805921,31348.268
0.0,43.0,10.0,0.0,0.0,1.0,1.0,15674.134,17903.226,19709.917,psid,0,0,1,1849.0,79507.0,100.0,245678476.649956,320525501.20707595,156741.34
0.0,46.0,8.0,0.0,0.0,1.0,1.0,15674.134,17903.226,17732.719,psid,0,0,1,2116.0,97336.0,64.0,245678476.649956,320525501.20707595,125393.072
0.0,35.0,11.0,1.0,0.0,1.0,1.0,15674.134,17903.226,0.0,psid,0,0,0,1225.0,42875.0,121.0,245678476.649956,320525501.20707595,172415.474
0.0,50.0,8.0,0.0,0.0,1.0,1.0,15674.134,18109.113,17437.174,psid,0,0,1,2500.0,125000.0,64.0,245678476.649956,327939973.64676905,125393.072
0.0,47.0,10.0,0.0,0.0,1.0,1.0,15674.134,19693.548,22165.899,psid,0,0,1,2209.0,103823.0,100.0,245678476.649956,387835832.82830393,156741.34
0.0,47.0,10.0,0.0,0.0,1.0,1.0,15674.134,19693.548,22165.899,psid,0,0,1,2209.0,103823.0,100.0,245678476.649956,387835832.82830393,156741.34
0.0,21.0,9.0,0.0,0.0,1.0,1.0,15674.134,19693.548,1773.2719,psid,0,0,1,441.0,9261.0,81.0,245678476.649956,387835832.82830393,141067.206
0.0,18.0,10.0,0.0,0.0,1.0,1.0,15674.134,21483.871,24973.579,psid,0,0,1,324.0,5832.0,100.0,245678476.649956,461556713.144641,156741.34
0.0,37.0,8.0,0.0,0.0,1.0,1.0,15674.134,26317.742,36943.164,psid,0,0,1,1369.0,50653.0,64.0,245678476.649956,692623543.9785639,125393.072
0.0,41.0,7.0,1.0,0.0,1.0,1.0,15674.134,32225.806,11082.949,psid,0,0,1,1681.0,68921.0,49.0,245678476.649956,1038502572.3496361,109718.938
0.0,31.0,11.0,0.0,0.0,1.0,1.0,15870.061,15602.661,17732.719,psid,0,0,1,961.0,29791.0,121.0,251858836.14372098,243443030.280921,174570.671
0.0,35.0,10.0,0.0,0.0,1.0,1.0,15921.002,16148.71,16606.691,psid,0,0,1,1225.0,42875.0,100.0,253478304.684004,260780834.66409996,159210.02000000002
0.0,51.0,8.0,1.0,0.0,1.0,1.0,15987.617,5800.6452,0.0,psid,0,0,0,2601.0,132651.0,64.0,255603897.338689,33647484.73628304,127900.936
0.0,30.0,7.0,1.0,0.0,1.0,1.0,15995.454,15387.823,13151.767,psid,0,0,1,900.0,27000.0,49.0,255854548.666116,236785096.679329,111968.178
0.0,30.0,11.0,0.0,0.0,1.0,1.0,16065.988,17989.161,23052.535,psid,0,0,1,900.0,27000.0,121.0,258115970.41614398,323609913.483921,176725.868
0.0,30.0,11.0,0.0,0.0,1.0,1.0,16065.988,17989.161,23052.535,psid,0,0,1,900.0,27000.0,121.0,258115970.41614398,323609913.483921,176725.868
0.0,53.0,4.0,1.0,0.0,1.0,1.0,16142.399,984.67742,0.0,psid,0,0,0,2809.0,148877.0,16.0,260577045.47520098,969589.6214578564,64569.596
0.0,24.0,10.0,0.0,0.0,1.0,1.0,16144.358,20767.742,22904.762,psid,0,0,1,576.0,13824.0,100.0,260640295.232164,431299107.7785639,161443.58000000002
0.0,48.0,8.0,1.0,0.0,1.0,1.0,16261.914,11637.097,5172.043,psid,0,0,1,2304.0,110592.0,64.0,264449846.94339603,135422026.587409,130095.312
0.0,48.0,8.0,1.0,0.0,1.0,1.0,16261.914,11637.097,5172.043,psid,0,0,1,2304.0,110592.0,64.0,264449846.94339603,135422026.587409,130095.312
0.0,47.0,6.0,1.0,0.0,1.0,1.0,16261.914,14412.097,14260.061,psid,0,0,1,2209.0,103823.0,36.0,264449846.94339603,207708539.93740898,97571.484
0.0,45.0,4.0,0.0,1.0,1.0,1.0,16261.914,28108.065,28076.805,psid,0,0,1,2025.0,91125.0,16.0,264449846.94339603,790063318.044225,65047.656
0.0,47.0,8.0,1.0,0.0,1.0,1.0,16301.1,17129.806,17732.719,psid,0,0,1,2209.0,103823.0,64.0,265725861.21,293430253.59763604,130408.8
0.0,47.0,8.0,1.0,0.0,1.0,1.0,16301.1,17129.806,17732.719,psid,0,0,1,2209.0,103823.0,64.0,265725861.21,293430253.59763604,130408.8
0.0,31.0,11.0,1.0,0.0,1.0,1.0,16453.923,19693.548,14777.266,psid,0,0,1,961.0,29791.0,121.0,270731582.089929,387835832.82830393,180993.153
0.0,46.0,8.0,0.0,0.0,1.0,1.0,16457.841,16112.903,16254.992,psid,0,0,1,2116.0,97336.0,64.0,270860530.381281,259625643.08740902,131662.728
0.0,22.0,11.0,0.0,0.0,0.0,1.0,16653.768,3759.6774,0.0,psid,0,0,0,484.0,10648.0,121.0,277347988.597824,14135174.15207076,183191.448
0.0,21.0,11.0,0.0,0.0,1.0,1.0,16653.768,13427.419,10344.086,psid,0,0,1,441.0,9261.0,121.0,277347988.597824,180295581.001561,183191.448
0.0,33.0,10.0,0.0,0.0,1.0,1.0,16653.768,16112.903,12560.676,psid,0,0,1,1089.0,35937.0,100.0,277347988.597824,259625643.08740902,166537.68
0.0,28.0,9.0,0.0,0.0,1.0,1.0,16653.768,17158.452,17957.333,psid,0,0,1,784.0,21952.0,81.0,277347988.597824,294412475.03630406,149883.912
0.0,20.0,10.0,0.0,0.0,1.0,1.0,16849.695,11995.161,17880.492,psid,0,0,1,400.0,8000.0,100.0,283912221.59302497,143883887.415921,168496.95
0.0,47.0,11.0,0.0,0.0,1.0,1.0,16928.065,15409.306,17732.719,psid,0,0,1,2209.0,103823.0,121.0,286559384.64422494,237446711.401636,186208.715
0.0,23.0,11.0,0.0,0.0,1.0,1.0,17045.621,11986.21,5910.9063,psid,0,0,1,529.0,12167.0,121.0,290553195.27564096,143669230.1641,187501.831
0.0,35.0,10.0,1.0,0.0,0.0,1.0,17045.621,14322.581,16846.083,psid,0,0,1,1225.0,42875.0,100.0,290553195.27564096,205136326.50156102,170456.21
0.0,25.0,7.0,1.0,0.0,0.0,1.0,17045.621,16137.968,11821.813,psid,0,0,1,625.0,15625.0,49.0,290553195.27564096,260434011.16902402,119319.347
0.0,23.0,11.0,1.0,0.0,1.0,1.0,17116.155,10741.935,8866.3594,psid,0,0,1,529.0,12167.0,121.0,292962761.98402494,115389167.54422499,188277.705
0.0,31.0,8.0,0.0,0.0,1.0,1.0,17241.548,15754.839,16210.661,psid,0,0,1,961.0,29791.0,64.0,297270977.436304,248214951.915921,137932.384
0.0,55.0,8.0,1.0,0.0,1.0,1.0,17241.548,17903.226,16254.992,psid,0,0,1,3025.0,166375.0,64.0,297270977.436304,320525501.20707595,137932.384
0.0,33.0,11.0,1.0,0.0,1.0,1.0,17370.859,15844.355,14753.622,psid,0,0,1,1089.0,35937.0,121.0,301746742.39788103,251043585.366025,191079.449
0.0,31.0,9.0,1.0,0.0,0.0,1.0,17437.475,13427.419,11326.774,psid,0,0,1,961.0,29791.0,81.0,304065534.37562495,180295581.001561,156937.275
0.0,34.0,7.0,0.0,0.0,0.0,1.0,17619.686,20481.29,19432.104,psid,0,0,1,1156.0,39304.0,49.0,310453334.7385961,419483240.0641,123337.80200000001
0.0,22.0,11.0,0.0,0.0,1.0,1.0,17633.401,0.0,13299.539,psid,0,1,1,484.0,10648.0,121.0,310936830.82680106,0.0,193967.41100000002
0.0,21.0,9.0,0.0,0.0,1.0,1.0,17633.401,3202.8871,3250.9985,psid,0,0,1,441.0,9261.0,81.0,310936830.82680106,10258485.77534641,158700.60900000003
0.0,42.0,8.0,1.0,0.0,0.0,1.0,17633.401,10562.903,0.0,psid,0,0,0,1764.0,74088.0,64.0,310936830.82680106,111574919.78740901,141067.208
0.0,46.0,10.0,0.0,1.0,1.0,1.0,17633.401,10741.935,5910.9063,psid,0,0,1,2116.0,97336.0,100.0,310936830.82680106,115389167.54422499,176334.01
0.0,23.0,9.0,1.0,0.0,1.0,1.0,17633.401,12532.258,14777.266,psid,0,0,1,529.0,12167.0,81.0,310936830.82680106,157057490.578564,158700.60900000003
0.0,33.0,8.0,0.0,0.0,1.0,1.0,17633.401,12890.323,22165.899,psid,0,0,1,1089.0,35937.0,64.0,310936830.82680106,166160427.04432902,141067.208
0.0,43.0,11.0,1.0,0.0,1.0,1.0,17633.401,14322.581,17732.719,psid,0,0,1,1849.0,79507.0,121.0,310936830.82680106,205136326.50156102,193967.41100000002
0.0,43.0,11.0,1.0,0.0,1.0,1.0,17633.401,14322.581,17732.719,psid,0,0,1,1849.0,79507.0,121.0,310936830.82680106,205136326.50156102,193967.41100000002
0.0,29.0,8.0,0.0,0.0,1.0,1.0,17633.401,16112.903,11821.813,psid,0,0,1,841.0,24389.0,64.0,310936830.82680106,259625643.08740902,141067.208
0.0,35.0,9.0,0.0,0.0,1.0,1.0,17633.401,16112.903,17732.719,psid,0,0,1,1225.0,42875.0,81.0,310936830.82680106,259625643.08740902,158700.60900000003
0.0,50.0,9.0,1.0,0.0,1.0,1.0,17633.401,16112.903,16254.992,psid,0,0,1,2500.0,125000.0,81.0,310936830.82680106,259625643.08740902,158700.60900000003
0.0,18.0,9.0,0.0,0.0,1.0,1.0,17633.401,16112.903,17584.946,psid,0,0,1,324.0,5832.0,81.0,310936830.82680106,259625643.08740902,158700.60900000003
0.0,44.0,11.0,0.0,0.0,1.0,1.0,17633.401,16470.968,14555.607,psid,0,0,1,1936.0,85184.0,121.0,310936830.82680106,271292786.857024,193967.41100000002
0.0,34.0,6.0,0.0,0.0,1.0,1.0,17633.401,17903.226,4876.4977,psid,0,0,1,1156.0,39304.0,36.0,310936830.82680106,320525501.20707595,105800.40600000002
0.0,26.0,8.0,0.0,0.0,1.0,1.0,17633.401,18440.323,886.63594,psid,0,0,1,676.0,17576.0,64.0,310936830.82680106,340045512.344329,141067.208
0.0,47.0,10.0,0.0,0.0,1.0,1.0,17633.401,19693.548,30884.485,psid,0,0,1,2209.0,103823.0,100.0,310936830.82680106,387835832.82830393,176334.01
0.0,25.0,11.0,1.0,0.0,1.0,1.0,17633.401,21483.871,26599.078,psid,0,0,1,625.0,15625.0,121.0,310936830.82680106,461556713.144641,193967.41100000002
0.0,44.0,8.0,1.0,0.0,1.0,1.0,17633.401,21483.871,19210.445,psid,0,0,1,1936.0,85184.0,64.0,310936830.82680106,461556713.144641,141067.208
0.0,36.0,10.0,1.0,0.0,0.0,1.0,17633.401,21483.871,17732.719,psid,0,0,1,1296.0,46656.0,100.0,310936830.82680106,461556713.144641,176334.01
0.0,40.0,2.0,1.0,0.0,1.0,1.0,17645.157,13427.419,8866.3594,psid,0,0,1,1600.0,64000.0,4.0,311351565.554649,180295581.001561,35290.314
0.0,46.0,11.0,0.0,0.0,1.0,1.0,17684.342,16112.903,19210.445,psid,0,0,1,2116.0,97336.0,121.0,312735951.97296405,259625643.08740902,194527.76200000002
0.0,44.0,5.0,1.0,0.0,1.0,1.0,17688.261,17903.226,19210.445,psid,0,0,1,1936.0,85184.0,25.0,312874577.20412093,320525501.20707595,88441.305
0.0,38.0,9.0,0.0,0.0,1.0,1.0,17829.328,7877.4194,20688.172,psid,0,0,1,1444.0,54872.0,81.0,317884936.93158406,62053736.403496355,160463.95200000002
0.0,54.0,11.0,0.0,0.0,1.0,1.0,17829.328,15754.839,18102.151,psid,0,0,1,2916.0,157464.0,121.0,317884936.93158406,248214951.915921,196122.608
0.0,32.0,8.0,0.0,0.0,1.0,1.0,17829.328,21483.871,20688.172,psid,0,0,1,1024.0,32768.0,64.0,317884936.93158406,461556713.144641,142634.624
0.0,23.0,10.0,0.0,0.0,1.0,1.0,17829.328,21483.871,23643.625,psid,0,0,1,529.0,12167.0,100.0,317884936.93158406,461556713.144641,178293.28000000003
0.0,46.0,11.0,1.0,0.0,1.0,1.0,17868.513,17903.226,13326.138,psid,0,0,1,2116.0,97336.0,121.0,319283756.83116895,320525501.20707595,196553.64299999998
0.0,44.0,11.0,1.0,0.0,1.0,1.0,17929.251,18588.919,19210.445,psid,0,0,1,1936.0,85184.0,121.0,321458041.421001,345547909.58856106,197221.761
0.0,41.0,10.0,1.0,0.0,1.0,1.0,18025.255,17366.129,21427.035,psid,0,0,1,1681.0,68921.0,100.0,324909817.81502503,301582436.44464105,180252.55000000002
0.0,44.0,8.0,0.0,0.0,1.0,1.0,18025.255,18798.387,28076.805,psid,0,0,1,1936.0,85184.0,64.0,324909817.81502503,353379353.80176896,144202.04
0.0,36.0,11.0,1.0,0.0,1.0,1.0,18025.255,21483.871,26599.078,psid,0,0,1,1296.0,46656.0,121.0,324909817.81502503,461556713.144641,198277.80500000002
0.0,23.0,8.0,0.0,0.0,1.0,1.0,18221.181,25073.468,12117.358,psid,0,0,1,529.0,12167.0,64.0,332011437.034761,628678797.547024,145769.448
0.0,20.0,9.0,0.0,0.0,1.0,1.0,18285.837,20767.742,23643.625,psid,0,0,1,400.0,8000.0,81.0,334371834.790569,431299107.7785639,164572.533
0.0,46.0,3.0,1.0,0.0,1.0,1.0,18319.145,14322.581,19949.309,psid,0,0,1,2116.0,97336.0,9.0,335591073.531025,205136326.50156102,54957.435
0.0,36.0,10.0,1.0,0.0,1.0,1.0,18417.108,16112.903,22165.899,psid,0,0,1,1296.0,46656.0,100.0,339189867.083664,259625643.08740902,184171.08000000002
0.0,40.0,10.0,0.0,0.0,1.0,1.0,18417.108,17903.226,20688.172,psid,0,0,1,1600.0,64000.0,100.0,339189867.083664,320525501.20707595,184171.08000000002
0.0,40.0,10.0,0.0,0.0,1.0,1.0,18417.108,17903.226,20688.172,psid,0,0,1,1600.0,64000.0,100.0,339189867.083664,320525501.20707595,184171.08000000002
0.0,27.0,8.0,1.0,0.0,1.0,1.0,18417.108,22916.129,31032.258,psid,0,0,1,729.0,19683.0,64.0,339189867.083664,525148968.34464103,147336.864
0.0,24.0,11.0,1.0,0.0,0.0,1.0,18613.035,20230.645,31032.258,psid,0,0,1,576.0,13824.0,121.0,346445071.911225,409278997.11602503,204743.385
0.0,34.0,11.0,1.0,0.0,1.0,1.0,18808.961,17903.226,14777.266,psid,0,0,1,1156.0,39304.0,121.0,353777013.899521,320525501.20707595,206898.571
0.0,47.0,10.0,0.0,0.0,1.0,1.0,19004.888,17903.226,21722.581,psid,0,0,1,2209.0,103823.0,100.0,361185767.892544,320525501.20707595,190048.88
0.0,47.0,10.0,0.0,0.0,1.0,1.0,19004.888,17903.226,21722.581,psid,0,0,1,2209.0,103823.0,100.0,361185767.892544,320525501.20707595,190048.88
0.0,49.0,4.0,0.0,0.0,1.0,1.0,19200.815,7161.2903,2955.4531,psid,0,0,1,2401.0,117649.0,16.0,368671296.6642249,51284078.760874085,76803.26
0.0,35.0,9.0,0.0,0.0,1.0,1.0,19200.815,17706.29,8866.3594,psid,0,0,1,1225.0,42875.0,81.0,368671296.6642249,313512705.5641,172807.335
0.0,33.0,9.0,1.0,0.0,1.0,1.0,19396.741,16112.903,19210.445,psid,0,0,1,1089.0,35937.0,81.0,376233561.42108107,259625643.08740902,174570.66900000002
0.0,51.0,11.0,0.0,0.0,1.0,1.0,19592.668,6982.2581,26599.078,psid,0,0,1,2601.0,132651.0,121.0,383872639.35822403,48751928.17501561,215519.34800000003
0.0,33.0,10.0,0.0,0.0,1.0,1.0,19592.668,10741.935,26599.078,psid,0,0,1,1089.0,35937.0,100.0,383872639.35822403,115389167.54422499,195926.68000000002
0.0,20.0,7.0,1.0,0.0,1.0,1.0,19592.668,11637.097,14777.266,psid,0,0,1,400.0,8000.0,49.0,383872639.35822403,135422026.587409,137148.676
0.0,36.0,8.0,0.0,1.0,1.0,1.0,19592.668,11995.161,16993.856,psid,0,0,1,1296.0,46656.0,64.0,383872639.35822403,143883887.415921,156741.344
0.0,36.0,8.0,0.0,1.0,1.0,1.0,19592.668,11995.161,16993.856,psid,0,0,1,1296.0,46656.0,64.0,383872639.35822403,143883887.415921,156741.344
0.0,28.0,11.0,1.0,0.0,1.0,1.0,19592.668,12890.323,7130.0307,psid,0,0,1,784.0,21952.0,121.0,383872639.35822403,166160427.04432902,215519.34800000003
0.0,44.0,6.0,1.0,0.0,1.0,1.0,19592.668,14322.581,5615.361,psid,0,0,1,1936.0,85184.0,36.0,383872639.35822403,205136326.50156102,117556.008
0.0,22.0,10.0,0.0,0.0,1.0,1.0,19592.668,15217.742,0.0,psid,0,0,0,484.0,10648.0,100.0,383872639.35822403,231579671.57856402,195926.68000000002
0.0,50.0,10.0,0.0,0.0,1.0,1.0,19592.668,15933.871,29554.531,psid,0,0,1,2500.0,125000.0,100.0,383872639.35822403,253888245.044641,195926.68000000002
0.0,52.0,9.0,0.0,0.0,1.0,1.0,19592.668,16112.903,24045.567,psid,0,0,1,2704.0,140608.0,81.0,383872639.35822403,259625643.08740902,176334.01200000002
0.0,25.0,5.0,1.0,0.0,1.0,1.0,19592.668,16650.0,28076.805,psid,0,0,1,625.0,15625.0,25.0,383872639.35822403,277222500.0,97963.34000000001
0.0,52.0,8.0,0.0,0.0,1.0,1.0,19592.668,17903.226,17289.401,psid,0,0,1,2704.0,140608.0,64.0,383872639.35822403,320525501.20707595,156741.344
0.0,38.0,8.0,0.0,0.0,1.0,1.0,19592.668,17903.226,30207.687,psid,0,0,1,1444.0,54872.0,64.0,383872639.35822403,320525501.20707595,156741.344
0.0,53.0,7.0,0.0,0.0,1.0,1.0,19592.668,19693.548,22165.899,psid,0,0,1,2809.0,148877.0,49.0,383872639.35822403,387835832.82830393,137148.676
0.0,38.0,8.0,0.0,0.0,1.0,1.0,19592.668,19693.548,23643.625,psid,0,0,1,1444.0,54872.0,64.0,383872639.35822403,387835832.82830393,156741.344
0.0,38.0,8.0,0.0,0.0,1.0,1.0,19592.668,19693.548,23643.625,psid,0,0,1,1444.0,54872.0,64.0,383872639.35822403,387835832.82830393,156741.344
0.0,22.0,11.0,0.0,0.0,1.0,1.0,19592.668,20588.71,27929.032,psid,0,0,1,484.0,10648.0,121.0,383872639.35822403,423894979.46409994,215519.34800000003
0.0,41.0,9.0,0.0,0.0,1.0,1.0,19592.668,21483.871,20303.963,psid,0,0,1,1681.0,68921.0,81.0,383872639.35822403,461556713.144641,176334.01200000002
0.0,30.0,11.0,1.0,0.0,1.0,1.0,19592.668,24547.113,22165.899,psid,0,0,1,900.0,27000.0,121.0,383872639.35822403,602560756.6347691,215519.34800000003
0.0,24.0,10.0,0.0,0.0,1.0,1.0,19592.668,25064.516,29554.531,psid,0,0,1,576.0,13824.0,100.0,383872639.35822403,628229962.314256,195926.68000000002
0.0,43.0,6.0,1.0,0.0,1.0,1.0,19912.029,16112.903,20688.172,psid,0,0,1,1849.0,79507.0,36.0,396488898.89684093,259625643.08740902,119472.174
0.0,55.0,6.0,1.0,0.0,1.0,1.0,19962.969,26854.839,14777.266,psid,0,0,1,3025.0,166375.0,36.0,398520131.29496104,721182377.715921,119777.81400000001
0.0,27.0,7.0,0.0,0.0,1.0,1.0,19984.521,20409.677,31032.258,psid,0,0,1,729.0,19683.0,49.0,399381079.59944105,416554915.244329,139891.647
0.0,23.0,10.0,0.0,0.0,1.0,1.0,19984.521,21483.871,17732.719,psid,0,0,1,529.0,12167.0,100.0,399381079.59944105,461556713.144641,199845.21000000002
0.0,53.0,10.0,0.0,0.0,1.0,1.0,19984.521,21483.871,4433.1797,psid,0,0,1,2809.0,148877.0,100.0,399381079.59944105,461556713.144641,199845.21000000002
0.0,48.0,8.0,0.0,0.0,1.0,1.0,19984.521,21483.871,19210.445,psid,0,0,1,2304.0,110592.0,64.0,399381079.59944105,461556713.144641,159876.168
0.0,53.0,10.0,1.0,0.0,1.0,1.0,20062.892,15502.403,13299.539,psid,0,0,1,2809.0,148877.0,100.0,402519635.403664,240324498.774409,200628.91999999998
0.0,50.0,7.0,0.0,0.0,1.0,1.0,20180.448,14322.581,0.0,psid,0,0,0,2500.0,125000.0,49.0,407250481.480704,205136326.50156102,141263.136
0.0,40.0,11.0,1.0,0.0,1.0,1.0,20278.411,16112.903,19210.445,psid,0,0,1,1600.0,64000.0,121.0,411213952.684921,259625643.08740902,223062.521
0.0,50.0,7.0,1.0,0.0,1.0,1.0,20384.212,17008.065,17732.719,psid,0,0,1,2500.0,125000.0,49.0,415516098.860944,289274275.044225,142689.484
0.0,38.0,9.0,1.0,0.0,1.0,1.0,20388.13,22407.677,16254.992,psid,0,0,1,1444.0,54872.0,81.0,415675844.89690006,502103988.536329,183493.17
0.0,52.0,5.0,0.0,0.0,1.0,1.0,20572.301,16112.903,19210.445,psid,0,0,1,2704.0,140608.0,25.0,423219568.43460095,259625643.08740902,102861.505
0.0,36.0,10.0,0.0,0.0,1.0,1.0,20572.301,17366.129,14481.72,psid,0,0,1,1296.0,46656.0,100.0,423219568.43460095,301582436.44464105,205723.01
0.0,40.0,11.0,0.0,0.0,1.0,1.0,20572.301,21483.871,27485.714,psid,0,0,1,1600.0,64000.0,121.0,423219568.43460095,461556713.144641,226295.311
0.0,38.0,11.0,0.0,0.0,1.0,1.0,20572.301,21483.871,19210.445,psid,0,0,1,1444.0,54872.0,121.0,423219568.43460095,461556713.144641,226295.311
0.0,41.0,8.0,0.0,0.0,1.0,1.0,20572.301,22379.032,19633.075,psid,0,0,1,1681.0,68921.0,64.0,423219568.43460095,500821073.257024,164578.408
0.0,43.0,11.0,0.0,0.0,1.0,1.0,20629.12,31330.645,26599.078,psid,0,0,1,1849.0,79507.0,121.0,425560591.9744,981609316.116025,226920.31999999998
0.0,46.0,10.0,0.0,0.0,1.0,1.0,20944.562,21338.855,21131.49,psid,0,0,1,2116.0,97336.0,100.0,438674677.37184405,455346732.711025,209445.62000000002
0.0,53.0,8.0,0.0,0.0,1.0,1.0,20964.155,22033.5,23195.874,psid,0,0,1,2809.0,148877.0,64.0,439495794.86402494,485475122.25,167713.24
0.0,25.0,10.0,0.0,0.0,1.0,1.0,20964.155,23632.258,23495.853,psid,0,0,1,625.0,15625.0,100.0,439495794.86402494,558483618.1785641,209641.55
0.0,44.0,10.0,1.0,0.0,1.0,1.0,20993.544,19190.468,25068.154,psid,0,0,1,1936.0,85184.0,100.0,440728889.67993605,368274062.05902404,209935.44
0.0,44.0,10.0,1.0,0.0,1.0,1.0,20993.544,19190.468,25068.154,psid,0,0,1,1936.0,85184.0,100.0,440728889.67993605,368274062.05902404,209935.44
0.0,37.0,8.0,0.0,0.0,1.0,1.0,21481.401,14322.581,23643.625,psid,0,0,1,1369.0,50653.0,64.0,461450588.9228011,205136326.50156102,171851.208
0.0,34.0,10.0,1.0,0.0,1.0,1.0,21551.935,10083.097,18471.582,psid,0,0,1,1156.0,39304.0,100.0,464485902.2442251,101668845.111409,215519.35
0.0,46.0,11.0,0.0,0.0,1.0,1.0,21551.935,16112.903,13299.539,psid,0,0,1,2116.0,97336.0,121.0,464485902.2442251,259625643.08740902,237071.285
0.0,48.0,6.0,1.0,0.0,1.0,1.0,21551.935,16112.903,17732.719,psid,0,0,1,2304.0,110592.0,36.0,464485902.2442251,259625643.08740902,129311.61000000002
0.0,42.0,10.0,0.0,0.0,1.0,1.0,21551.935,18798.387,22165.899,psid,0,0,1,1764.0,74088.0,100.0,464485902.2442251,353379353.80176896,215519.35
0.0,55.0,10.0,0.0,0.0,1.0,1.0,21551.935,19693.548,14777.266,psid,0,0,1,3025.0,166375.0,100.0,464485902.2442251,387835832.82830393,215519.35
0.0,39.0,9.0,0.0,0.0,1.0,1.0,21551.935,19693.548,20688.172,psid,0,0,1,1521.0,59319.0,81.0,464485902.2442251,387835832.82830393,193967.415
0.0,41.0,10.0,1.0,0.0,1.0,1.0,21551.935,20767.742,25121.352,psid,0,0,1,1681.0,68921.0,100.0,464485902.2442251,431299107.7785639,215519.35
0.0,33.0,8.0,1.0,0.0,1.0,1.0,21551.935,22379.032,27485.714,psid,0,0,1,1089.0,35937.0,64.0,464485902.2442251,500821073.257024,172415.48
0.0,22.0,10.0,1.0,0.0,1.0,1.0,21551.935,25064.516,31032.258,psid,0,0,1,484.0,10648.0,100.0,464485902.2442251,628229962.314256,215519.35
0.0,25.0,8.0,0.0,0.0,1.0,1.0,21551.935,25959.677,25121.352,psid,0,0,1,625.0,15625.0,64.0,464485902.2442251,673904829.944329,172415.48
0.0,54.0,9.0,1.0,0.0,0.0,1.0,21551.935,30435.484,33987.711,psid,0,0,1,2916.0,157464.0,81.0,464485902.2442251,926318686.3142561,193967.415
0.0,49.0,8.0,0.0,0.0,0.0,1.0,21551.935,36316.694,44331.797,psid,0,0,1,2401.0,117649.0,64.0,464485902.2442251,1318902263.0896363,172415.48
0.0,35.0,10.0,0.0,0.0,1.0,1.0,21583.283,23847.097,22756.989,psid,0,0,1,1225.0,42875.0,100.0,465838105.05808896,568684035.327409,215832.83
0.0,43.0,9.0,0.0,0.0,1.0,1.0,21630.305,11565.484,11821.813,psid,0,0,1,1849.0,79507.0,81.0,467870094.39302504,133760420.15425602,194672.745
0.0,39.0,7.0,0.0,0.0,1.0,1.0,21712.595,24065.516,23643.625,psid,0,0,1,1521.0,59319.0,49.0,471436781.63402504,579149060.346256,151988.165
0.0,47.0,10.0,0.0,1.0,1.0,1.0,21943.788,18977.419,19210.445,psid,0,0,1,2209.0,103823.0,100.0,481529831.788944,360142431.9015611,219437.88
0.0,51.0,10.0,0.0,0.0,1.0,1.0,21943.788,23274.194,25860.215,psid,0,0,1,2601.0,132651.0,100.0,481529831.788944,541688106.349636,219437.88
0.0,51.0,10.0,0.0,0.0,1.0,1.0,21943.788,23274.194,25860.215,psid,0,0,1,2601.0,132651.0,100.0,481529831.788944,541688106.349636,219437.88
0.0,49.0,5.0,0.0,1.0,1.0,1.0,22041.752,23274.194,20392.627,psid,0,0,1,2401.0,117649.0,25.0,485838831.229504,541688106.349636,110208.76000000001
0.0,48.0,11.0,0.0,0.0,1.0,1.0,22178.9,19693.548,16254.992,psid,0,0,1,2304.0,110592.0,121.0,491903605.21000004,387835832.82830393,243967.90000000002
0.0,48.0,11.0,0.0,0.0,1.0,1.0,22178.9,19693.548,16254.992,psid,0,0,1,2304.0,110592.0,121.0,491903605.21000004,387835832.82830393,243967.90000000002
0.0,30.0,10.0,1.0,0.0,1.0,1.0,22335.642,0.0,121173.58,psid,0,1,1,900.0,27000.0,100.0,498880903.552164,0.0,223356.41999999998
0.0,31.0,9.0,0.0,0.0,1.0,1.0,22531.568,21483.871,0.0,psid,0,0,0,961.0,29791.0,81.0,507671556.538624,461556713.144641,202784.112
0.0,28.0,9.0,0.0,0.0,1.0,1.0,22727.495,20767.742,22904.762,psid,0,0,1,784.0,21952.0,81.0,516539028.97502494,431299107.7785639,204547.455
0.0,49.0,10.0,0.0,0.0,1.0,1.0,22727.495,23095.161,24086.943,psid,0,0,1,2401.0,117649.0,100.0,516539028.97502494,533386461.615921,227274.94999999998
0.0,48.0,10.0,0.0,0.0,1.0,1.0,22727.495,26854.839,27042.396,psid,0,0,1,2304.0,110592.0,100.0,516539028.97502494,721182377.715921,227274.94999999998
0.0,49.0,9.0,0.0,0.0,1.0,1.0,22727.495,30435.484,29554.531,psid,0,0,1,2401.0,117649.0,81.0,516539028.97502494,926318686.3142561,204547.455
0.0,49.0,4.0,1.0,0.0,1.0,1.0,22968.485,28645.161,22165.899,psid,0,0,1,2401.0,117649.0,16.0,527551303.195225,820545248.715921,91873.94
0.0,32.0,10.0,0.0,0.0,1.0,1.0,23025.303,21483.871,33987.711,psid,0,0,1,1024.0,32768.0,100.0,530164578.241809,461556713.144641,230253.03
0.0,30.0,11.0,0.0,0.0,1.0,1.0,23119.348,20051.613,22018.126,psid,0,0,1,900.0,27000.0,121.0,534504251.94510406,402067183.90176904,254312.828
0.0,47.0,10.0,0.0,0.0,1.0,1.0,23236.904,17903.226,35364.952,psid,0,0,1,2209.0,103823.0,100.0,539953707.5052159,320525501.20707595,232369.03999999998
0.0,31.0,10.0,0.0,0.0,1.0,1.0,23315.275,2467.0645,15220.584,psid,0,0,1,961.0,29791.0,100.0,543602048.3256251,6086407.247160249,233152.75
0.0,48.0,10.0,0.0,0.0,1.0,1.0,23511.202,2864.5161,0.0,psid,0,0,0,2304.0,110592.0,100.0,552776619.484804,8205452.487159209,235112.02000000002
0.0,28.0,11.0,0.0,0.0,1.0,1.0,23511.202,5370.9677,21796.467,psid,0,0,1,784.0,21952.0,121.0,552776619.484804,28847294.034443293,258623.222
0.0,33.0,10.0,1.0,0.0,1.0,1.0,23511.202,12532.258,18471.582,psid,0,0,1,1089.0,35937.0,100.0,552776619.484804,157057490.578564,235112.02000000002
0.0,52.0,8.0,1.0,0.0,0.0,1.0,23511.202,15217.742,7093.0876,psid,0,0,1,2704.0,140608.0,64.0,552776619.484804,231579671.57856402,188089.616
0.0,53.0,5.0,0.0,0.0,1.0,1.0,23511.202,17903.226,20215.3,psid,0,0,1,2809.0,148877.0,25.0,552776619.484804,320525501.20707595,117556.01000000001
0.0,42.0,6.0,0.0,0.0,1.0,1.0,23511.202,17903.226,23643.625,psid,0,0,1,1764.0,74088.0,36.0,552776619.484804,320525501.20707595,141067.212
0.0,42.0,6.0,0.0,0.0,1.0,1.0,23511.202,17903.226,23643.625,psid,0,0,1,1764.0,74088.0,36.0,552776619.484804,320525501.20707595,141067.212
0.0,42.0,6.0,0.0,0.0,1.0,1.0,23511.202,17903.226,23643.625,psid,0,0,1,1764.0,74088.0,36.0,552776619.484804,320525501.20707595,141067.212
0.0,42.0,8.0,0.0,0.0,1.0,1.0,23511.202,18798.387,26569.524,psid,0,0,1,1764.0,74088.0,64.0,552776619.484804,353379353.80176896,188089.616
0.0,30.0,9.0,0.0,0.0,1.0,1.0,23511.202,19441.113,26599.078,psid,0,0,1,900.0,27000.0,81.0,552776619.484804,377956874.67876905,211600.818
0.0,36.0,7.0,1.0,0.0,1.0,1.0,23511.202,21483.871,13299.539,psid,0,0,1,1296.0,46656.0,49.0,552776619.484804,461556713.144641,164578.41400000002
0.0,54.0,8.0,0.0,0.0,1.0,1.0,23511.202,21483.871,19210.445,psid,0,0,1,2916.0,157464.0,64.0,552776619.484804,461556713.144641,188089.616
0.0,42.0,9.0,0.0,0.0,1.0,1.0,23511.202,21841.935,26303.533,psid,0,0,1,1764.0,74088.0,81.0,552776619.484804,477070124.54422504,211600.818
0.0,51.0,8.0,1.0,0.0,1.0,1.0,23511.202,23274.194,23643.625,psid,0,0,1,2601.0,132651.0,64.0,552776619.484804,541688106.349636,188089.616
0.0,24.0,10.0,0.0,0.0,1.0,1.0,23511.202,25062.726,29678.661,psid,0,0,1,576.0,13824.0,100.0,552776619.484804,628140234.5510759,235112.02000000002
0.0,23.0,10.0,0.0,0.0,1.0,1.0,23511.202,25064.516,25121.352,psid,0,0,1,529.0,12167.0,100.0,552776619.484804,628229962.314256,235112.02000000002
0.0,50.0,8.0,0.0,0.0,1.0,1.0,23511.202,25243.548,26155.76,psid,0,0,1,2500.0,125000.0,64.0,552776619.484804,637236715.6283039,188089.616
0.0,51.0,11.0,0.0,0.0,1.0,1.0,23511.202,25780.645,27190.169,psid,0,0,1,2601.0,132651.0,121.0,552776619.484804,664641656.616025,258623.222
0.0,51.0,8.0,0.0,0.0,1.0,1.0,23511.202,26407.258,22165.899,psid,0,0,1,2601.0,132651.0,64.0,552776619.484804,697343275.078564,188089.616
0.0,51.0,8.0,0.0,0.0,1.0,1.0,23511.202,27019.548,27337.942,psid,0,0,1,2601.0,132651.0,64.0,552776619.484804,730055974.1243039,188089.616
0.0,30.0,10.0,0.0,0.0,1.0,1.0,23511.202,28645.161,28047.25,psid,0,0,1,900.0,27000.0,100.0,552776619.484804,820545248.715921,235112.02000000002
0.0,52.0,11.0,0.0,0.0,1.0,1.0,23568.02,0.0,0.0,psid,0,1,0,2704.0,140608.0,121.0,555451566.7204,0.0,259248.22
0.0,50.0,8.0,1.0,0.0,1.0,1.0,23707.128,28913.71,31032.258,psid,0,0,1,2500.0,125000.0,64.0,562027918.008384,836002625.9641,189657.024
0.0,29.0,10.0,0.0,0.0,1.0,1.0,23711.047,26854.839,13299.539,psid,0,0,1,841.0,24389.0,100.0,562213749.8362089,721182377.715921,237110.46999999997
0.0,48.0,9.0,0.0,0.0,1.0,1.0,23859.951,25064.516,26968.51,psid,0,0,1,2304.0,110592.0,81.0,569297261.722401,628229962.314256,214739.559
0.0,30.0,9.0,0.0,0.0,1.0,1.0,23903.055,23900.806,23791.398,psid,0,0,1,900.0,27000.0,81.0,571356038.333025,571248527.449636,215127.495
0.0,37.0,8.0,0.0,0.0,1.0,1.0,24098.982,22823.032,23145.631,psid,0,0,1,1369.0,50653.0,64.0,580760933.436324,520890789.67302394,192791.856
0.0,28.0,11.0,0.0,0.0,1.0,1.0,24098.982,24169.355,35465.438,psid,0,0,1,784.0,21952.0,121.0,580760933.436324,584157721.116025,265088.802
0.0,44.0,11.0,1.0,0.0,1.0,1.0,24294.908,35806.452,29554.531,psid,0,0,1,1936.0,85184.0,121.0,590242554.728464,1282102004.8283038,267243.988
0.0,44.0,11.0,1.0,0.0,1.0,1.0,24294.908,35806.452,29554.531,psid,0,0,1,1936.0,85184.0,121.0,590242554.728464,1282102004.8283038,267243.988
0.0,54.0,3.0,0.0,0.0,1.0,1.0,24530.02,19514.516,30549.041,psid,0,0,1,2916.0,157464.0,9.0,601721881.2004,380816334.714256,73590.06
0.0,52.0,9.0,0.0,0.0,1.0,1.0,24627.984,25064.516,19210.445,psid,0,0,1,2704.0,140608.0,81.0,606537595.904256,628229962.314256,221651.856
0.0,35.0,9.0,1.0,0.0,1.0,1.0,24686.762,16829.032,20392.627,psid,0,0,1,1225.0,42875.0,81.0,609436218.044644,283216318.057024,222180.85799999998
0.0,32.0,10.0,0.0,0.0,1.0,1.0,24686.762,27033.871,22904.762,psid,0,0,1,1024.0,32768.0,100.0,609436218.044644,730830181.244641,246867.62
0.0,47.0,7.0,0.0,0.0,1.0,1.0,24784.725,23811.29,25860.215,psid,0,0,1,2209.0,103823.0,49.0,614282593.325625,566977531.4641,173493.07499999998
0.0,30.0,11.0,0.0,0.0,1.0,1.0,24882.688,26854.839,33248.848,psid,0,0,1,900.0,27000.0,121.0,619148162.1053439,721182377.715921,273709.56799999997
0.0,49.0,6.0,0.0,0.0,1.0,1.0,25274.542,21841.935,29111.214,psid,0,0,1,2401.0,117649.0,36.0,638802473.309764,477070124.54422504,151647.252
0.0,48.0,8.0,0.0,0.0,1.0,1.0,25470.468,0.0,13299.539,psid,0,1,1,2304.0,110592.0,64.0,648744740.139024,0.0,203763.744
0.0,32.0,9.0,0.0,0.0,1.0,1.0,25470.468,1432.2581,24803.641,psid,0,0,1,1024.0,32768.0,81.0,648744740.139024,2051363.26501561,229234.212
0.0,44.0,6.0,0.0,0.0,1.0,1.0,25470.468,7619.6129,11821.813,psid,0,0,1,1936.0,85184.0,36.0,648744740.139024,58058500.74584641,152822.80800000002
0.0,48.0,8.0,0.0,1.0,1.0,1.0,25470.468,16112.903,23643.625,psid,0,0,1,2304.0,110592.0,64.0,648744740.139024,259625643.08740902,203763.744
0.0,52.0,7.0,1.0,0.0,0.0,1.0,25470.468,17903.226,25121.352,psid,0,0,1,2704.0,140608.0,49.0,648744740.139024,320525501.20707595,178293.276
0.0,49.0,11.0,0.0,0.0,1.0,1.0,25470.468,19693.548,481.73886,psid,0,0,1,2401.0,117649.0,121.0,648744740.139024,387835832.82830393,280175.148
0.0,38.0,9.0,0.0,0.0,1.0,1.0,25470.468,21483.871,47287.25,psid,0,0,1,1444.0,54872.0,81.0,648744740.139024,461556713.144641,229234.212
0.0,46.0,8.0,1.0,0.0,1.0,1.0,25470.468,21483.871,11390.316,psid,0,0,1,2116.0,97336.0,64.0,648744740.139024,461556713.144641,203763.744
0.0,40.0,8.0,0.0,0.0,1.0,1.0,25470.468,21483.871,16254.992,psid,0,0,1,1600.0,64000.0,64.0,648744740.139024,461556713.144641,203763.744
0.0,44.0,3.0,1.0,0.0,1.0,1.0,25470.468,21483.871,26599.078,psid,0,0,1,1936.0,85184.0,9.0,648744740.139024,461556713.144641,76411.40400000001
0.0,40.0,10.0,1.0,0.0,0.0,1.0,25470.468,23274.194,20688.172,psid,0,0,1,1600.0,64000.0,100.0,648744740.139024,541688106.349636,254704.68
0.0,26.0,8.0,1.0,0.0,1.0,1.0,25470.468,23274.194,23643.625,psid,0,0,1,676.0,17576.0,64.0,648744740.139024,541688106.349636,203763.744
0.0,49.0,11.0,0.0,0.0,1.0,1.0,25470.468,25064.516,25121.352,psid,0,0,1,2401.0,117649.0,121.0,648744740.139024,628229962.314256,280175.148
0.0,51.0,11.0,0.0,0.0,1.0,1.0,25470.468,25064.516,26599.078,psid,0,0,1,2601.0,132651.0,121.0,648744740.139024,628229962.314256,280175.148
0.0,44.0,8.0,0.0,0.0,1.0,1.0,25470.468,26854.839,25860.215,psid,0,0,1,1936.0,85184.0,64.0,648744740.139024,721182377.715921,203763.744
0.0,47.0,8.0,0.0,0.0,1.0,1.0,25707.54,25064.516,19062.673,psid,0,0,1,2209.0,103823.0,64.0,660877612.8516,628229962.314256,205660.32
0.0,49.0,8.0,0.0,0.0,1.0,1.0,25862.322,22916.129,16254.992,psid,0,0,1,2401.0,117649.0,64.0,668859699.231684,525148968.34464103,206898.576
0.0,40.0,8.0,0.0,0.0,1.0,1.0,25862.322,26138.71,26155.76,psid,0,0,1,1600.0,64000.0,64.0,668859699.231684,683232160.4641,206898.576
0.0,48.0,10.0,0.0,0.0,0.0,1.0,26058.248,26854.839,33043.444,psid,0,0,1,2304.0,110592.0,100.0,679032288.829504,721182377.715921,260582.47999999998
0.0,35.0,9.0,1.0,0.0,1.0,1.0,26134.66,24169.355,26599.078,psid,0,0,1,1225.0,42875.0,81.0,683020453.3156,584157721.116025,235211.94
0.0,44.0,6.0,0.0,1.0,1.0,1.0,26450.102,3580.6452,0.0,psid,0,0,0,1936.0,85184.0,36.0,699607895.810404,12821020.048283039,158700.612
0.0,42.0,11.0,0.0,0.0,1.0,1.0,26450.102,22379.032,23327.392,psid,0,0,1,1764.0,74088.0,121.0,699607895.810404,500821073.257024,290951.122
0.0,31.0,8.0,0.0,0.0,1.0,1.0,26450.102,32225.806,26953.733,psid,0,0,1,961.0,29791.0,64.0,699607895.810404,1038502572.3496361,211600.816
0.0,46.0,11.0,0.0,0.0,1.0,1.0,26841.955,29361.29,36943.164,psid,0,0,1,2116.0,97336.0,121.0,720490548.222025,862085350.4641,295261.505
0.0,51.0,10.0,1.0,0.0,1.0,1.0,27037.882,21483.871,26894.624,psid,0,0,1,2601.0,132651.0,100.0,731047063.0459241,461556713.144641,270378.82
0.0,50.0,8.0,0.0,0.0,0.0,1.0,27084.904,21125.806,26599.078,psid,0,0,1,2500.0,125000.0,64.0,733592024.6892159,446299679.14963603,216679.232
0.0,46.0,11.0,0.0,0.0,1.0,1.0,27429.735,9846.7742,16993.856,psid,0,0,1,2116.0,97336.0,121.0,752390362.170225,96958962.14578563,301727.085
0.0,51.0,10.0,1.0,0.0,1.0,1.0,27429.735,25064.516,24382.488,psid,0,0,1,2601.0,132651.0,100.0,752390362.170225,628229962.314256,274297.35
0.0,41.0,7.0,1.0,0.0,1.0,1.0,27429.735,26708.032,14777.266,psid,0,0,1,1681.0,68921.0,49.0,752390362.170225,713318973.3130239,192008.14500000002
0.0,39.0,8.0,1.0,0.0,1.0,1.0,27429.735,26854.839,28076.805,psid,0,0,1,1521.0,59319.0,64.0,752390362.170225,721182377.715921,219437.88
0.0,48.0,10.0,1.0,0.0,1.0,1.0,27429.735,30435.484,29554.531,psid,0,0,1,2304.0,110592.0,100.0,752390362.170225,926318686.3142561,274297.35
0.0,48.0,10.0,1.0,0.0,1.0,1.0,27429.735,30435.484,29554.531,psid,0,0,1,2304.0,110592.0,100.0,752390362.170225,926318686.3142561,274297.35
0.0,50.0,10.0,0.0,0.0,1.0,1.0,27429.735,32225.806,33987.711,psid,0,0,1,2500.0,125000.0,100.0,752390362.170225,1038502572.3496361,274297.35
0.0,49.0,6.0,1.0,0.0,1.0,1.0,27429.735,34016.129,32509.985,psid,0,0,1,2401.0,117649.0,36.0,752390362.170225,1157097032.1446412,164578.41
0.0,49.0,8.0,0.0,0.0,1.0,1.0,27482.635,25064.516,27337.942,psid,0,0,1,2401.0,117649.0,64.0,755295226.5432249,628229962.314256,219861.08
0.0,47.0,7.0,0.0,0.0,1.0,1.0,27821.589,27929.032,28925.02,psid,0,0,1,2209.0,103823.0,49.0,774040814.484921,780030828.457024,194751.123
0.0,42.0,9.0,0.0,0.0,1.0,1.0,28017.515,23453.226,26377.419,psid,0,0,1,1764.0,74088.0,81.0,784981146.7752249,550053809.807076,252157.635
0.0,42.0,9.0,0.0,0.0,1.0,1.0,28017.515,23453.226,26377.419,psid,0,0,1,1764.0,74088.0,81.0,784981146.7752249,550053809.807076,252157.635
0.0,45.0,10.0,0.0,0.0,1.0,1.0,28017.515,32225.806,36943.164,psid,0,0,1,2025.0,91125.0,100.0,784981146.7752249,1038502572.3496361,280175.15
0.0,55.0,10.0,0.0,0.0,1.0,1.0,28330.998,28602.194,28815.668,psid,0,0,1,3025.0,166375.0,100.0,802645447.6760039,818085501.613636,283309.98
0.0,40.0,11.0,0.0,0.0,1.0,1.0,28409.369,12532.258,13299.539,psid,0,0,1,1600.0,64000.0,121.0,807092246.978161,157057490.578564,312503.059
0.0,48.0,8.0,0.0,0.0,1.0,1.0,28409.369,26317.742,28076.805,psid,0,0,1,2304.0,110592.0,64.0,807092246.978161,692623543.9785639,227274.952
0.0,36.0,10.0,0.0,1.0,1.0,1.0,28409.369,28645.161,39159.754,psid,0,0,1,1296.0,46656.0,100.0,807092246.978161,820545248.715921,284093.69
0.0,46.0,9.0,1.0,0.0,1.0,1.0,28605.295,32225.806,41376.344,psid,0,0,1,2116.0,97336.0,81.0,818262902.0370249,1038502572.3496361,257447.65499999997
0.0,46.0,10.0,0.0,0.0,1.0,1.0,28765.955,19514.516,25676.977,psid,0,0,1,2116.0,97336.0,100.0,827480167.0620251,380816334.714256,287659.55000000005
0.0,45.0,9.0,1.0,0.0,1.0,1.0,28863.919,26854.839,36943.164,psid,0,0,1,2025.0,91125.0,81.0,833125820.0385611,721182377.715921,259775.271
0.0,49.0,7.0,0.0,0.0,1.0,1.0,29247.935,20767.742,21341.327,psid,0,0,1,2401.0,117649.0,49.0,855441701.7642251,431299107.7785639,204735.545
0.0,37.0,10.0,0.0,0.0,1.0,1.0,29369.409,27750.0,39898.618,psid,0,0,1,1369.0,50653.0,100.0,862562185.0092809,770062500.0,293694.08999999997
0.0,48.0,9.0,0.0,0.0,1.0,1.0,29389.002,19693.548,23052.535,psid,0,0,1,2304.0,110592.0,81.0,863713438.556004,387835832.82830393,264501.018
0.0,37.0,11.0,1.0,0.0,1.0,1.0,29389.002,21483.871,13063.103,psid,0,0,1,1369.0,50653.0,121.0,863713438.556004,461556713.144641,323279.022
0.0,28.0,10.0,0.0,0.0,1.0,1.0,29389.002,23274.194,22904.762,psid,0,0,1,784.0,21952.0,100.0,863713438.556004,541688106.349636,293890.02
0.0,36.0,11.0,1.0,0.0,0.0,1.0,29389.002,25982.952,45809.524,psid,0,0,1,1296.0,46656.0,121.0,863713438.556004,675113794.634304,323279.022
0.0,40.0,11.0,0.0,0.0,1.0,1.0,29389.002,26407.258,31032.258,psid,0,0,1,1600.0,64000.0,121.0,863713438.556004,697343275.078564,323279.022
0.0,44.0,10.0,0.0,0.0,1.0,1.0,29389.002,26854.839,23643.625,psid,0,0,1,1936.0,85184.0,100.0,863713438.556004,721182377.715921,293890.02
0.0,47.0,10.0,1.0,0.0,1.0,1.0,29389.002,26854.839,0.0,psid,0,0,0,2209.0,103823.0,100.0,863713438.556004,721182377.715921,293890.02
0.0,47.0,10.0,1.0,0.0,1.0,1.0,29389.002,26854.839,0.0,psid,0,0,0,2209.0,103823.0,100.0,863713438.556004,721182377.715921,293890.02
0.0,30.0,11.0,0.0,1.0,1.0,1.0,29389.002,26854.839,36943.164,psid,0,0,1,900.0,27000.0,121.0,863713438.556004,721182377.715921,323279.022
0.0,33.0,10.0,0.0,0.0,1.0,1.0,29389.002,28645.161,36499.846,psid,0,0,1,1089.0,35937.0,100.0,863713438.556004,820545248.715921,293890.02
0.0,48.0,9.0,0.0,0.0,1.0,1.0,29389.002,32225.806,31032.258,psid,0,0,1,2304.0,110592.0,81.0,863713438.556004,1038502572.3496361,264501.018
0.0,19.0,11.0,1.0,0.0,0.0,1.0,29725.996,8806.5968,9457.4501,psid,0,0,1,361.0,6859.0,121.0,883634838.192016,77556147.19777022,326985.956
0.0,38.0,9.0,0.0,0.0,1.0,1.0,29976.782,25064.516,47287.25,psid,0,0,1,1444.0,54872.0,81.0,898607459.075524,628229962.314256,269791.038
0.0,42.0,9.0,0.0,0.0,0.0,1.0,30368.635,19693.548,35465.438,psid,0,0,1,1764.0,74088.0,81.0,922253991.763225,387835832.82830393,273317.71499999997
0.0,32.0,10.0,1.0,0.0,1.0,1.0,30930.945,35806.452,38125.346,psid,0,0,1,1024.0,32768.0,100.0,956723358.593025,1282102004.8283038,309309.45
0.0,55.0,11.0,0.0,0.0,1.0,1.0,31048.501,31053.145,28076.805,psid,0,0,1,3025.0,166375.0,121.0,964009414.347001,964297814.3910251,341533.511
0.0,37.0,11.0,0.0,0.0,1.0,1.0,31250.305,26854.839,36943.164,psid,0,0,1,1369.0,50653.0,121.0,976581562.593025,721182377.715921,343753.355
0.0,21.0,10.0,0.0,0.0,1.0,1.0,31348.269,10741.935,44331.797,psid,0,0,1,441.0,9261.0,100.0,982713969.296361,115389167.54422499,313482.69
0.0,51.0,11.0,1.0,0.0,1.0,1.0,31348.269,21483.871,26007.988,psid,0,0,1,2601.0,132651.0,121.0,982713969.296361,461556713.144641,344830.95900000003
0.0,42.0,6.0,1.0,0.0,1.0,1.0,31348.269,28645.161,20688.172,psid,0,0,1,1764.0,74088.0,36.0,982713969.296361,820545248.715921,188089.614
0.0,42.0,5.0,1.0,0.0,1.0,1.0,31348.269,32225.806,23643.625,psid,0,0,1,1764.0,74088.0,25.0,982713969.296361,1038502572.3496361,156741.345
0.0,52.0,11.0,0.0,0.0,1.0,1.0,31348.269,33120.968,28076.805,psid,0,0,1,2704.0,140608.0,121.0,982713969.296361,1096998521.257024,344830.95900000003
0.0,45.0,5.0,0.0,0.0,1.0,1.0,31348.269,37596.774,31477.054,psid,0,0,1,2025.0,91125.0,25.0,982713969.296361,1413517415.2070758,156741.345
0.0,49.0,8.0,0.0,0.0,1.0,1.0,31348.269,37596.774,38420.891,psid,0,0,1,2401.0,117649.0,64.0,982713969.296361,1413517415.2070758,250786.152
0.0,48.0,8.0,0.0,0.0,1.0,1.0,31510.888,35795.71,28076.805,psid,0,0,1,2304.0,110592.0,64.0,992936062.5485439,1281332854.4041,252087.104
0.0,48.0,8.0,0.0,0.0,1.0,1.0,31510.888,35795.71,28076.805,psid,0,0,1,2304.0,110592.0,64.0,992936062.5485439,1281332854.4041,252087.104
0.0,55.0,7.0,1.0,0.0,1.0,1.0,32504.236,26854.839,31918.894,psid,0,0,1,3025.0,166375.0,49.0,1056525357.943696,721182377.715921,227529.652
0.0,55.0,7.0,1.0,0.0,1.0,1.0,32504.236,26854.839,31918.894,psid,0,0,1,3025.0,166375.0,49.0,1056525357.943696,721182377.715921,227529.652
0.0,47.0,11.0,0.0,0.0,1.0,1.0,32719.756,30435.484,36943.164,psid,0,0,1,2209.0,103823.0,121.0,1070582432.6995361,926318686.3142561,359917.316
0.0,51.0,8.0,0.0,0.0,1.0,1.0,33111.609,27750.0,32362.212,psid,0,0,1,2601.0,132651.0,64.0,1096378650.5688808,770062500.0,264892.872
0.0,54.0,11.0,0.0,0.0,1.0,1.0,33158.631,32225.806,36943.164,psid,0,0,1,2916.0,157464.0,121.0,1099494809.794161,1038502572.3496361,364744.941
0.0,42.0,9.0,0.0,0.0,1.0,1.0,33221.328,32225.806,33987.711,psid,0,0,1,1764.0,74088.0,81.0,1103656634.083584,1038502572.3496361,298991.952
0.0,42.0,9.0,0.0,0.0,1.0,1.0,33221.328,32225.806,33987.711,psid,0,0,1,1764.0,74088.0,81.0,1103656634.083584,1038502572.3496361,298991.952
0.0,51.0,8.0,1.0,0.0,1.0,1.0,33299.699,25064.516,25121.352,psid,0,0,1,2601.0,132651.0,64.0,1108869953.490601,628229962.314256,266397.592
0.0,55.0,2.0,1.0,0.0,1.0,1.0,33307.536,20946.774,28076.805,psid,0,0,1,3025.0,166375.0,4.0,1109391954.391296,438767341.007076,66615.072
0.0,32.0,10.0,0.0,0.0,1.0,1.0,33307.536,25064.516,29554.531,psid,0,0,1,1024.0,32768.0,100.0,1109391954.391296,628229962.314256,333075.36
0.0,38.0,8.0,0.0,0.0,1.0,1.0,33307.536,35448.387,33987.711,psid,0,0,1,1444.0,54872.0,64.0,1109391954.391296,1256588140.9017692,266460.288
0.0,42.0,11.0,0.0,0.0,1.0,1.0,33307.536,44758.065,54675.883,psid,0,0,1,1764.0,74088.0,121.0,1109391954.391296,2003284382.5442252,366382.896
0.0,49.0,8.0,0.0,0.0,1.0,1.0,33699.389,28645.161,2955.4531,psid,0,0,1,2401.0,117649.0,64.0,1135648818.9733212,820545248.715921,269595.112
0.0,35.0,7.0,0.0,0.0,1.0,1.0,34091.242,28287.097,25121.352,psid,0,0,1,1225.0,42875.0,49.0,1162212781.1025639,800159856.687409,238638.694
0.0,46.0,11.0,0.0,0.0,1.0,1.0,34287.169,30077.419,39898.618,psid,0,0,1,2116.0,97336.0,121.0,1175609958.0345612,904651133.7015611,377158.859
0.0,46.0,11.0,0.0,0.0,1.0,1.0,34287.169,30077.419,39898.618,psid,0,0,1,2116.0,97336.0,121.0,1175609958.0345612,904651133.7015611,377158.859
0.0,31.0,11.0,0.0,0.0,1.0,1.0,34483.096,35806.452,36943.164,psid,0,0,1,961.0,29791.0,121.0,1189083909.745216,1282102004.8283038,379314.056
0.0,52.0,10.0,0.0,0.0,1.0,1.0,35266.802,17187.097,39159.754,psid,0,0,1,2704.0,140608.0,100.0,1243747323.3072042,295396303.28740907,352668.02
0.0,51.0,8.0,1.0,0.0,1.0,1.0,35266.802,25064.516,1182.1813,psid,0,0,1,2601.0,132651.0,64.0,1243747323.3072042,628229962.314256,282134.416
0.0,51.0,9.0,0.0,0.0,0.0,1.0,35266.802,32225.806,39898.618,psid,0,0,1,2601.0,132651.0,81.0,1243747323.3072042,1038502572.3496361,317401.21800000005
0.0,52.0,8.0,1.0,0.0,1.0,1.0,35266.802,33120.968,44147.081,psid,0,0,1,2704.0,140608.0,64.0,1243747323.3072042,1096998521.257024,282134.416
0.0,49.0,6.0,0.0,0.0,1.0,1.0,35266.802,33120.968,26894.624,psid,0,0,1,2401.0,117649.0,36.0,1243747323.3072042,1096998521.257024,211600.81200000003
0.0,48.0,10.0,0.0,0.0,1.0,1.0,35266.802,34911.29,38568.664,psid,0,0,1,2304.0,110592.0,100.0,1243747323.3072042,1218798169.4641001,352668.02
0.0,31.0,10.0,0.0,0.0,1.0,1.0,35266.802,35806.452,44331.797,psid,0,0,1,961.0,29791.0,100.0,1243747323.3072042,1282102004.8283038,352668.02
0.0,42.0,11.0,0.0,0.0,1.0,1.0,35266.802,44758.065,38420.891,psid,0,0,1,1764.0,74088.0,121.0,1243747323.3072042,2003284382.5442252,387934.82200000004
0.0,50.0,11.0,0.0,0.0,1.0,1.0,36205.291,38563.548,31032.258,psid,0,0,1,2500.0,125000.0,121.0,1310823096.3946807,1487147234.3483043,398258.201
0.0,50.0,11.0,0.0,0.0,1.0,1.0,36205.291,38563.548,31032.258,psid,0,0,1,2500.0,125000.0,121.0,1310823096.3946807,1487147234.3483043,398258.201
0.0,37.0,10.0,0.0,0.0,1.0,1.0,36246.436,17545.161,17732.719,psid,0,0,1,1369.0,50653.0,100.0,1313804122.7020962,307832674.515921,362464.36
0.0,37.0,10.0,0.0,0.0,1.0,1.0,36246.436,17545.161,17732.719,psid,0,0,1,1369.0,50653.0,100.0,1313804122.7020962,307832674.515921,362464.36
0.0,55.0,11.0,0.0,0.0,1.0,1.0,36638.289,37417.742,32177.496,psid,0,0,1,3025.0,166375.0,121.0,1342364220.8475208,1400087416.378564,403021.17899999995
0.0,50.0,11.0,0.0,0.0,1.0,1.0,36677.475,46548.387,47287.25,psid,0,0,1,2500.0,125000.0,121.0,1345237172.375625,2166752332.3017693,403452.225
0.0,41.0,8.0,1.0,0.0,1.0,1.0,36691.189,32888.226,42262.98,psid,0,0,1,1681.0,68921.0,64.0,1346243350.2337208,1081635409.427076,293529.512
0.0,49.0,8.0,0.0,0.0,1.0,1.0,37226.069,14322.581,23643.625,psid,0,0,1,2401.0,117649.0,64.0,1385780213.1927612,205136326.50156102,297808.552
0.0,48.0,8.0,1.0,0.0,1.0,1.0,37226.069,26854.839,30569.73,psid,0,0,1,2304.0,110592.0,64.0,1385780213.1927612,721182377.715921,297808.552
0.0,48.0,8.0,1.0,0.0,1.0,1.0,37226.069,26854.839,30569.73,psid,0,0,1,2304.0,110592.0,64.0,1385780213.1927612,721182377.715921,297808.552
0.0,48.0,6.0,0.0,1.0,1.0,1.0,38670.049,42967.742,36943.164,psid,0,0,1,2304.0,110592.0,36.0,1495372689.662401,1846226852.578564,232020.294
0.0,48.0,6.0,0.0,1.0,1.0,1.0,38670.049,42967.742,36943.164,psid,0,0,1,2304.0,110592.0,36.0,1495372689.662401,1846226852.578564,232020.294
0.0,46.0,11.0,0.0,0.0,1.0,1.0,39185.336,39387.097,35465.438,psid,0,0,1,2116.0,97336.0,121.0,1535490557.4328961,1551343410.087409,431038.69600000005
0.0,29.0,10.0,0.0,0.0,1.0,1.0,41144.603,8951.6129,31032.258,psid,0,0,1,841.0,24389.0,100.0,1692878356.0276093,80131373.51144642,411446.03
0.0,55.0,8.0,0.0,0.0,1.0,1.0,43025.499,37972.742,51580.046,psid,0,0,1,3025.0,166375.0,64.0,1851193564.1990013,1441929134.9985638,344203.992
0.0,32.0,10.0,0.0,0.0,1.0,1.0,43103.87,39387.097,36943.164,psid,0,0,1,1024.0,32768.0,100.0,1857943608.9769003,1551343410.087409,431038.7
0.0,47.0,8.0,0.0,0.0,1.0,1.0,44667.365,33837.097,38568.664,psid,0,0,1,2209.0,103823.0,64.0,1995173496.0432248,1144949133.3874092,357338.92
0.0,32.0,8.0,0.0,0.0,1.0,1.0,47022.403,67137.097,59109.063,psid,0,0,1,1024.0,32768.0,64.0,2211106383.8944087,4507389793.587408,376179.224
0.0,47.0,10.0,0.0,0.0,1.0,1.0,48197.963,47968.113,55710.292,psid,0,0,1,2209.0,103823.0,100.0,2323043637.3493695,2300939864.780769,481979.63
0.0,54.0,0.0,0.0,1.0,1.0,1.0,49228.538,44220.968,20540.399,psid,0,0,1,2916.0,157464.0,0.0,2423448953.617444,1955494010.857024,0.0
0.0,40.0,8.0,0.0,0.0,1.0,1.0,50940.937,55500.0,53198.157,psid,0,0,1,1600.0,64000.0,64.0,2594979062.4379687,3080250000.0,407527.496
