treat,age,educ,black,hisp,married,nodegree,re74,re75,re78,prop_score
1,37.0,11.0,1,0,1,1,0.0,0.0,9930.046,0.37735704882238646
1,22.0,9.0,0,1,0,1,0.0,0.0,3595.894,0.8849316515491321
1,30.0,12.0,1,0,0,0,0.0,0.0,24909.45,0.7201263610570414
1,27.0,11.0,1,0,0,1,0.0,0.0,7506.146,0.8717415777195172
1,33.0,8.0,1,0,0,1,0.0,0.0,289.7899,0.7896882230325255
1,22.0,9.0,1,0,0,1,0.0,0.0,4056.494,0.9030693979028439
1,23.0,12.0,1,0,0,0,0.0,0.0,0.0,0.8172842611922747
1,32.0,11.0,1,0,0,1,0.0,0.0,8472.158,0.8207547746796513
1,22.0,16.0,1,0,0,0,0.0,0.0,2164.022,0.8502148064851055
1,33.0,12.0,0,0,1,0,0.0,0.0,12418.07,0.04231124777462379
1,19.0,9.0,1,0,0,1,0.0,0.0,8173.908,0.9219247088148416
1,21.0,13.0,1,0,0,0,0.0,0.0,17094.64,0.844992590807702
1,18.0,8.0,1,0,0,1,0.0,0.0,0.0,0.9246990895696704
1,27.0,10.0,1,0,1,1,0.0,0.0,18739.93,0.5620195131359396
1,17.0,7.0,1,0,0,1,0.0,0.0,3023.879,0.9273826489760875
1,19.0,10.0,1,0,0,1,0.0,0.0,3228.503,0.9247424455081762
1,27.0,13.0,1,0,0,0,0.0,0.0,14581.86,0.7723948114472731
1,23.0,10.0,1,0,0,1,0.0,0.0,7693.4,0.8995846343128813
1,40.0,12.0,1,0,0,0,0.0,0.0,10804.32,0.5387063535968637
1,26.0,12.0,1,0,0,0,0.0,0.0,10747.35,0.7792101712993817
1,23.0,11.0,1,0,0,1,0.0,0.0,0.0,0.9031239028370416
1,41.0,14.0,0,0,0,0,0.0,0.0,5149.501,0.11460531700275946
1,38.0,9.0,0,0,0,1,0.0,0.0,6408.95,0.22575848067212756
1,24.0,11.0,1,0,0,1,0.0,0.0,1991.4,0.8959890188244847
1,18.0,10.0,1,0,0,1,0.0,0.0,11163.17,0.9300588857349297
1,29.0,11.0,1,0,1,1,0.0,0.0,9642.999,0.5327482313544835
1,25.0,11.0,1,0,0,1,0.0,0.0,9897.049,0.8883935916034914
1,27.0,10.0,0,1,0,1,0.0,0.0,11142.87,0.8435413058463117
1,17.0,10.0,1,0,0,1,0.0,0.0,16218.04,0.9350261433962531
1,24.0,11.0,1,0,0,1,0.0,0.0,995.7002,0.8959890188244847
1,17.0,10.0,1,0,0,1,0.0,0.0,0.0,0.9350261433962531
1,48.0,4.0,1,0,0,1,0.0,0.0,6551.592,0.49472068001341934
1,25.0,11.0,1,0,1,1,0.0,0.0,1574.424,0.6099642129100727
1,20.0,12.0,1,0,0,0,0.0,0.0,0.0,0.8500561054365728
1,25.0,12.0,1,0,0,0,0.0,0.0,3191.753,0.7925006018568019
1,42.0,14.0,1,0,0,0,0.0,0.0,20505.93,0.5191814216466017
1,25.0,5.0,1,0,0,1,0.0,0.0,6181.88,0.8624253769133575
1,23.0,12.0,1,0,1,0,0.0,0.0,5911.551,0.46774006267714363
1,46.0,8.0,1,0,1,1,0.0,0.0,3094.156,0.20896656581090836
1,24.0,10.0,1,0,0,1,0.0,0.0,0.0,0.8922201927816946
1,21.0,12.0,1,0,0,0,0.0,0.0,1254.582,0.8397064975322769
1,19.0,9.0,0,0,0,1,0.0,0.0,13188.83,0.5667226518482358
1,17.0,8.0,1,0,0,1,0.0,0.0,8061.485,0.930018360818352
1,18.0,8.0,0,1,1,1,0.0,0.0,2787.96,0.6657180730655422
1,20.0,11.0,1,0,0,1,0.0,0.0,3972.54,0.9219695273597156
1,25.0,11.0,1,0,1,1,0.0,0.0,0.0,0.6099642129100727
1,17.0,8.0,1,0,0,1,0.0,0.0,0.0,0.930018360818352
1,17.0,9.0,1,0,0,1,0.0,0.0,0.0,0.932565363456217
1,25.0,5.0,1,0,0,1,0.0,0.0,12187.41,0.8624253769133575
1,23.0,12.0,1,0,0,0,0.0,0.0,4843.176,0.8172842611922747
1,28.0,8.0,1,0,0,1,0.0,0.0,0.0,0.8478740717146495
1,31.0,11.0,1,0,1,1,0.0,0.0,8087.487,0.4932979473464809
1,18.0,11.0,1,0,0,1,0.0,0.0,0.0,0.9326045203388786
1,25.0,12.0,1,0,0,0,0.0,0.0,2348.973,0.7925006018568019
1,30.0,11.0,1,0,1,1,0.0,0.0,590.7818,0.5130434029256392
1,17.0,10.0,1,0,0,1,0.0,0.0,0.0,0.9350261433962531
1,37.0,9.0,1,0,0,1,0.0,0.0,1067.506,0.7401743819589446
1,41.0,4.0,1,0,1,1,0.0,0.0,7284.986,0.25059794150837134
1,42.0,14.0,1,0,1,0,0.0,0.0,13167.52,0.17501243905724728
1,22.0,11.0,0,0,0,1,0.0,0.0,1048.432,0.5277525142623952
1,17.0,8.0,1,0,0,1,0.0,0.0,0.0,0.930018360818352
1,29.0,8.0,1,0,0,1,0.0,0.0,1923.938,0.8374026614703469
1,35.0,10.0,1,0,0,1,0.0,0.0,4666.236,0.7763766623081627
1,27.0,11.0,1,0,0,1,0.0,0.0,549.2984,0.8717415777195172
1,29.0,4.0,1,0,0,1,0.0,0.0,762.9146,0.814541165469459
1,28.0,9.0,1,0,0,1,0.0,0.0,10694.29,0.8529379901583283
1,27.0,11.0,1,0,0,1,0.0,0.0,0.0,0.8717415777195172
1,23.0,7.0,0,0,0,1,0.0,0.0,0.0,0.468265919735088
1,45.0,5.0,1,0,1,1,0.0,0.0,8546.715,0.2023618151834834
1,29.0,13.0,1,0,0,0,0.0,0.0,7479.656,0.7434337610426844
1,27.0,9.0,1,0,0,1,0.0,0.0,0.0,0.8625731027943567
1,46.0,13.0,1,0,0,0,0.0,0.0,647.2046,0.4306923957135295
1,18.0,6.0,1,0,0,1,0.0,0.0,0.0,0.9189643436040336
1,25.0,12.0,1,0,0,0,0.0,0.0,11965.81,0.7925006018568019
1,28.0,15.0,1,0,0,0,0.0,0.0,9598.541,0.7725042853567934
1,25.0,11.0,0,0,0,1,0.0,0.0,18783.35,0.4685760877165462
1,22.0,12.0,1,0,0,0,0.0,0.0,18678.08,0.8287864095935189
1,21.0,9.0,1,0,0,1,0.0,0.0,0.0,0.9097674992696191
1,40.0,11.0,1,0,0,1,0.0,0.0,23005.6,0.7087885042903105
1,22.0,11.0,1,0,0,1,0.0,0.0,6456.697,0.9098186139187395
1,25.0,12.0,1,0,0,0,0.0,0.0,0.0,0.7925006018568019
1,18.0,12.0,1,0,0,0,0.0,0.0,2321.107,0.8691008169686915
1,38.0,12.0,0,0,0,0,0.0,0.0,4941.849,0.1315672982666421
1,27.0,13.0,1,0,0,0,0.0,0.0,0.0,0.7723948114472731
1,27.0,8.0,1,0,0,1,0.0,0.0,0.0,0.8577856405279909
1,38.0,11.0,1,0,0,1,0.0,0.0,0.0,0.7402941425289882
1,23.0,8.0,0,1,0,1,0.0,0.0,3881.284,0.8722699404922125
1,26.0,11.0,1,0,0,1,0.0,0.0,17230.96,0.8803175953082412
1,21.0,12.0,0,0,0,0,0.0,0.0,8048.603,0.3671990038093105
1,25.0,8.0,1,0,0,1,0.0,0.0,0.0,0.8759918257641158
1,31.0,11.0,1,0,1,1,0.0,0.0,14509.93,0.4932979473464809
1,17.0,10.0,1,0,0,1,0.0,0.0,0.0,0.9350261433962531
1,25.0,11.0,1,0,0,1,0.0,0.0,0.0,0.8883935916034914
1,21.0,12.0,1,0,0,0,0.0,0.0,9983.784,0.8397064975322769
1,44.0,11.0,1,0,0,1,0.0,0.0,0.0,0.6395764554132962
1,25.0,12.0,0,0,0,0,0.0,0.0,5587.503,0.2972906431908881
1,18.0,9.0,1,0,0,1,0.0,0.0,4482.845,0.9274245810726645
1,42.0,12.0,1,0,0,0,0.0,0.0,2456.153,0.49928631818296826
1,25.0,10.0,1,0,0,1,0.0,0.0,0.0,0.8843850593682089
1,31.0,9.0,0,1,0,1,0.0,0.0,26817.6,0.790679596358275
1,24.0,10.0,1,0,0,1,0.0,0.0,0.0,0.8922201927816946
1,26.0,10.0,1,0,0,1,0.0,0.0,9265.788,0.8760594669904868
1,25.0,11.0,1,0,0,1,0.0,0.0,485.2298,0.8883935916034914
1,18.0,11.0,1,0,0,1,0.0,0.0,4814.627,0.9326045203388786
1,19.0,11.0,1,0,0,1,0.0,0.0,7458.105,0.927466490849803
1,43.0,9.0,1,0,0,1,0.0,0.0,0.0,0.6394328713723827
1,27.0,13.0,1,0,0,0,0.0,0.0,34099.28,0.7723948114472731
1,17.0,9.0,1,0,0,1,0.0,0.0,1953.268,0.932565363456217
1,30.0,11.0,1,0,0,1,0.0,0.0,0.0,0.8428330219269415
1,26.0,10.0,1,0,1,1,2027.999,0.0,0.0,0.526718125802802
1,20.0,9.0,1,0,0,1,6083.994,0.0,8881.665,0.8488546160822563
1,17.0,9.0,0,1,0,1,445.1704,74.34345,6210.67,0.9142707110662196
1,20.0,12.0,1,0,0,0,989.2678,165.2077,0.0,0.8297515060110918
1,18.0,11.0,1,0,0,1,858.2543,214.5636,929.8839,0.9225586750694715
1,27.0,12.0,1,0,1,0,3670.872,334.0493,0.0,0.2822680137117768
1,21.0,12.0,0,0,0,0,3670.872,334.0494,12558.02,0.2626401980956605
1,27.0,12.0,1,0,0,0,2143.413,357.9499,22163.25,0.7015166993268344
1,20.0,12.0,1,0,0,0,0.0,377.5686,1652.637,0.8370378982133113
1,19.0,10.0,1,0,0,1,0.0,385.2741,8124.715,0.9174273898104446
1,23.0,12.0,1,0,0,0,5506.308,501.0741,671.3318,0.6826543320158279
1,29.0,14.0,1,0,0,0,0.0,679.6734,17814.98,0.7162727655973169
1,18.0,10.0,1,0,0,1,0.0,798.9079,9737.154,0.9151943600611747
1,19.0,9.0,1,0,0,1,0.0,798.9079,17685.18,0.905507072431738
1,27.0,13.0,0,0,1,0,9381.566,853.7225,0.0,0.020776052639594953
1,18.0,11.0,0,0,0,1,3678.231,919.5579,4321.705,0.44651095032511784
1,27.0,9.0,1,0,1,1,0.0,934.4454,1773.423,0.4913274517758063
1,22.0,12.0,1,0,0,0,5605.852,936.1773,0.0,0.6726945997004139
1,23.0,10.0,1,0,1,1,0.0,936.4386,11233.26,0.5794644892112635
1,23.0,12.0,0,1,0,0,9385.74,1117.439,559.4432,0.49739475857095666
1,20.0,11.0,1,0,0,1,3637.498,1220.836,1085.44,0.8523594040339415
1,17.0,9.0,1,0,0,1,1716.509,1253.439,5445.2,0.8920423668409769
1,28.0,11.0,1,0,0,1,0.0,1284.079,60307.93,0.8178451657902613
1,26.0,11.0,1,0,1,1,0.0,1392.853,1460.36,0.5010250908379201
1,20.0,11.0,1,0,0,1,16318.62,1484.994,6943.342,0.574410270637359
1,24.0,11.0,1,0,1,1,824.3886,1666.113,4032.708,0.5001681951994681
1,31.0,9.0,1,0,0,1,0.0,1698.607,10363.27,0.7458997029451448
1,23.0,8.0,0,0,1,1,0.0,1713.15,4232.309,0.10318198862486427
1,18.0,10.0,1,0,0,1,2143.411,1784.274,11141.39,0.8684400597341769
1,29.0,12.0,1,0,0,0,10881.94,1817.284,0.0,0.34551119803881625
1,26.0,11.0,0,0,0,1,0.0,2226.266,13385.86,0.31286439925846216
1,24.0,9.0,1,0,0,1,9154.7,2288.675,4849.559,0.616859307402041
1,25.0,12.0,1,0,0,0,14426.79,2409.274,0.0,0.2963893476348606
1,24.0,10.0,1,0,0,1,4250.402,2421.947,1660.508,0.7343063370598759
1,46.0,8.0,1,0,0,1,3165.658,2594.723,0.0,0.32570449942412827
1,31.0,12.0,0,0,0,0,0.0,2611.218,2484.549,0.11745763484277824
1,19.0,11.0,1,0,0,1,2305.026,2615.276,4146.603,0.8338550118590692
1,19.0,8.0,1,0,0,1,0.0,2657.057,9970.681,0.8499839343917154
1,27.0,11.0,1,0,0,1,2206.94,2666.274,0.0,0.7268331211230994
1,26.0,11.0,1,0,1,1,0.0,2754.646,26372.28,0.41293453408981606
1,20.0,10.0,1,0,0,1,5005.731,2777.355,5615.189,0.7608257586311878
1,28.0,10.0,1,0,0,1,0.0,2836.506,3196.571,0.7419696383872567
1,24.0,12.0,1,0,0,0,13765.75,2842.764,6167.681,0.30434309261750636
1,19.0,8.0,1,0,0,1,2636.353,2937.264,7535.942,0.7979355439742609
1,23.0,12.0,1,0,0,0,6269.341,3039.96,8484.239,0.5047707885071965
1,42.0,9.0,1,0,1,1,0.0,3058.531,1294.409,0.14494398827018887
1,25.0,13.0,1,0,0,0,12362.93,3090.732,0.0,0.31484493071900593
1,18.0,9.0,1,0,0,1,0.0,3287.375,5010.342,0.8440301947145821
1,21.0,12.0,1,0,0,0,6473.683,3332.409,9371.037,0.5195717026143439
1,27.0,10.0,1,0,0,1,1001.146,3550.075,0.0,0.6983439136228266
1,21.0,8.0,1,0,0,1,989.2678,3695.897,4279.613,0.7679833838994439
1,22.0,9.0,1,0,0,1,2192.877,3836.986,3462.564,0.7289901103270482
1,31.0,4.0,1,0,0,1,8517.589,4023.211,7382.549,0.3408294599620417
1,24.0,10.0,1,0,1,1,11703.2,4078.152,0.0,0.13503372816970652
1,29.0,10.0,1,0,0,1,0.0,4398.95,0.0,0.6384958547080787
1,29.0,12.0,1,0,0,0,9748.387,4878.937,10976.51,0.21159350546220534
1,19.0,10.0,0,0,0,1,0.0,5324.109,13829.62,0.2528776597154756
1,19.0,11.0,0,1,1,1,5424.485,5463.803,6788.463,0.21568716326676196
1,31.0,9.0,1,0,0,1,10717.03,5517.841,9558.501,0.2513694421755177
1,22.0,10.0,1,0,1,1,1468.348,5588.664,13228.28,0.27354206925753005
1,21.0,9.0,1,0,0,1,6416.47,5749.331,743.6666,0.5268708184722614
1,17.0,10.0,1,0,0,1,1291.468,5793.852,5522.788,0.7332553648317996
1,26.0,12.0,1,0,1,0,8408.762,5794.831,1424.944,0.0573892959201316
1,20.0,9.0,0,1,0,1,12260.78,5875.049,1358.643,0.33713623422573796
1,19.0,10.0,1,0,0,1,4121.949,6056.754,0.0,0.6166869008724223
1,26.0,10.0,1,0,0,1,25929.68,6788.958,672.8773,0.06602314532605921
1,28.0,11.0,1,0,0,1,1929.029,6871.856,0.0,0.4577744801289434
1,22.0,12.0,0,1,1,0,492.2305,7055.702,10092.83,0.10526861584206547
1,33.0,11.0,1,0,0,1,0.0,7867.916,6281.433,0.35113492253010636
1,22.0,12.0,0,0,0,0,6759.994,8455.504,12590.71,0.0273501048408736
1,29.0,10.0,0,1,0,1,0.0,8853.674,5112.014,0.312735543744111
1,33.0,12.0,1,0,1,0,20279.95,10941.35,15952.6,0.0024902818502571494
1,25.0,14.0,1,0,1,0,35040.07,11536.57,36646.95,0.0008682789703457467
1,35.0,9.0,1,0,1,1,13602.43,13830.64,12803.97,0.003980457455310984
1,35.0,8.0,1,0,1,1,13732.07,17976.15,3786.628,0.001279646219067794
1,33.0,11.0,1,0,1,1,14660.71,25142.24,4181.942,0.00023470861220317835
0,47.0,12.0,0,0,0,0,0.0,0.0,0.0,0.0692589310776557
0,50.0,12.0,1,0,1,0,0.0,0.0,0.0,0.09431156881966311
0,44.0,12.0,0,0,0,0,0.0,0.0,0.0,0.08618411693738869
0,28.0,12.0,1,0,1,0,0.0,0.0,0.0,0.3718716880535087
0,54.0,12.0,0,0,1,0,0.0,0.0,0.0,0.008339558260816933
0,55.0,12.0,0,1,1,0,0.0,0.0,0.0,0.05473883540772889
0,47.0,12.0,0,0,1,0,0.0,0.0,0.0,0.014408784455418286
0,25.0,12.0,1,0,0,0,0.0,0.0,0.0,0.7925006018568019
0,44.0,12.0,0,0,1,0,0.0,0.0,0.0,0.01819192871710149
0,50.0,12.0,1,0,1,0,0.0,0.0,0.0,0.09431156881966311
0,23.0,12.0,1,0,0,0,0.0,0.0,4728.725,0.8172842611922747
0,49.0,14.0,0,0,1,0,0.0,0.0,0.0,0.013337136059149247
0,55.0,14.0,0,0,1,0,0.0,0.0,0.0,0.008344710569087406
0,34.0,14.0,1,0,1,0,0.0,0.0,0.0,0.2852536146973911
0,34.0,16.0,0,0,1,0,0.0,0.0,11821.813,0.04568477423019614
0,55.0,13.0,0,1,1,0,0.0,0.0,0.0,0.056835542820000105
0,52.0,12.0,0,0,1,0,0.0,0.0,0.0,0.009752995262481481
0,52.0,15.0,0,0,1,0,0.0,0.0,0.0,0.010976593729293261
0,30.0,16.0,0,0,1,0,0.0,0.0,0.0,0.06161540874069097
0,21.0,12.0,0,0,0,0,0.0,0.0,0.0,0.3671990038093105
0,30.0,17.0,0,0,0,0,0.0,0.0,0.0,0.25804315634662406
0,44.0,12.0,0,0,1,0,0.0,0.0,0.0,0.01819192871710149
0,46.0,12.0,0,0,0,0,0.0,0.0,0.0,0.07452767169603386
0,53.0,17.0,0,0,1,0,0.0,0.0,0.0,0.010983357194338617
0,26.0,16.0,0,0,0,0,0.0,0.0,9014.1321,0.31432156541212014
0,49.0,12.0,0,0,1,0,0.0,0.0,13299.539,0.012329015486931263
0,39.0,15.0,0,0,1,0,0.0,0.0,1921.0445,0.03006071369848893
0,26.0,17.0,0,0,1,0,0.0,0.0,11821.813,0.08568810165960943
0,32.0,16.0,0,0,1,0,0.0,0.0,0.0,0.053088845446503816
0,34.0,12.0,0,0,1,0,0.0,0.0,0.0,0.039223523003358025
0,31.0,14.0,0,0,1,0,0.0,0.0,0.0,0.053057544718317105
0,39.0,17.0,0,1,1,0,0.0,0.0,8866.3594,0.20006017377606086
0,40.0,17.0,0,0,1,0,0.0,0.0,0.0,0.03007887862996934
0,31.0,12.0,0,0,1,0,0.0,0.0,0.0,0.04919676163865538
0,27.0,13.0,0,0,1,0,0.0,0.0,28076.805,0.06877316785127897
0,48.0,12.0,0,0,1,0,0.0,0.0,0.0,0.013328942689608913
0,41.0,13.0,0,0,1,0,0.0,0.0,0.0,0.023854867879583633
0,26.0,14.0,0,0,0,0,0.0,0.0,0.0,0.29742077234473463
0,50.0,17.0,0,0,0,0,0.0,0.0,0.0,0.06685281102593718
0,48.0,12.0,0,0,1,0,0.0,0.0,12930.108,0.013328942689608913
0,45.0,16.0,0,0,1,0,0.0,0.0,0.0,0.01968191474089812
0,37.0,13.0,0,0,1,0,0.0,0.0,0.0,0.03243194392235726
0,33.0,12.0,0,0,1,0,0.0,0.0,0.0,0.04231124777462379
0,31.0,12.0,0,0,1,0,0.0,0.0,0.0,0.04919676163865538
0,36.0,12.0,1,0,1,0,0.0,0.0,17732.719,0.23936614516173185
0,44.0,13.0,0,0,1,0,0.0,0.0,0.0,0.01891676421028939
0,28.0,17.0,0,0,1,0,0.0,0.0,0.0,0.07409330329438134
0,30.0,17.0,0,0,1,0,0.0,0.0,0.0,0.06395769334033521
0,42.0,16.0,0,0,1,0,0.0,0.0,0.0,0.02481470419671127
0,30.0,12.0,0,0,1,0,0.0,0.0,0.0,0.0530262614113264
0,27.0,16.0,0,0,1,0,0.0,0.0,0.0,0.07682688768375116
0,37.0,12.0,0,0,1,0,0.0,0.0,0.0,0.031205717838313638
0,37.0,12.0,0,0,1,0,0.0,0.0,0.0,0.031205717838313638
0,45.0,12.0,0,0,1,0,0.0,0.0,22165.899,0.0168334080623801
0,35.0,16.0,0,0,1,0,0.0,0.0,0.0,0.042361751176994
0,37.0,17.0,0,0,1,0,0.0,0.0,66497.696,0.03781846266816724
0,27.0,17.0,0,0,1,0,0.0,0.0,0.0,0.07969831816733593
0,47.0,14.0,0,0,1,0,0.0,0.0,0.0,0.015584280525057913
0,48.0,12.0,0,0,1,0,0.0,0.0,0.0,0.013328942689608913
0,42.0,12.0,0,0,1,0,0.0,0.0,0.0,0.021239438293160887
0,43.0,12.0,0,0,1,0,0.0,0.0,0.0,0.019657895053709015
0,46.0,12.0,0,0,1,0,0.0,0.0,0.0,0.015574728464136616
0,46.0,12.0,0,0,1,0,0.0,0.0,0.0,0.015574728464136616
0,46.0,12.0,0,0,1,0,0.0,0.0,0.0,0.015574728464136616
0,29.0,16.0,0,0,1,0,0.0,0.0,8396.4424,0.06634413051402774
0,39.0,13.0,0,0,1,0,0.0,0.0,0.0,0.027824147705952033
0,32.0,12.0,0,0,1,0,0.0,0.0,0.0,0.045630497911863604
0,48.0,16.0,0,0,1,0,0.0,0.0,0.0,0.01559383835150807
0,48.0,16.0,0,0,1,0,0.0,0.0,0.0,0.01559383835150807
0,41.0,13.0,0,0,1,0,0.0,0.0,0.0,0.023854867879583633
0,42.0,13.0,0,0,1,0,0.0,0.0,0.0,0.022082967041858984
0,42.0,13.0,0,0,1,0,0.0,0.0,0.0,0.022082967041858984
0,42.0,13.0,0,0,1,0,0.0,0.0,0.0,0.022082967041858984
0,54.0,13.0,0,0,1,0,0.0,0.0,0.0,0.00867530656084529
0,29.0,14.0,0,0,1,0,0.0,0.0,0.0,0.061579407751379336
0,54.0,12.0,0,0,1,0,0.0,0.0,0.0,0.008339558260816933
0,54.0,12.0,0,0,1,0,0.0,0.0,0.0,0.008339558260816933
0,26.0,14.0,0,0,1,0,0.0,0.0,0.0,0.07678272609042276
0,43.0,17.0,0,0,1,0,0.0,0.0,36943.164,0.02388389084711628
0,54.0,12.0,0,0,1,0,0.0,0.0,0.0,0.008339558260816933
0,37.0,12.0,0,0,1,0,0.0,0.0,0.0,0.031205717838313638
0,54.0,16.0,0,0,1,0,0.0,0.0,0.0,0.009765032853713381
0,48.0,17.0,0,0,1,0,0.0,0.0,0.0,0.016216865901937758
0,44.0,12.0,0,0,1,0,0.0,0.0,0.0,0.01819192871710149
0,54.0,12.0,0,0,1,0,0.0,0.0,0.0,0.008339558260816933
0,38.0,12.0,0,0,1,0,0.0,0.0,0.0,0.028903975316022686
0,37.0,13.0,0,0,1,0,0.0,0.0,0.0,0.03243194392235726
0,27.0,17.0,0,0,1,0,0.0,0.0,0.0,0.07969831816733593
0,51.0,12.0,0,0,1,0,0.0,0.0,0.0,0.010546228891280348
0,39.0,12.0,0,0,1,0,0.0,0.0,0.0,0.026767319107848547
0,55.0,14.0,0,0,1,0,0.0,0.0,0.0,0.008344710569087406
0,54.0,13.0,0,0,1,0,0.0,0.0,0.0,0.00867530656084529
0,54.0,13.0,0,0,1,0,0.0,0.0,0.0,0.00867530656084529
0,34.0,12.0,0,0,1,0,0.0,0.0,0.0,0.039223523003358025
0,50.0,14.0,0,0,1,0,0.0,0.0,0.0,0.012336601881340463
0,50.0,12.0,0,0,1,0,0.0,0.0,0.0,0.011403235111562621
0,21.0,14.0,0,1,0,0,0.0,71.612903,3657.3733,0.8212920253205155
0,26.0,12.0,0,0,1,0,0.0,71.612903,0.0,0.07009563026424559
0,21.0,13.0,0,0,0,0,0.0,692.85484,2659.9078,0.33502539619077437
0,23.0,16.0,0,0,1,0,0.0,1521.7742,0.0,0.07122353331635535
0,21.0,15.0,0,0,0,0,0.0,3222.5806,14777.266,0.21974582306044976
0,23.0,14.0,0,0,0,0,0.0,3401.6129,5319.8157,0.180680544940022
0,27.0,16.0,0,0,1,0,0.0,4833.871,0.0,0.022983048990938563
0,25.0,12.0,0,0,1,0,0.0,5729.0323,26599.078,0.018253587606139494
0,27.0,17.0,0,0,0,0,0.0,6087.0968,7388.6329,0.08239565692758058
0,55.0,12.0,0,0,1,0,0.0,6266.129,10344.086,0.0015083693050482027
0,20.0,12.0,0,0,1,0,0.0,7161.2903,0.0,0.018626625563806908
0,18.0,12.0,0,0,1,0,0.0,8056.4516,19210.445,0.01728722464691999
0,27.0,12.0,0,0,1,0,0.0,8235.4839,20688.172,0.008177949350028094
0,28.0,16.0,0,0,1,0,0.0,8951.6129,36943.164,0.007354623470514105
0,36.0,12.0,1,0,1,0,0.0,8951.6129,11821.813,0.029427836938822557
0,33.0,13.0,1,0,1,0,0.0,10741.935,20688.172,0.024432452954273275
0,36.0,12.0,0,0,1,0,0.0,10741.935,0.0,0.0020989856057238893
0,27.0,13.0,0,0,1,0,0.0,16112.903,29554.531,0.001093469337581767
0,45.0,17.0,0,0,1,0,0.0,16112.903,17732.719,0.00030958001612125554
0,45.0,17.0,0,0,1,0,0.0,16112.903,17732.719,0.00030958001612125554
0,45.0,17.0,0,0,1,0,0.0,16112.903,17732.719,0.00030958001612125554
0,31.0,12.0,0,0,1,0,0.0,17903.226,0.0,0.00048009165923832477
0,34.0,12.0,0,0,1,0,0.0,17903.226,63542.243,0.00037883188892157577
0,34.0,12.0,0,0,1,0,0.0,17903.226,63542.243,0.00037883188892157577
0,47.0,14.0,0,0,1,0,0.0,17903.226,22165.899,0.00014693702631416955
0,35.0,16.0,0,0,1,0,0.0,19693.548,17732.719,0.0002571084480395547
0,43.0,17.0,0,0,1,0,0.0,21161.613,29554.531,9.69097286360832e-05
0,25.0,12.0,1,0,1,0,0.0,21483.871,1220.6022,0.0027246185656961417
0,29.0,15.0,0,0,0,0,0.0,21483.871,22313.671,0.0012639159497045659
0,31.0,12.0,0,0,1,0,0.0,21483.871,20688.172,0.00018835983142765996
0,52.0,12.0,0,0,1,0,0.0,21483.871,22165.899,3.585941020470111e-05
0,22.0,16.0,0,0,0,0,0.0,22558.065,32509.985,0.0017259083312242906
0,53.0,15.0,0,0,1,0,0.0,24169.355,28076.805,1.8506446252727403e-05
0,29.0,17.0,0,0,1,0,0.0,25959.677,36898.833,8.356304165238948e-05
0,31.0,13.0,0,0,1,0,0.0,25959.677,39898.618,6.084911892322086e-05
0,35.0,12.0,0,0,1,0,0.0,26138.71,29554.531,4.0683860139656294e-05
0,29.0,16.0,0,0,1,0,0.0,26854.839,23643.625,6.355040848641251e-05
0,39.0,12.0,0,0,1,0,0.0,28645.161,31032.258,1.540566772577214e-05
0,37.0,14.0,0,0,1,0,0.0,32225.806,0.0,7.663257092175413e-06
0,30.0,14.0,0,0,1,0,0.0,32225.806,22165.899,1.3321753736792622e-05
0,43.0,17.0,0,0,1,0,0.0,42251.613,41376.344,3.9115098640012463e-07
0,32.0,17.0,0,0,1,0,0.0,46548.387,39898.618,3.033672098981529e-07
0,44.0,12.0,0,0,1,0,0.0,71612.903,81274.962,1.375940496343911e-10
0,32.0,16.0,0,0,1,0,577.98371,6910.6452,18609.011,0.0085719716387669
0,43.0,12.0,1,0,1,0,715.13238,1879.8387,5910.9063,0.09291541942855423
0,24.0,12.0,1,0,0,0,783.70672,0.0,10344.086,0.791420319666581
0,22.0,13.0,0,0,0,0,783.70672,0.0,2305.2535,0.33872296937924323
0,35.0,15.0,0,0,1,0,979.6334,537.09677,0.0,0.03212835463400561
0,26.0,15.0,0,0,0,0,979.6334,1879.8387,3250.9985,0.19496016055137183
0,29.0,17.0,0,0,1,0,979.6334,8951.6129,0.0,0.0063611125059965115
0,23.0,12.0,1,0,0,0,1077.5967,3222.5806,5910.9063,0.6313698644967504
0,19.0,12.0,0,0,1,0,1154.0081,8593.5484,26599.078,0.012300884401075629
0,48.0,16.0,0,0,1,0,1240.2159,1466.2742,1152.6267,0.009342398999754819
0,48.0,16.0,0,0,1,0,1240.2159,1466.2742,1152.6267,0.009342398999754819
0,22.0,12.0,1,0,1,0,1269.6049,0.0,0.0,0.45293518373058556
0,20.0,12.0,1,0,0,0,1367.5682,12532.258,2955.4531,0.15578256986429226
0,24.0,17.0,0,0,1,0,1371.4868,0.0,24825.806,0.08633859910661776
0,27.0,16.0,0,0,1,0,1469.4501,1253.2258,4363.7266,0.04860317919768444
0,21.0,14.0,0,0,0,0,1506.6762,2685.4839,11082.949,0.20898675929034607
0,53.0,13.0,0,0,1,0,1567.4134,3938.7097,4728.725,0.0028426368896112652
0,53.0,13.0,0,0,1,0,1567.4134,3938.7097,4728.725,0.0028426368896112652
0,53.0,16.0,0,0,1,0,1665.3768,0.0,2955.4531,0.008819450862371951
0,22.0,15.0,0,0,1,0,1763.3401,5370.9677,22165.899,0.023488880492615827
0,21.0,15.0,0,0,0,0,1763.3401,9667.7419,4137.6344,0.041316983099950626
0,30.0,12.0,0,0,1,0,1959.2668,1790.3226,1477.7266,0.027536463348496874
0,21.0,12.0,1,0,0,0,1959.2668,5460.4839,1152.6267,0.5037238813190085
0,27.0,16.0,0,0,1,0,1959.2668,17545.161,21427.035,0.0006845086727830005
0,22.0,15.0,0,0,0,0,1967.1039,2864.5161,5024.2704,0.18735524038524304
0,22.0,12.0,1,0,1,0,2006.2892,2470.6452,0.0,0.28597402376824105
0,23.0,13.0,0,0,1,0,2155.1935,5370.9677,11378.495,0.019287003707626735
0,33.0,12.0,0,0,1,0,2351.1202,0.0,2770.7373,0.03304997721875427
0,24.0,13.0,0,0,0,0,2351.1202,3127.6935,14777.266,0.13996190415194065
0,20.0,12.0,1,0,0,0,2351.1202,4475.8065,17732.719,0.5765170390139326
0,22.0,16.0,0,0,0,0,2351.1202,23274.194,25860.215,0.0011079741806776199
0,19.0,12.0,0,0,1,0,2547.0468,10741.935,0.0,0.006063872025972617
0,22.0,15.0,0,0,1,0,2547.0468,17187.097,25860.215,0.0010052333162883496
0,43.0,14.0,0,0,1,0,2645.0102,0.0,6992.6022,0.01600778955074873
0,39.0,12.0,0,0,1,0,2742.9735,7161.2903,11821.813,0.0031265205942024093
0,28.0,12.0,1,0,0,0,2938.9002,2864.5161,0.0,0.5083809989162539
0,19.0,14.0,0,0,0,0,2938.9002,3222.5806,0.0,0.18697502435413435
0,26.0,17.0,0,0,1,0,2938.9002,12532.258,23643.625,0.002563079171695503
0,18.0,12.0,0,0,1,0,3134.8269,11100.0,20688.172,0.005607177996899181
0,23.0,15.0,0,0,1,0,3320.9572,2506.4516,9974.6544,0.038134432561552474
0,24.0,12.0,1,0,0,0,3330.7536,4654.8387,11821.813,0.4597807817496481
0,27.0,12.0,0,0,1,0,3526.6802,0.0,5910.9063,0.04606762556387243
0,29.0,17.0,0,0,1,0,3526.6802,15217.742,24382.488,0.0009415270521982838
0,22.0,12.0,1,0,0,0,3579.5804,17133.387,11821.813,0.035844570140347004
0,27.0,12.0,0,0,1,0,3722.6069,254.22581,1090.5622,0.04235785420285034
0,27.0,15.0,0,0,1,0,3722.6069,4654.8387,19210.445,0.01553301758588271
0,20.0,12.0,1,0,0,0,3730.444,8951.6129,13299.539,0.26659383109945217
0,27.0,12.0,1,0,1,0,3918.5336,1994.4194,17732.719,0.19872775284822988
0,23.0,12.0,1,0,1,0,3918.5336,2864.5161,8866.3594,0.21320540675638674
0,23.0,12.0,1,0,1,0,3918.5336,11637.097,9752.9954,0.026630607290529427
0,22.0,12.0,0,0,1,0,3918.5336,15396.774,39898.618,0.0012260687605224752
0,31.0,12.0,1,0,1,0,3918.5336,18440.323,24973.579,0.0024507614634487434
0,26.0,17.0,0,0,0,0,4173.2383,11637.097,9457.4501,0.014238417319420011
0,20.0,12.0,0,0,1,0,4310.387,0.0,4433.1797,0.07155348950433203
0,30.0,17.0,0,0,1,0,4310.387,4296.7742,22476.221,0.01369313796635081
0,42.0,16.0,0,0,0,0,4398.554,17903.226,16254.992,0.0007433119451576767
0,21.0,14.0,0,0,1,0,4506.3136,9309.6774,23052.535,0.006579396604139984
0,25.0,16.0,0,0,1,0,4604.277,2954.0323,0.0,0.026518934932372874
0,27.0,15.0,0,0,1,0,4702.2403,0.0,0.0,0.045678048731189136
0,26.0,17.0,0,0,1,0,4702.2403,19693.548,26599.078,0.00032599544740178065
0,29.0,16.0,0,0,1,0,4800.2037,17187.097,23643.625,0.00047077953500918935
0,20.0,12.0,0,0,0,0,4811.9593,716.12903,0.0,0.23546075085348764
0,52.0,12.0,0,0,1,0,4898.167,0.0,0.0,0.005736915889743
0,23.0,17.0,0,0,0,0,4898.167,2148.3871,33987.711,0.1680590103302101
0,21.0,14.0,0,0,1,0,4898.167,7161.2903,17141.628,0.011003925981216535
0,24.0,16.0,0,0,0,0,4898.167,8951.6129,17732.719,0.02941230194888932
0,30.0,17.0,0,0,1,0,4898.167,12084.677,5172.043,0.0016975822044518508
0,25.0,17.0,0,0,0,0,4996.1303,17414.468,5030.1813,0.003146216061782891
0,21.0,12.0,0,0,1,0,5094.0937,6803.2258,7388.6329,0.01092352572908526
0,28.0,12.0,0,0,1,0,5094.0937,10741.935,9014.1321,0.00226406702820881
0,20.0,12.0,0,0,1,0,5182.2607,6266.129,15244.227,0.013438592381025368
0,36.0,16.0,0,0,0,0,5290.0204,4833.871,5319.8157,0.03195635901014552
0,19.0,12.0,1,0,0,0,5387.9837,8056.4516,12117.358,0.2931898087013838
0,21.0,12.0,1,0,1,0,5868.0041,3043.5484,10048.541,0.1966559970248741
0,47.0,12.0,0,0,1,0,5868.0041,9513.7742,5319.8157,0.0006404492970261156
0,24.0,16.0,0,0,1,0,5877.8004,4833.871,33987.711,0.015452651435041174
0,24.0,12.0,1,0,1,0,5877.8004,8951.6129,17732.719,0.03955739332006284
0,25.0,17.0,0,0,1,0,5877.8004,10562.903,30101.29,0.0033646829018406242
0,21.0,16.0,0,0,1,0,5877.8004,10562.903,16993.856,0.00443016178734879
0,31.0,12.0,1,0,1,0,5877.8004,11064.194,15959.447,0.013455794139869479
0,26.0,14.0,0,0,1,0,5877.8004,13427.419,31032.258,0.0013076627306623974
0,22.0,12.0,1,0,0,0,5891.5153,10367.758,5763.1336,0.14479430041748106
0,20.0,13.0,1,0,0,0,5897.3931,12532.258,14777.266,0.10483405402067006
0,20.0,13.0,0,1,1,0,6073.7271,10025.806,27337.942,0.03462857151832859
0,27.0,14.0,0,0,1,0,6269.6538,0.0,26007.988,0.03731624068445142
0,26.0,12.0,0,0,0,0,6269.6538,11637.097,10344.086,0.009327955953359217
0,23.0,17.0,0,0,1,0,6367.6171,5370.9677,0.0,0.014351373372734238
0,23.0,12.0,1,0,0,0,6494.9694,12532.258,14186.175,0.07679876266496818
0,22.0,12.0,1,0,0,0,6583.1365,4475.8065,0.0,0.42275357322684537
0,21.0,12.0,1,0,0,0,6661.5071,11458.065,11208.556,0.11243827281623155
0,21.0,12.0,0,0,1,0,6661.5071,12532.258,25121.352,0.002077686250902487
0,28.0,14.0,0,0,1,0,6739.8778,7877.4194,13742.857,0.004322302601061222
0,27.0,12.0,1,0,1,0,6855.4745,0.0,8275.2688,0.23262165939006751
0,25.0,14.0,0,0,0,0,6857.4338,1790.3226,0.0,0.11950220698629381
0,30.0,12.0,0,0,1,0,6857.4338,3222.5806,3250.9985,0.01127991533834685
0,27.0,13.0,1,0,1,0,6857.4338,4096.2581,24514.006,0.09755794625046592
0,22.0,13.0,0,0,0,0,6857.4338,6266.129,17363.287,0.048805790790792176
0,23.0,16.0,0,0,1,0,6857.4338,14143.548,22165.899,0.0013373533651214672
0,24.0,12.0,1,0,1,0,6857.4338,14322.581,26599.078,0.009009245247446144
0,19.0,13.0,0,0,0,0,6857.4338,15217.742,17732.719,0.006226651404313224
0,21.0,14.0,0,0,1,0,6974.9898,11407.935,17141.628,0.002914477741218847
0,29.0,17.0,0,0,1,0,7053.3605,7161.2903,8866.3594,0.005239680458514019
0,27.0,16.0,0,0,1,0,7053.3605,11637.097,25121.352,0.0018366872519576486
0,28.0,15.0,0,0,1,0,7249.2872,15217.742,9161.9048,0.000626922556169141
0,26.0,12.0,0,0,1,0,7406.0285,0.0,2955.4531,0.0330869519222337
0,54.0,12.0,0,0,1,0,7445.2138,0.0,0.0,0.003716999235292003
0,28.0,15.0,1,0,0,0,7445.2138,0.0,12708.449,0.6010308069318411
0,27.0,15.0,0,0,1,0,7445.2138,10741.935,18471.582,0.002136261218586437
0,26.0,13.0,0,0,0,0,7449.1324,5729.0323,9605.2227,0.038789086073342326
0,21.0,12.0,0,0,1,0,7523.5845,7934.7097,0.0,0.006263000517449115
0,53.0,14.0,1,0,1,0,7641.1405,8421.6774,8127.4962,0.004257260965933863
0,21.0,13.0,0,0,1,0,7688.1629,12743.516,11082.949,0.0018294594735211048
0,22.0,13.0,0,0,0,0,7739.1039,3759.6774,16254.992,0.08233961978164608
0,27.0,16.0,0,0,0,0,7837.0672,0.0,0.0,0.15257996586762756
0,37.0,15.0,0,1,1,0,7837.0672,179.03226,11821.813,0.09886838624164365
0,33.0,13.0,0,0,0,0,7837.0672,3580.6452,16254.992,0.037549550054387426
0,19.0,12.0,1,0,0,0,7837.0672,3759.6774,3694.3164,0.4939517293555779
0,28.0,12.0,0,0,1,0,7837.0672,4475.8065,15663.902,0.008578274549301653
0,32.0,12.0,1,0,1,0,7837.0672,5370.9677,8866.3594,0.04312503640730588
0,24.0,12.0,0,0,0,0,7837.0672,5370.9677,5910.9063,0.04562372298319522
0,22.0,12.0,0,0,0,0,7837.0672,7497.871,17732.719,0.03111146851833761
0,20.0,12.0,1,0,1,0,7837.0672,8951.6129,20688.172,0.04362412919291063
0,23.0,12.0,0,0,1,0,7837.0672,8951.6129,12058.249,0.003970739310895106
0,27.0,12.0,1,0,1,0,7837.0672,8951.6129,2210.679,0.02556814213419298
0,23.0,12.0,1,0,1,0,7837.0672,12532.258,21870.353,0.01391958374428285
0,19.0,12.0,0,1,1,0,7837.0672,12532.258,13299.539,0.01573078110139207
0,27.0,14.0,0,0,0,0,7837.0672,14322.581,16254.992,0.003919808489663487
0,22.0,16.0,0,0,1,0,7837.0672,16112.903,16254.992,0.0007776761527648686
0,42.0,12.0,0,0,1,0,7837.0672,16112.903,15516.129,0.0001367028937504706
0,20.0,13.0,0,0,0,0,7837.0672,17491.452,2216.5899,0.0028633038138073845
0,29.0,13.0,0,0,0,0,7958.5418,0.0,0.0,0.11865951091828869
0,23.0,12.0,1,0,1,0,7993.8086,13427.419,4433.1797,0.01086235680558479
0,19.0,12.0,0,0,1,0,8054.5458,9309.6774,11963.674,0.004839101253793806
0,21.0,12.0,1,0,1,0,8150.5499,13092.629,10583.478,0.013611408254032955
0,26.0,12.0,0,0,1,0,8228.9206,13606.452,11969.585,0.0008918899929127064
0,21.0,16.0,0,0,0,0,8228.9206,22379.032,27337.942,0.000797859877313392
0,24.0,12.0,1,0,1,0,8275.943,15416.468,8335.8556,0.005816488944981828
0,29.0,12.0,0,0,1,0,8389.5804,5908.0645,14481.72,0.005150065155088557
0,26.0,12.0,1,0,1,0,8616.8554,8593.5484,10344.086,0.02784004288905681
0,23.0,14.0,1,0,1,0,8675.6334,10398.194,13003.994,0.023786603693076763
0,25.0,12.0,0,0,0,0,8683.4705,9130.6452,15811.674,0.014850905021054153
0,21.0,12.0,0,0,1,0,8816.7006,5729.0323,18096.24,0.00964665541829828
0,25.0,12.0,1,0,0,0,8816.7006,6266.129,10344.086,0.22093150665128303
0,22.0,12.0,0,0,1,0,8816.7006,9939.871,15486.575,0.002985251462250262
0,22.0,12.0,0,0,1,0,8816.7006,10741.935,19653.763,0.0024220249876673594
0,23.0,12.0,1,0,1,0,8816.7006,12174.194,18471.582,0.01373754592225323
0,18.0,12.0,0,0,0,0,8816.7006,14322.581,22165.899,0.006604447308628328
0,27.0,12.0,1,0,0,0,8816.7006,14322.581,19210.445,0.028635762560571695
0,21.0,12.0,1,0,0,0,8816.7006,14859.677,5578.4178,0.03952629171649919
0,25.0,12.0,0,0,1,0,8816.7006,16112.903,26599.078,0.000470339938500236
0,21.0,13.0,0,0,1,0,8816.7006,17903.226,28224.578,0.0004204553237100103
0,27.0,12.0,0,0,1,0,8816.7006,44758.065,0.0,2.2506116768548246e-07
0,23.0,12.0,0,0,1,0,8840.2118,7161.2903,10416.495,0.005672856322117526
0,21.0,12.0,0,0,1,0,8867.6415,14995.742,17732.719,0.0008587626352129029
0,23.0,14.0,1,0,1,0,8934.2566,12532.258,8866.3594,0.01337904971328556
0,23.0,16.0,1,0,0,0,9012.6273,16490.661,19210.445,0.025657870719338595
0,31.0,17.0,0,0,1,0,9012.6273,29465.129,39817.343,1.0671480549322845e-05
0,27.0,12.0,1,0,1,0,9067.4868,5370.9677,6649.7696,0.05525744692398766
0,21.0,12.0,1,0,1,0,9169.3686,7161.2903,7388.6329,0.054991417291460884
0,23.0,12.0,1,0,1,0,9169.3686,8271.2903,10403.195,0.03584178528882413
0,19.0,12.0,0,0,1,0,9208.554,5550.0,11526.267,0.011324022986358064
0,46.0,12.0,0,0,1,0,9284.9654,8504.0323,10376.596,0.0006214810168975426
0,24.0,12.0,0,0,1,0,9371.1731,2864.5161,2216.5899,0.015064539125602721
0,20.0,13.0,0,1,0,0,9404.4807,0.0,8275.2688,0.6356205490251222
0,24.0,17.0,0,0,1,0,9404.4807,5370.9677,22904.762,0.009565663246779085
0,23.0,12.0,0,0,1,0,9404.4807,9130.6452,11821.813,0.003195777024803974
0,34.0,12.0,0,0,1,0,9404.4807,9166.4516,23475.164,0.0013302845954335704
0,35.0,12.0,0,0,1,0,9404.4807,9313.2581,11821.813,0.0011831406176978862
0,23.0,12.0,0,0,0,0,9404.4807,11834.032,16846.083,0.00798585833122302
0,21.0,14.0,1,0,0,0,9420.1548,5370.9677,9900.768,0.3325790376137413
0,21.0,12.0,0,1,1,0,9496.5662,8772.5806,10512.547,0.029520180283492358
0,26.0,12.0,0,0,1,0,9561.222,0.0,13299.539,0.026333226397794236
0,23.0,13.0,0,0,1,0,9698.3707,8593.5484,23643.625,0.003704078320652812
0,27.0,12.0,0,1,1,0,9698.3707,11279.032,14038.402,0.00952883726883788
0,50.0,12.0,0,1,1,0,9788.4969,9846.7742,13299.539,0.002246300430643305
0,27.0,12.0,1,0,1,0,9796.334,0.0,11821.813,0.18025799249594582
0,25.0,12.0,0,0,1,0,9796.334,2685.4839,25121.352,0.01394152238615305
0,21.0,12.0,1,0,1,0,9796.334,4296.7742,14777.266,0.10305546539189264
0,21.0,13.0,0,0,1,0,9796.334,8593.5484,28787.591,0.0042893849063381515
0,33.0,12.0,1,0,0,0,9796.334,8951.6129,0.0,0.06290939256703057
0,19.0,12.0,0,0,1,0,9796.334,9846.7742,20688.172,0.003481855505150222
0,20.0,12.0,0,0,1,0,9796.334,10204.839,29258.986,0.0029315479679343655
0,22.0,12.0,1,0,1,0,9796.334,10741.935,11162.747,0.019315016617084055
0,32.0,12.0,0,0,1,0,9796.334,11458.065,11821.813,0.0008204783117358171
0,24.0,13.0,0,0,1,0,9796.334,11458.065,11526.267,0.0016049906340782959
0,29.0,12.0,1,0,1,0,9796.334,12532.258,19210.445,0.007045520402309297
0,23.0,12.0,1,0,1,0,9796.334,12532.258,11821.813,0.011269507047566204
0,26.0,14.0,0,0,1,0,9796.334,13427.419,20688.172,0.0008529421881718832
0,20.0,12.0,0,0,1,0,9796.334,13427.419,10713.518,0.0012647541588013036
0,27.0,12.0,1,0,1,0,9796.334,14322.581,11821.813,0.005177408518192183
0,24.0,12.0,1,0,1,0,9796.334,14322.581,33987.711,0.0065528944168479755
0,24.0,17.0,0,0,0,0,9796.334,16112.903,36943.164,0.00283405311743387
0,21.0,13.0,0,0,0,0,9796.334,16112.903,20688.172,0.003062490269580397
0,25.0,12.0,1,0,1,0,9796.334,21483.871,6649.7696,0.0009368044770751903
0,30.0,12.0,1,0,1,0,9796.334,25064.516,29554.531,0.0002477135428919357
0,26.0,12.0,1,0,0,0,9913.89,10741.935,15619.57,0.06730098410827881
0,22.0,12.0,0,0,0,0,9951.1161,14322.581,14777.266,0.004264302253853703
0,47.0,12.0,0,0,1,0,9968.7495,10523.516,11283.92,0.00031447897347900496
0,22.0,12.0,0,0,0,0,9992.2607,15754.839,19949.309,0.002923457156738019
0,31.0,12.0,1,0,1,0,10188.187,8951.6129,9605.2227,0.014583918095884812
0,35.0,12.0,0,0,1,0,10188.187,9309.6774,11821.813,0.0010872508986718215
0,49.0,12.0,0,0,1,0,10231.291,11082.097,6537.4624,0.0002255074010591859
0,25.0,13.0,1,0,0,0,10246.965,15396.774,12486.79,0.022683954913103824
0,23.0,12.0,0,0,1,0,10290.069,10562.903,9221.0138,0.001997690716604271
0,25.0,17.0,0,0,1,0,10384.114,22004.855,49429.954,0.00010372215542856975
0,23.0,16.0,0,0,1,0,10384.114,26854.839,11821.813,3.286050536793392e-05
0,34.0,17.0,0,0,0,0,10580.041,7161.2903,5910.9063,0.012141296003050845
0,21.0,12.0,0,0,1,0,10580.041,8056.4516,12117.358,0.00435404169237687
0,27.0,12.0,1,0,0,0,10623.145,3222.5806,8866.3594,0.305783475766687
0,23.0,12.0,0,0,1,0,10775.967,5370.9677,11821.813,0.007320497511988832
0,23.0,12.0,0,0,1,0,10775.967,7161.2903,16993.856,0.004597259931631982
0,32.0,17.0,0,0,0,0,10775.967,7161.2903,0.0,0.013893756490057377
0,27.0,12.0,1,0,1,0,10775.967,8951.6129,7536.4055,0.018682157417966545
0,24.0,12.0,1,0,0,0,10775.967,9309.6774,8275.2688,0.10059249734459381
0,34.0,12.0,0,0,1,0,10775.967,11637.097,14186.175,0.0006008714714788634
0,29.0,12.0,0,0,1,0,10775.967,12532.258,25860.215,0.0007057589986847645
0,28.0,14.0,0,0,1,0,10775.967,13427.419,0.0,0.0006545577324786298
0,18.0,12.0,0,0,0,0,10775.967,14322.581,21427.035,0.0053395201136517
0,20.0,12.0,1,0,0,0,10775.967,16372.5,29554.531,0.023642811314754476
0,25.0,13.0,0,0,1,0,10775.967,16739.516,18966.621,0.00033553775845112966
0,23.0,12.0,1,0,1,0,10775.967,20481.29,29391.982,0.00128079596001809
0,26.0,17.0,0,0,1,0,10775.967,29182.258,35465.438,1.4069270722700871e-05
0,24.0,12.0,0,0,0,0,10873.931,15754.839,20132.547,0.0022686542148852924
0,23.0,12.0,0,0,1,0,10971.894,10204.839,31032.258,0.002036258991508954
0,23.0,16.0,0,0,0,0,10971.894,18798.387,20924.608,0.0012868281449320773
0,26.0,12.0,1,0,1,0,11167.821,1074.1935,8866.3594,0.13399412216190715
0,46.0,12.0,0,0,1,0,11167.821,7161.2903,17732.719,0.000718695240714363
0,23.0,12.0,1,0,1,0,11167.821,7812.9677,14777.266,0.032593636078207366
0,41.0,12.0,0,0,1,0,11167.821,10741.935,12412.903,0.0004185512710728898
0,19.0,12.0,0,0,1,0,11201.128,14143.548,24338.157,0.0009739739008230863
0,29.0,12.0,0,0,1,0,11259.906,9041.129,26599.078,0.0016657008745868613
0,24.0,12.0,1,0,0,0,11285.377,13069.355,10344.086,0.038089674639700796
0,23.0,12.0,1,0,0,0,11328.481,2685.4839,29216.132,0.39161345125620456
0,22.0,12.0,0,0,1,0,11363.747,4654.8387,13299.539,0.00894464504535451
0,21.0,12.0,0,0,0,0,11363.747,9667.7419,13299.539,0.013232922572851484
0,27.0,12.0,0,0,1,0,11363.747,12532.258,4137.6344,0.0007751301276559074
0,37.0,12.0,0,0,1,0,11430.363,11372.129,8866.3594,0.00047311798712485446
0,44.0,12.0,0,0,1,0,11559.674,7340.3226,27781.26,0.0007695495366662134
0,38.0,16.0,0,0,1,0,11559.674,7877.4194,17732.719,0.0012590791001651255
0,34.0,12.0,0,0,1,0,11755.601,0.0,11821.813,0.011187081964096374
0,49.0,12.0,0,0,0,0,11755.601,0.0,0.0,0.017303358744067455
0,23.0,12.0,0,0,1,0,11755.601,0.0,17732.719,0.026267671492357973
0,28.0,14.0,1,0,1,0,11755.601,0.0,25874.992,0.15086179632069605
0,43.0,12.0,0,0,1,0,11755.601,0.0,295.54531,0.005526257642356228
0,28.0,16.0,0,0,0,0,11755.601,6445.1613,0.0,0.019725708304860538
0,29.0,12.0,1,0,1,0,11755.601,9846.7742,20688.172,0.011427527608873715
0,53.0,12.0,0,0,1,0,11755.601,9893.3226,5172.043,0.00018994461275125563
0,21.0,12.0,0,0,1,0,11755.601,10204.839,12560.676,0.0021889014970101106
0,24.0,13.0,1,0,1,0,11755.601,10741.935,31097.278,0.013933469664068363
0,21.0,12.0,0,0,1,0,11755.601,10741.935,6649.7696,0.0019027487337156246
0,24.0,12.0,0,0,1,0,11755.601,11074.935,13742.857,0.0013768529494292182
0,21.0,12.0,0,0,0,0,11755.601,11637.097,10048.541,0.00762056178379974
0,23.0,14.0,0,0,1,0,11755.601,11637.097,25121.352,0.0013929987606198383
0,28.0,12.0,0,0,1,0,11755.601,12532.258,0.0,0.0006863230581764008
0,28.0,12.0,0,0,1,0,11755.601,12532.258,0.0,0.0006863230581764008
0,25.0,17.0,0,0,1,0,11755.601,12621.774,28963.441,0.0010365271546574845
0,23.0,13.0,0,0,1,0,11755.601,13427.419,16254.992,0.0008388254104416586
0,30.0,12.0,0,0,1,0,11755.601,13635.097,26599.078,0.00043937056718640756
0,23.0,12.0,0,0,1,0,11755.601,13785.484,14186.175,0.0007341451095992175
0,26.0,12.0,0,0,1,0,11755.601,14322.581,20688.172,0.0005034902881556828
0,21.0,12.0,1,0,1,0,11755.601,14322.581,16254.992,0.006705039612175248
0,26.0,12.0,0,0,1,0,11755.601,14322.581,17732.719,0.0005034902881556828
0,25.0,12.0,1,0,1,0,11755.601,14322.581,21427.035,0.004897361444220241
0,22.0,12.0,0,0,1,0,11755.601,14465.806,18102.151,0.0006651066499946434
0,28.0,16.0,0,0,1,0,11755.601,15217.742,20688.172,0.00039898985546306804
0,22.0,13.0,1,0,1,0,11755.601,15217.742,0.0,0.005110506864485915
0,24.0,16.0,0,0,1,0,11755.601,16112.903,31032.258,0.0004330721520405956
0,27.0,15.0,1,0,0,0,11755.601,16744.887,18442.028,0.012634809258461051
0,19.0,12.0,0,0,0,0,11755.601,19335.484,16254.992,0.0012009008609974534
0,38.0,14.0,0,0,1,0,11755.601,19693.548,0.0,5.192596762209716e-05
0,38.0,14.0,0,0,0,0,11755.601,21483.871,7388.6329,0.00016550849524867302
0,45.0,12.0,0,0,1,0,11771.275,11270.081,16822.439,0.00024890351763322353
0,26.0,12.0,1,0,1,0,11775.193,14150.71,16342.178,0.004724022582234607
0,31.0,16.0,0,0,1,0,11784.99,9846.7742,5390.7465,0.0012763198673228582
0,25.0,13.0,1,0,1,0,11931.935,13824.871,12656.728,0.005689103647675762
0,25.0,14.0,0,0,1,0,11973.079,14322.581,14777.266,0.0005761479381844281
0,22.0,12.0,0,0,1,0,12051.45,16025.177,13151.767,0.0004285028481821865
0,36.0,12.0,0,0,1,0,12147.454,13964.516,13299.539,0.0002404928776176292
0,27.0,12.0,0,0,1,0,12147.454,14322.581,20142.891,0.0004457913030340902
0,33.0,12.0,0,0,1,0,12147.454,16112.903,24382.488,0.00017385021405870134
0,27.0,12.0,0,0,1,0,12147.454,23274.194,26599.078,4.296848110223755e-05
0,30.0,12.0,1,0,1,0,12225.825,10741.935,18962.187,0.007966261143784579
0,46.0,12.0,0,0,1,0,12343.381,11637.097,11230.722,0.00019631852266436848
0,23.0,14.0,0,0,1,0,12343.381,12532.258,14186.175,0.0010342487956804009
0,25.0,16.0,0,0,1,0,12343.381,13606.452,21427.035,0.0007224120995449759
0,27.0,14.0,0,0,1,0,12419.792,16829.032,25178.983,0.0002434233072614663
0,49.0,16.0,0,0,1,0,12504.041,12353.226,12560.676,0.00014801535446481642
0,22.0,12.0,0,0,1,0,12539.308,12532.258,14369.413,0.0010117555784242918
0,28.0,16.0,0,0,1,0,12572.615,21483.871,23495.853,7.096773076231398e-05
0,24.0,12.0,1,0,1,0,12658.823,19693.548,19210.445,0.0011840559614089228
0,37.0,17.0,1,0,1,0,12735.234,1306.9355,4236.6421,0.05908159592882859
0,22.0,13.0,0,0,0,0,12735.234,12532.258,17732.719,0.005223448820518829
0,23.0,17.0,0,0,0,0,12735.234,14322.581,28076.805,0.003550617342359944
0,23.0,12.0,1,0,0,0,12735.234,14322.581,20688.172,0.02568508414515162
0,26.0,12.0,0,0,1,0,12735.234,14322.581,14925.038,0.0004524492083507637
0,22.0,12.0,0,0,0,0,12735.234,16112.903,21131.49,0.00197524813613014
0,31.0,14.0,0,0,1,0,12735.234,17724.194,29850.077,0.00013570928969793008
0,31.0,14.0,0,0,1,0,12735.234,17724.194,29850.077,0.00013570928969793008
0,54.0,12.0,0,0,1,0,12735.234,17894.274,19343.441,1.9485414670962732e-05
0,25.0,16.0,1,0,1,0,12735.234,18261.29,10521.413,0.0018488162286744722
0,28.0,12.0,1,0,1,0,12735.234,19693.548,17732.719,0.0008563736147042914
0,19.0,13.0,0,0,1,0,12735.234,19693.548,28815.668,0.00020110574700785903
0,26.0,17.0,0,0,1,0,12735.234,25064.516,26599.078,3.332792819280084e-05
0,28.0,12.0,0,0,1,0,12813.605,7161.2903,16254.992,0.00248474202373375
0,20.0,12.0,0,0,1,0,12931.161,2363.2258,14777.266,0.015955877857615538
0,26.0,12.0,0,0,1,0,12931.161,11100.0,22165.899,0.0010276554622064289
0,25.0,17.0,0,0,1,0,12935.079,22379.032,36943.164,7.11986249232475e-05
0,24.0,12.0,0,0,1,0,13029.124,13964.516,41571.404,0.0005634421109706048
0,22.0,12.0,0,0,1,0,13127.088,8951.6129,13595.084,0.002415801992205082
0,27.0,17.0,0,0,1,0,13127.088,10741.935,29554.531,0.001245224281269809
0,26.0,12.0,0,0,1,0,13127.088,12174.194,12687.76,0.0007598649149115907
0,27.0,12.0,1,0,1,0,13127.088,12353.226,11526.267,0.006017170936459347
0,19.0,12.0,0,0,1,0,13127.088,12532.258,24382.488,0.0012023980761288232
0,29.0,17.0,0,0,1,0,13127.088,19693.548,0.0,0.00010255885761137592
0,20.0,12.0,0,0,1,0,13244.644,8772.5806,17289.401,0.0029255243126573003
0,25.0,12.0,0,0,1,0,13291.666,14202.629,14777.266,0.00047544873179836887
0,29.0,16.0,0,0,1,0,13323.014,5370.9677,17732.719,0.0040599796658691446
0,23.0,14.0,0,0,0,0,13323.014,12174.194,14777.266,0.005172984094735325
0,28.0,12.0,0,0,1,0,13323.014,12532.258,10935.177,0.0005784501666504991
0,30.0,14.0,0,0,1,0,13323.014,14322.581,14777.266,0.00033504537406997873
0,26.0,16.0,1,0,1,0,13323.014,19693.548,19934.531,0.0011027064828463718
0,24.0,12.0,0,1,1,0,13493.47,16470.968,21035.438,0.0020697936806524384
0,22.0,12.0,1,0,1,0,13518.941,13427.419,12560.676,0.006459796905638921
0,27.0,12.0,0,0,1,0,13597.312,15833.613,13246.341,0.00025641906648736013
0,22.0,12.0,1,0,1,0,13665.886,17903.226,13299.539,0.0019821060325462196
0,42.0,13.0,0,0,1,0,13701.153,0.0,33987.711,0.0050350631661492985
0,22.0,12.0,1,0,1,0,13714.868,0.0,664.97696,0.17546437145621294
0,47.0,12.0,0,0,1,0,13714.868,0.0,12560.676,0.003260645954032339
0,26.0,12.0,0,0,1,0,13714.868,716.12903,22904.762,0.014051897020247627
0,21.0,12.0,0,0,1,0,13714.868,3222.5806,14038.402,0.010867943976151146
0,25.0,16.0,0,0,0,0,13714.868,6042.3387,0.0,0.022367747728746497
0,25.0,12.0,1,0,1,0,13714.868,8235.4839,17732.719,0.019133903184336356
0,23.0,12.0,0,0,0,0,13714.868,10741.935,15959.447,0.006645503326448336
0,33.0,12.0,1,0,0,0,13714.868,11100.0,9605.2227,0.024354242491840882
0,55.0,16.0,1,0,1,0,13714.868,11995.161,23531.318,0.0007998337924433678
0,47.0,12.0,1,0,1,0,13714.868,12433.79,14777.266,0.0011438282527864963
0,20.0,12.0,1,0,1,0,13714.868,12532.258,8866.3594,0.009330470799553892
0,26.0,12.0,1,0,1,0,13714.868,12532.258,11821.813,0.005828980441863609
0,31.0,12.0,0,0,1,0,13714.868,12532.258,14777.266,0.0004373490819244919
0,30.0,12.0,0,0,1,0,13714.868,12532.258,2563.8556,0.0004732818126753221
0,21.0,12.0,1,0,0,0,13714.868,13339.694,11651.874,0.03462752575084797
0,28.0,17.0,0,0,1,0,13714.868,13427.419,6827.0968,0.0005352244397090615
0,24.0,12.0,0,0,1,0,13714.868,13427.419,17732.719,0.0006015776568798733
0,28.0,12.0,0,0,1,0,13714.868,13606.452,19210.445,0.00041861920134724396
0,23.0,12.0,0,0,0,0,13714.868,14322.581,22165.899,0.002617115007925222
0,35.0,12.0,0,0,0,0,13714.868,15038.71,26599.078,0.0008425889925349026
0,27.0,14.0,0,0,1,0,13714.868,15217.742,13447.312,0.00032198666630725657
0,23.0,12.0,0,0,1,0,13714.868,15754.839,24205.161,0.0003544096362599327
0,24.0,12.0,1,0,1,0,13714.868,16112.903,16254.992,0.0026860568489243753
0,24.0,12.0,0,0,1,0,13714.868,16112.903,16254.992,0.00029824729101079426
0,39.0,12.0,1,0,1,0,13714.868,17008.065,14629.493,0.0006512931229354175
0,33.0,12.0,0,0,1,0,13714.868,18082.258,26081.874,8.756865485172328e-05
0,45.0,14.0,0,0,1,0,13714.868,19102.742,30145.622,2.814646203355902e-05
0,45.0,14.0,0,0,1,0,13714.868,19102.742,30145.622,2.814646203355902e-05
0,27.0,12.0,1,0,1,0,13714.868,19425.0,25860.215,0.0008932964344200573
0,45.0,17.0,0,0,1,0,13714.868,23095.161,6649.7696,1.1170997172291506e-05
0,23.0,16.0,0,0,0,0,13714.868,25601.613,31623.349,0.0001613202849570622
0,26.0,17.0,0,0,1,0,13714.868,29540.323,29554.531,9.296017213244212e-06
0,27.0,14.0,1,0,0,0,13812.831,17036.71,20688.172,0.009020048722969859
0,21.0,14.0,0,0,1,0,13832.424,8777.9516,591.09063,0.0027420686698196753
0,20.0,12.0,0,0,1,0,13902.957,14322.581,19653.763,0.0006396922921346181
0,29.0,12.0,0,0,1,0,13910.794,7161.2903,19210.445,0.002037755164134613
0,22.0,12.0,0,1,1,0,13910.794,8611.4516,16218.049,0.01778478162579488
0,24.0,12.0,0,0,0,0,13910.794,13427.419,19210.445,0.002990062398688334
0,27.0,12.0,0,0,1,0,13910.794,14859.677,15072.811,0.0003196089126775548
0,23.0,12.0,0,0,1,0,14063.617,11100.0,14777.266,0.0011508718293406536
0,24.0,16.0,0,0,1,0,14067.536,24706.452,37829.8,3.561360707749985e-05
0,23.0,16.0,0,0,0,0,14106.721,6266.129,2955.4531,0.02364225248205681
0,33.0,14.0,0,0,1,0,14106.721,14322.581,17732.719,0.00024269863506169782
0,21.0,12.0,0,0,0,0,14106.721,17903.226,22165.899,0.0011535437546736122
0,23.0,12.0,0,0,1,0,14106.721,23453.226,0.0,4.54116981122359e-05
0,20.0,12.0,1,0,1,0,14322.24,17903.226,14777.266,0.002160461742493732
0,24.0,12.0,0,0,1,0,14373.181,19693.548,7388.6329,0.00010888954374542208
0,29.0,12.0,1,0,1,0,14392.774,15396.774,14777.266,0.0020277732073831676
0,34.0,12.0,0,0,1,0,14498.574,14322.581,10048.541,0.00019843774693237848
0,44.0,12.0,0,0,1,0,14498.574,14424.629,14579.25,8.770334447101084e-05
0,23.0,12.0,0,0,1,0,14498.574,19335.484,19210.445,0.00012763996821697524
0,26.0,14.0,1,0,1,0,14506.411,17187.097,21678.249,0.0017219992958590834
0,51.0,12.0,0,0,1,0,14533.841,19245.968,17732.719,1.4253570226917567e-05
0,41.0,12.0,0,0,1,0,14684.705,23274.194,26599.078,1.0778900615208637e-05
0,37.0,13.0,0,0,1,0,14694.501,8951.6129,17732.719,0.0006489347778272542
0,26.0,16.0,0,0,1,0,14694.501,11637.097,20688.172,0.0008639854550786072
0,24.0,12.0,1,0,1,0,14694.501,11816.129,11821.813,0.007385427556999442
0,22.0,14.0,1,0,1,0,14694.501,12532.258,21397.481,0.0077644264771236544
0,27.0,12.0,1,0,1,0,14694.501,13427.419,14079.779,0.003837913942025234
0,23.0,13.0,0,0,1,0,14694.501,14322.581,20688.172,0.00048181533187055374
0,27.0,12.0,0,0,1,0,14694.501,14322.581,19210.445,0.0003376179910064485
0,28.0,12.0,1,0,1,0,14694.501,14859.677,19210.445,0.0024423672494075593
0,21.0,12.0,0,0,1,0,14694.501,15217.742,23643.625,0.0004291542745195963
0,28.0,12.0,0,0,1,0,14694.501,15933.871,0.0,0.00020477075789334385
0,22.0,13.0,0,0,1,0,14694.501,16112.903,0.0,0.00032660588910036564
0,20.0,12.0,0,0,1,0,14694.501,16112.903,26599.078,0.0003675629999251596
0,24.0,16.0,0,0,1,0,14694.501,16470.968,27337.942,0.0002861853382011859
0,22.0,12.0,0,0,1,0,14694.501,16829.032,21870.353,0.00026029836908509035
0,27.0,12.0,0,1,1,0,14694.501,16829.032,37829.8,0.0013054253516253805
0,35.0,12.0,1,0,1,0,14694.501,17187.097,21279.263,0.0007659297918296042
0,23.0,16.0,0,0,1,0,14694.501,19693.548,29554.531,0.00013341499993148185
0,22.0,16.0,0,0,1,0,14694.501,19693.548,2955.4531,0.00014438002297420232
0,23.0,16.0,0,0,1,0,14694.501,23274.194,25121.352,5.233318367865266e-05
0,20.0,12.0,0,0,1,0,14694.501,26854.839,31032.258,2.2186759464596186e-05
0,22.0,12.0,1,0,1,0,14790.505,14680.645,14038.402,0.004061816086101044
0,24.0,12.0,0,0,1,0,14890.428,719.70968,27963.02,0.014455494353897598
0,26.0,12.0,0,0,1,0,14890.428,10741.935,0.0,0.0009112918891163894
0,42.0,12.0,1,0,1,0,14988.391,11185.935,0.0,0.0020454103543575022
0,28.0,15.0,0,0,1,0,15082.436,18619.355,13986.682,0.00010963196641071967
0,24.0,13.0,0,0,1,0,15282.281,14322.581,32509.985,0.0004175757242296189
0,50.0,12.0,0,0,1,0,15282.281,14322.581,13151.767,5.147756472148073e-05
0,50.0,12.0,0,0,1,0,15282.281,14322.581,13151.767,5.147756472148073e-05
0,28.0,13.0,0,0,1,0,15282.281,14322.581,14038.402,0.0003044777367196025
0,25.0,12.0,0,0,1,0,15282.281,16112.903,25121.352,0.0002322674988153403
0,31.0,12.0,1,0,0,0,15282.281,17903.226,14777.266,0.00414480922405875
0,32.0,16.0,1,0,1,0,15282.281,19693.548,28076.805,0.0005545848289001342
0,22.0,12.0,0,0,1,0,15282.281,19693.548,21870.353,0.00011547771783738432
0,22.0,13.0,1,0,1,0,15403.756,14320.79,18660.731,0.004341730945164754
0,26.0,12.0,1,0,1,0,15411.593,8951.6129,11082.949,0.012268541345864813
0,22.0,12.0,0,0,1,0,15478.208,8951.6129,14186.175,0.001869969813114615
0,29.0,12.0,0,0,0,0,15478.208,14370.919,12615.352,0.0013287852073474765
0,53.0,17.0,0,0,1,0,15478.208,16399.355,15663.902,2.8191209718915758e-05
0,25.0,12.0,0,0,1,0,15478.208,17724.194,31327.803,0.00014922017707422628
0,26.0,12.0,1,0,1,0,15478.208,18175.355,19949.309,0.0011052687013492933
0,24.0,16.0,0,0,0,0,15587.927,19505.565,19210.445,0.000597578434516608
0,27.0,17.0,0,0,0,0,15674.134,0.0,41376.344,0.07376669936020547
0,46.0,12.0,0,0,1,0,15674.134,734.03226,20688.172,0.0023539325771796986
0,25.0,12.0,1,0,1,0,15674.134,3738.1935,10512.547,0.04855220883959434
0,21.0,13.0,0,0,0,0,15674.134,4946.6613,1733.3733,0.02907276814040963
0,37.0,12.0,0,0,1,0,15674.134,8951.6129,28076.805,0.0005604117430345137
0,37.0,12.0,0,0,1,0,15674.134,8951.6129,28076.805,0.0005604117430345137
0,28.0,15.0,1,0,1,0,15674.134,9452.9032,31032.258,0.010084462038204307
0,22.0,12.0,0,0,0,0,15674.134,10741.935,28963.441,0.0058118250779799485
0,22.0,12.0,0,0,0,0,15674.134,11637.097,20688.172,0.004604936933161241
0,27.0,12.0,0,0,1,0,15674.134,12532.258,19210.445,0.00048433934796393867
0,21.0,13.0,1,0,1,0,15674.134,12532.258,25121.352,0.007259475721926179
0,49.0,16.0,0,0,1,0,15674.134,12890.323,17732.719,9.100622550398868e-05
0,26.0,12.0,0,0,1,0,15674.134,13427.419,0.0,0.0004148313202801647
0,33.0,14.0,0,0,1,0,15674.134,13427.419,13890.63,0.0002584441542562072
0,28.0,15.0,0,0,1,0,15674.134,13785.484,15959.447,0.0003634960126161184
0,29.0,17.0,0,0,1,0,15674.134,14143.548,25860.215,0.0003312363190028263
0,54.0,16.0,1,0,1,0,15674.134,14322.581,11821.813,0.00038054103623066753
0,25.0,14.0,0,1,1,0,15674.134,14322.581,20702.949,0.002859881130412742
0,32.0,12.0,0,0,1,0,15674.134,14322.581,13299.539,0.00020441085773900529
0,40.0,12.0,0,0,1,0,15674.134,14322.581,16254.992,0.0001086645478968906
0,40.0,12.0,0,0,1,0,15674.134,14322.581,16254.992,0.0001086645478968906
0,27.0,16.0,0,0,1,0,15674.134,14322.581,22165.899,0.00035573750890799106
0,24.0,12.0,0,0,1,0,15674.134,14680.645,17732.719,0.0003501483771043022
0,43.0,12.0,0,0,1,0,15674.134,14680.645,13831.521,7.807883613086666e-05
0,25.0,16.0,0,0,1,0,15674.134,15217.742,19062.673,0.00032971579987594294
0,26.0,12.0,1,0,1,0,15674.134,15217.742,15516.129,0.002340883524259052
0,34.0,12.0,1,0,1,0,15674.134,15754.839,17732.719,0.001082679918572102
0,21.0,13.0,0,0,1,0,15674.134,15933.871,25121.352,0.00033281905292572867
0,21.0,12.0,1,0,1,0,15674.134,16112.903,11821.813,0.002748670458261907
0,23.0,12.0,1,0,1,0,15674.134,16202.419,19210.445,0.002293743113417461
0,26.0,12.0,0,0,1,0,15674.134,16470.968,35022.12,0.00018727383055405718
0,28.0,14.0,0,0,1,0,15674.134,16757.419,16254.992,0.00016067007174633833
0,26.0,17.0,0,0,1,0,15674.134,16829.032,19210.445,0.00020809712758111808
0,20.0,14.0,0,0,0,0,15674.134,17008.065,26599.078,0.0014391328701899785
0,26.0,12.0,1,0,1,0,15674.134,17983.79,20688.172,0.0011373943057859538
0,21.0,12.0,1,0,1,0,15674.134,19693.548,19210.445,0.0010799065920644034
0,41.0,12.0,0,0,1,0,15674.134,19693.548,32509.985,2.4667395418130245e-05
0,28.0,16.0,0,0,1,0,15674.134,19693.548,28815.668,8.076961985847493e-05
0,23.0,16.0,0,0,0,0,15674.134,21483.871,26599.078,0.00038206585589331435
0,22.0,12.0,0,0,1,0,15674.134,22916.129,31771.121,4.765778759927847e-05
0,27.0,14.0,0,1,0,0,15674.134,23274.194,27337.942,0.0011995432655010213
0,26.0,16.0,0,0,1,0,15674.134,23274.194,29554.531,3.7103826502082696e-05
0,54.0,12.0,0,0,1,0,15674.134,25064.516,0.0,2.1699282873345314e-06
0,54.0,12.0,0,0,1,0,15674.134,25064.516,0.0,2.1699282873345314e-06
0,54.0,12.0,1,0,0,0,15674.134,25064.516,20688.172,9.970034556895215e-05
0,37.0,16.0,0,0,0,0,15674.134,26854.839,29258.986,3.106674855458612e-05
0,32.0,13.0,0,0,1,0,15674.134,30435.484,22018.126,3.1535406344325443e-06
0,29.0,12.0,0,0,1,0,15678.053,17487.871,10196.313,0.00011323129436735144
0,22.0,13.0,0,0,1,0,15870.061,15826.452,35465.438,0.00030961085941639307
0,23.0,12.0,1,0,1,0,15870.061,30435.484,27781.26,5.451809894669593e-05
0,36.0,12.0,0,0,1,0,15873.98,12727.403,17444.562,0.00022124449569152122
0,21.0,13.0,0,0,1,0,15960.187,21483.871,14777.266,7.563822559174756e-05
0,21.0,12.0,0,0,1,0,15987.617,16291.935,14481.72,0.0002814709071291972
0,26.0,12.0,1,0,1,0,15987.617,17903.226,19505.991,0.0011225377040823597
0,28.0,12.0,1,0,1,0,15987.617,19693.548,13299.539,0.000600595597126211
0,43.0,12.0,0,0,1,0,15989.576,14322.581,14777.266,8.283667755663476e-05
0,27.0,12.0,1,0,1,0,16011.128,16112.903,20460.602,0.001651127355873995
0,36.0,17.0,0,0,0,0,16015.047,30793.548,29584.086,1.2040068540031755e-05
0,23.0,12.0,0,0,1,0,16065.988,4833.871,25564.67,0.004740699746556603
0,31.0,12.0,0,0,1,0,16065.988,15038.71,17732.719,0.000175773610057096
0,25.0,14.0,0,0,1,0,16065.988,15217.742,18471.582,0.0002917434697566934
0,35.0,12.0,1,0,1,0,16065.988,16086.048,19210.445,0.0008792374587285841
0,23.0,16.0,0,0,1,0,16065.988,16829.032,20688.172,0.0002428322481645247
0,21.0,12.0,0,0,1,0,16065.988,20588.71,28815.668,9.079158626197254e-05
0,22.0,12.0,0,0,0,0,16230.566,9846.7742,2955.4531,0.006903527898415672
0,36.0,12.0,1,0,1,0,16261.914,21304.839,22165.899,0.00020341577215624506
0,21.0,12.0,0,0,1,0,16306.978,18529.839,11969.585,0.00015146425891876468
0,28.0,12.0,0,0,1,0,16393.185,13298.516,0.0,0.00033871413023384795
0,24.0,12.0,0,1,1,0,16457.841,8951.6129,21870.353,0.010598226249747886
0,30.0,12.0,0,0,0,0,16457.841,14680.645,15146.697,0.0010178418267173153
0,44.0,12.0,0,0,1,0,16457.841,16112.903,17289.401,4.5551263064859316e-05
0,30.0,12.0,0,0,1,0,16457.841,16650.0,19949.309,0.00011961888777712797
0,34.0,12.0,0,0,1,0,16457.841,16829.032,20688.172,8.32268827618536e-05
0,26.0,16.0,0,0,1,0,16457.841,21483.871,40637.481,5.4386081937240444e-05
0,23.0,16.0,0,0,1,0,16457.841,21483.871,18471.582,6.892917542049752e-05
0,20.0,12.0,0,0,0,0,16497.026,19604.032,19653.763,0.0006168546600129361
0,26.0,13.0,0,0,0,0,16653.768,3580.6452,8866.3594,0.025250992788660605
0,21.0,12.0,1,0,1,0,16653.768,9846.7742,7388.6329,0.012580154691495666
0,25.0,12.0,0,0,1,0,16653.768,12181.355,17732.719,0.0005586267304102757
0,23.0,15.0,0,0,1,0,16653.768,13427.419,16993.856,0.0005323106747220142
0,25.0,12.0,1,0,0,0,16653.768,14859.677,22904.762,0.012592743769915532
0,28.0,16.0,0,0,1,0,16653.768,15396.774,17437.174,0.00022309911924376036
0,38.0,14.0,0,0,1,0,16653.768,16112.903,19505.991,7.755660073545311e-05
0,29.0,17.0,0,0,1,0,16653.768,16112.903,17732.719,0.00017791255707168843
0,24.0,17.0,0,0,1,0,16653.768,16650.0,20688.172,0.0002294831621564815
0,25.0,16.0,1,0,1,0,16653.768,17008.065,21870.353,0.0016728548534620158
0,55.0,12.0,0,0,1,0,16653.768,17545.161,16254.992,1.2860610116739969e-05
0,30.0,14.0,0,0,1,0,16653.768,17545.161,0.0,0.00010034171008681901
0,21.0,12.0,0,0,0,0,16653.768,17903.226,19210.445,0.0008737811814594086
0,26.0,12.0,0,0,1,0,16653.768,17903.226,17732.719,0.00011573897517635207
0,34.0,12.0,0,0,1,0,16653.768,19532.419,16254.992,4.018966085852301e-05
0,22.0,12.0,0,0,1,0,16653.768,19693.548,26007.988,9.942241504624383e-05
0,22.0,16.0,0,0,0,0,16653.768,22737.097,37682.028,0.00026778710019670024
0,27.0,15.0,0,0,0,0,16653.768,23274.194,23643.625,0.0001506767384326481
0,26.0,12.0,0,0,0,0,16653.768,23274.194,2955.4531,0.00014470697606921545
0,26.0,16.0,0,0,1,0,16653.768,24706.452,29554.531,2.2929591801606967e-05
0,24.0,14.0,1,0,1,0,16653.768,28466.129,40637.481,8.379115116647934e-05
0,26.0,14.0,1,0,0,0,16667.483,21483.871,28815.668,0.0022506598565734766
0,23.0,12.0,1,0,1,0,16708.627,10491.29,7565.9601,0.00905431327457081
0,28.0,14.0,0,0,0,0,16849.695,12174.194,1921.0445,0.0023780830174406
0,21.0,12.0,0,0,1,0,16849.695,15396.774,0.0,0.00032371327541938066
0,30.0,12.0,0,0,1,0,16849.695,17366.129,18978.442,9.504745570355417e-05
0,24.0,12.0,0,0,1,0,16849.695,18619.355,25121.352,0.0001100310609679136
0,51.0,12.0,0,0,1,0,16849.695,19693.548,17732.719,9.847487646945931e-06
0,21.0,14.0,0,0,0,0,16849.695,19693.548,35465.438,0.0005802137498040397
0,22.0,14.0,1,0,1,0,16849.695,21125.806,24086.943,0.0006539199741970836
0,24.0,12.0,0,0,1,0,16884.961,9311.4677,23080.611,0.001247236397012385
0,23.0,15.0,0,0,1,0,16955.495,20844.726,25514.427,7.41433562270727e-05
0,26.0,14.0,0,0,1,0,17045.621,25064.516,38716.436,1.8475533578189213e-05
0,45.0,12.0,0,0,1,0,17104.399,16381.452,18176.037,3.656450250184872e-05
0,46.0,13.0,0,0,1,0,17241.548,15754.839,14777.266,4.080076806940956e-05
0,29.0,12.0,0,0,1,0,17241.548,19686.387,33544.393,5.374035162430316e-05
0,26.0,14.0,0,0,1,0,17241.548,20588.71,24530.261,5.8259832916469925e-05
0,27.0,16.0,0,0,1,0,17241.548,24885.484,22165.899,1.8962764875458762e-05
0,26.0,14.0,0,0,1,0,17437.475,7161.2903,14771.355,0.001903326633461648
0,20.0,15.0,0,0,1,0,17437.475,8056.4516,18471.582,0.0025163031847841542
0,23.0,12.0,0,0,1,0,17437.475,12532.258,21427.035,0.0005479648104577509
0,30.0,16.0,0,0,1,0,17437.475,17867.419,15516.129,9.169096436114232e-05
0,24.0,12.0,0,0,1,0,17437.475,22379.032,16254.992,3.862731564109116e-05
0,23.0,12.0,0,0,1,0,17633.401,0.0,23643.625,0.014002228797789786
0,34.0,12.0,0,0,1,0,17633.401,0.0,0.0,0.005920563290477298
0,24.0,12.0,0,1,1,0,17633.401,4848.1935,22165.899,0.026800110056200414
0,43.0,12.0,1,0,1,0,17633.401,10741.935,21858.531,0.0015910175444996198
0,28.0,14.0,1,0,1,0,17633.401,12532.258,16254.992,0.0035219945270292853
0,20.0,12.0,0,0,1,0,17633.401,15217.742,28815.668,0.0003370003202121964
0,23.0,12.0,1,0,1,0,17633.401,15217.742,15516.129,0.002395470000152086
0,27.0,14.0,1,0,1,0,17633.401,16112.903,26599.078,0.001498009252572505
0,53.0,12.0,0,0,1,0,17633.401,16112.903,19210.445,1.9679525792070137e-05
0,28.0,16.0,0,0,1,0,17633.401,16112.903,22165.899,0.0001662595426526492
0,26.0,12.0,0,0,1,0,17633.401,16112.903,25121.352,0.00016605260629284023
0,25.0,15.0,0,0,1,0,17633.401,16112.903,18619.355,0.00020249001968957348
0,29.0,14.0,0,0,1,0,17633.401,17187.097,19699.573,0.00010714909614329551
0,26.0,12.0,1,0,1,0,17633.401,17416.258,23643.625,0.0010653191901384322
0,55.0,16.0,0,0,1,0,17633.401,17903.226,22165.899,1.2340348678939188e-05
0,22.0,12.0,0,1,1,0,17633.401,17903.226,14777.266,0.0010620004880806783
0,33.0,12.0,0,0,1,0,17633.401,17903.226,15811.674,5.9828761227473224e-05
0,34.0,14.0,0,1,1,0,17633.401,17903.226,8866.3594,0.00044594741976787837
0,24.0,12.0,0,0,1,0,17633.401,18440.323,19949.309,0.00010584868916656895
0,24.0,12.0,0,0,1,0,17633.401,18750.048,32509.985,9.761805119825553e-05
0,26.0,12.0,1,0,1,0,17633.401,18798.387,18471.582,0.0007425496267944375
0,45.0,12.0,0,0,1,0,17633.401,18798.387,19949.309,1.8349570122603678e-05
0,22.0,12.0,0,0,1,0,17633.401,19693.548,23643.625,8.933985532472723e-05
0,55.0,14.0,0,0,1,0,17633.401,19693.548,2068.8172,7.13708299724137e-06
0,24.0,12.0,0,0,1,0,17633.401,19693.548,11526.267,7.628453393594605e-05
0,23.0,12.0,0,0,1,0,17633.401,21546.532,4433.1797,5.086397806736505e-05
0,24.0,13.0,1,0,0,0,17633.401,25064.516,22165.899,0.0008953011682105654
0,31.0,13.0,0,0,1,0,17633.401,25064.516,23643.625,1.121783825149012e-05
0,43.0,12.0,0,0,1,0,17633.401,26854.839,28076.805,2.6164123643573395e-06
0,43.0,12.0,0,0,1,0,17633.401,26854.839,28076.805,2.6164123643573395e-06
0,23.0,12.0,1,0,1,0,17672.587,14322.581,12294.685,0.003012173841641911
0,22.0,12.0,0,0,1,0,17703.935,12532.258,20688.172,0.0005759901974367129
0,30.0,12.0,1,0,1,0,17760.754,17366.129,19210.445,0.0007762995628375249
0,28.0,12.0,0,0,0,0,17829.328,5012.9032,16240.215,0.012694533286070304
0,28.0,12.0,0,0,1,0,17829.328,11100.0,20688.172,0.0005143265184552626
0,21.0,12.0,0,0,0,0,17829.328,12945.823,26599.078,0.002802713782779756
0,28.0,13.0,0,0,1,0,17876.35,15396.774,22452.578,0.00017325730084053977
0,25.0,14.0,0,0,1,0,17939.047,14322.581,9974.6544,0.0003004782747628174
0,54.0,12.0,0,0,1,0,18025.255,18798.387,23643.625,8.635506542684953e-06
0,26.0,16.0,0,0,1,0,18025.255,19872.581,20983.717,6.983604600123192e-05
0,26.0,16.0,0,0,1,0,18025.255,23274.194,28076.805,2.870502969860658e-05
0,49.0,13.0,0,0,1,0,18221.181,17903.226,17732.719,1.6498188423546646e-05
0,21.0,13.0,1,0,0,0,18221.181,21125.806,21870.353,0.002973236414624371
0,26.0,16.0,0,0,1,0,18221.181,22379.032,18471.582,3.550439564438278e-05
0,30.0,12.0,1,0,1,0,18338.737,25422.581,22165.899,8.87943820485462e-05
0,21.0,13.0,0,0,1,0,18417.108,8951.6129,27337.942,0.0015284416155732824
0,33.0,12.0,0,0,1,0,18417.108,12890.323,20688.172,0.00020358249815942628
0,33.0,12.0,0,0,1,0,18417.108,14412.097,20688.172,0.00013678008272512731
0,40.0,12.0,0,0,1,0,18417.108,17545.161,17289.401,3.469460912796562e-05
0,27.0,16.0,0,0,1,0,18417.108,18798.387,25860.215,8.187073284920999e-05
0,21.0,12.0,0,0,1,0,18417.108,19693.548,28224.578,8.875604155651787e-05
0,31.0,12.0,0,0,1,0,18593.442,14814.919,16254.992,0.0001414322522124012
0,27.0,14.0,1,0,1,0,18613.035,0.0,13299.539,0.08336791093161741
0,47.0,17.0,0,0,1,0,18613.035,10025.806,35465.438,0.00017012955971965678
0,32.0,12.0,1,0,1,0,18613.035,16112.903,17732.719,0.0008380004230910642
0,28.0,12.0,1,0,0,0,18613.035,17008.065,19949.309,0.004612432531400736
0,35.0,14.0,0,0,1,0,18613.035,19693.548,22424.501,3.1132286277836715e-05
0,26.0,14.0,0,0,1,0,18613.035,19693.548,28076.805,6.33814090392576e-05
0,37.0,12.0,0,0,1,0,18613.035,21483.871,23052.535,1.537426576525626e-05
0,23.0,12.0,0,0,0,0,18613.035,23274.194,32953.303,0.00014808896349702825
0,44.0,12.0,1,0,1,0,18613.035,23632.258,19210.445,4.553344539755987e-05
0,44.0,12.0,1,0,1,0,18613.035,23632.258,19210.445,4.553344539755987e-05
0,36.0,12.0,1,0,1,0,18613.035,25064.516,33692.166,5.891112712408824e-05
0,26.0,12.0,0,0,1,0,18677.69,18261.29,24973.579,8.450741758686206e-05
0,23.0,14.0,0,0,1,0,18722.754,21662.903,28076.805,4.7438866964503e-05
0,32.0,13.0,1,0,1,0,18808.961,14143.548,26599.078,0.0014273899339519486
0,33.0,12.0,0,0,0,0,18808.961,16028.758,17502.194,0.00043703236733168743
0,37.0,12.0,1,0,1,0,18808.961,16112.903,32509.985,0.0005527687638331907
0,27.0,12.0,0,0,1,0,18808.961,17187.097,19505.991,0.00010192843375241119
0,43.0,12.0,0,0,1,0,18808.961,17903.226,26155.76,2.3884787503261908e-05
0,27.0,16.0,0,0,1,0,18808.961,17903.226,18471.582,9.911957748690782e-05
0,24.0,12.0,0,0,1,0,18808.961,17903.226,18323.81,0.00010713273588052381
0,24.0,12.0,0,0,1,0,18808.961,18798.387,23052.535,8.478446398763825e-05
0,34.0,12.0,1,0,0,0,18848.147,30435.484,12560.676,8.407692270369397e-05
0,42.0,12.0,0,0,1,0,18879.495,17008.065,19210.445,3.2411308399512774e-05
0,24.0,13.0,1,0,1,0,18881.454,16112.903,12560.676,0.001591979343472592
0,27.0,12.0,0,0,1,0,18924.558,11995.161,22165.899,0.00039089521012237007
0,23.0,12.0,1,0,1,0,19004.888,13427.419,13299.539,0.0032901188811794435
0,26.0,16.0,0,0,1,0,19004.888,16112.903,26599.078,0.00016764072944382467
0,27.0,12.0,1,0,1,0,19004.888,19693.548,19210.445,0.00046762881351057297
0,37.0,12.0,1,0,1,0,19004.888,25959.677,25860.215,4.127668307454177e-05
0,37.0,12.0,0,0,1,0,19016.644,20893.065,16993.856,1.716821640959535e-05
0,26.0,12.0,0,1,1,0,19055.829,0.0,13299.539,0.06671863782710821
0,23.0,12.0,0,0,1,0,19096.974,20683.597,16993.856,5.432249321014683e-05
0,26.0,13.0,0,0,1,0,19200.815,14680.645,18471.582,0.0002117337941191768
0,27.0,16.0,0,0,1,0,19200.815,17688.387,0.0,0.00010045446334162613
0,27.0,12.0,0,0,0,0,19200.815,19514.516,23643.625,0.00027049574257579165
0,29.0,14.0,0,0,1,0,19200.815,21483.871,23052.535,2.9373628461338293e-05
0,25.0,16.0,0,0,1,0,19200.815,22558.065,33396.621,3.294759647479587e-05
0,26.0,12.0,0,0,1,0,19263.511,13024.597,24627.791,0.0003115118354886004
0,22.0,14.0,0,0,1,0,19279.185,17616.774,17289.401,0.00013909919592562303
0,28.0,12.0,0,0,1,0,19298.778,0.0,29554.531,0.00791372108455502
0,46.0,12.0,0,0,1,0,19394.782,19201.21,20431.048,1.2591826821999781e-05
0,33.0,17.0,0,0,0,0,19396.741,0.0,1539.7911,0.03196698791994824
0,23.0,12.0,0,0,1,0,19396.741,12532.258,25121.352,0.0004424983040448998
0,23.0,12.0,0,0,1,0,19396.741,12532.258,0.0,0.0004424983040448998
0,23.0,13.0,0,0,1,0,19396.741,17903.226,31032.258,0.00011314869903869526
0,26.0,16.0,0,0,1,0,19396.741,25780.645,25564.67,1.2835722335014605e-05
0,24.0,16.0,1,0,0,0,19494.705,15217.742,23643.625,0.010692654274568813
0,37.0,12.0,1,0,1,0,19586.79,12030.968,14777.266,0.0014744635028074923
0,50.0,16.0,0,0,0,0,19592.668,0.0,23643.625,0.008044584053161268
0,26.0,13.0,0,0,1,0,19592.668,0.0,23643.625,0.009326784588212891
0,21.0,12.0,1,0,0,0,19592.668,716.12903,22165.899,0.3385108345299459
0,25.0,12.0,1,0,1,0,19592.668,5370.9677,24642.568,0.02125076852757671
0,24.0,13.0,1,0,1,0,19592.668,11637.097,18442.028,0.00473075245248139
0,24.0,12.0,1,0,0,0,19592.668,11995.161,19210.445,0.020733464882446605
0,32.0,14.0,1,0,1,0,19592.668,12335.323,14777.266,0.002185799191119874
0,27.0,16.0,0,0,1,0,19592.668,12532.258,17720.897,0.00037032311255811873
0,21.0,12.0,0,1,1,0,19592.668,12532.258,17732.719,0.00376756802902611
0,24.0,16.0,0,0,1,0,19592.668,12890.323,31032.258,0.0004273968634804889
0,45.0,14.0,0,0,1,0,19592.668,13606.452,17732.719,6.232586455299525e-05
0,38.0,12.0,0,0,1,0,19592.668,13964.516,16286.025,9.111342465468299e-05
0,27.0,15.0,0,0,1,0,19592.668,14859.677,23643.625,0.00019371712895651364
0,20.0,12.0,1,0,1,0,19592.668,16709.081,12708.449,0.001661319640176139
0,23.0,12.0,1,0,1,0,19592.668,17008.065,22165.899,0.0012127938921487568
0,33.0,12.0,0,0,1,0,19592.668,17008.065,25014.955,6.104332397190482e-05
0,24.0,13.0,0,0,1,0,19592.668,17187.097,22313.671,0.0001234075453663582
0,44.0,12.0,0,0,1,0,19592.668,17187.097,15368.356,2.443158677819142e-05
0,34.0,12.0,1,0,1,0,19592.668,17366.129,19210.445,0.0004635399485895519
0,23.0,12.0,1,0,1,0,19592.668,17366.129,14777.266,0.0011045563039402105
0,27.0,12.0,1,0,1,0,19592.668,17724.194,25121.352,0.0007336247034171986
0,25.0,16.0,0,0,1,0,19592.668,17903.226,25712.442,0.00010656530776239691
0,22.0,12.0,0,0,1,0,19592.668,17903.226,23643.625,0.00011518033457380326
0,24.0,16.0,0,0,0,0,19592.668,17903.226,16993.856,0.0005867199261383867
0,23.0,12.0,0,0,1,0,19592.668,17903.226,16254.992,0.00010643266243275232
0,31.0,16.0,0,0,1,0,19592.668,17903.226,17732.719,6.634222912363881e-05
0,23.0,12.0,1,0,1,0,19592.668,17903.226,26599.078,0.0009600221962932327
0,27.0,12.0,0,0,1,0,19592.668,18082.258,32657.757,7.405204431415204e-05
0,20.0,12.0,1,0,1,0,19592.668,18619.355,23643.625,0.0010089951763189262
0,20.0,12.0,0,0,1,0,19592.668,18798.387,17732.719,0.00010675317252594106
0,52.0,15.0,0,0,1,0,19592.668,18798.387,17437.174,9.604147951775653e-06
0,33.0,16.0,0,0,1,0,19592.668,19335.484,26599.078,3.8958523770242546e-05
0,40.0,12.0,0,0,1,0,19592.668,19335.484,21279.263,1.911196123937903e-05
0,31.0,12.0,1,0,1,0,19592.668,19466.177,20259.631,0.0003393692254765425
0,35.0,12.0,0,0,1,0,19592.668,19693.548,22535.33,2.5834031058856008e-05
0,33.0,12.0,0,0,0,0,19592.668,19693.548,13299.539,0.00015398106639702335
0,22.0,12.0,0,0,1,0,19592.668,19693.548,17732.719,7.213828002166964e-05
0,29.0,16.0,1,0,1,0,19592.668,20588.71,42854.071,0.0003475462430063334
0,26.0,12.0,0,0,1,0,19592.668,21125.806,21982.661,3.617158382049188e-05
0,23.0,12.0,0,0,1,0,19592.668,21215.323,24884.916,4.478408931005445e-05
0,30.0,12.0,0,0,1,0,19592.668,21483.871,23348.08,2.4015832796808304e-05
0,43.0,12.0,0,0,1,0,19592.668,21483.871,22165.899,8.60024116344718e-06
0,43.0,12.0,0,0,1,0,19592.668,21483.871,22165.899,8.60024116344718e-06
0,31.0,12.0,0,0,1,0,19592.668,21483.871,25121.352,2.2191733815693436e-05
0,23.0,12.0,0,0,1,0,19592.668,21483.871,20688.172,4.174845544122717e-05
0,23.0,13.0,0,0,1,0,19592.668,21483.871,21279.263,4.3443871903376176e-05
0,28.0,16.0,0,0,1,0,19592.668,21483.871,32509.985,3.298098093012108e-05
0,30.0,12.0,0,0,1,0,19592.668,21483.871,29554.531,2.4015832796808304e-05
0,53.0,12.0,1,0,1,0,19592.668,21483.871,23643.625,3.523743002283467e-05
0,32.0,12.0,0,0,1,0,19592.668,21483.871,29554.531,2.050617963910171e-05
0,43.0,12.0,0,0,1,0,19592.668,21739.887,29338.783,8.04356930841208e-06
0,43.0,12.0,0,0,1,0,19592.668,21739.887,29338.783,8.04356930841208e-06
0,37.0,17.0,0,0,0,0,19592.668,23005.645,22165.899,5.7643005527459834e-05
0,23.0,12.0,1,0,1,0,19592.668,23274.194,21427.035,0.00023599452923233496
0,28.0,12.0,1,0,1,0,19592.668,24169.355,25860.215,0.00012583403349377946
0,27.0,14.0,1,0,0,0,19592.668,25064.516,28815.668,0.0005937184064115403
0,46.0,12.0,0,0,0,0,19592.668,25064.516,29554.531,1.3546922085191268e-05
0,30.0,12.0,1,0,1,0,19592.668,26854.839,25897.158,5.325596257123323e-05
0,35.0,17.0,0,0,1,0,19592.668,44758.065,36943.164,4.5020378054907994e-08
0,26.0,15.0,0,0,1,0,19596.587,19335.484,23643.625,6.50529472827547e-05
0,25.0,12.0,0,0,1,0,19641.65,8736.7742,23643.625,0.0009915122108794987
0,24.0,12.0,0,0,1,0,19706.305,6624.1935,25121.352,0.0018491834146931012
0,22.0,14.0,0,0,1,0,19727.857,20141.129,22284.117,6.847436669193509e-05
0,27.0,13.0,0,0,1,0,19735.695,20051.613,36943.164,4.534225729072602e-05
0,36.0,12.0,1,0,1,0,19749.409,25064.516,23643.625,5.2038639840124574e-05
0,35.0,13.0,0,0,1,0,19788.595,21269.032,14777.266,1.743220790756345e-05
0,34.0,12.0,1,0,1,0,19788.595,23274.194,31032.258,9.689343446995274e-05
0,28.0,14.0,0,0,1,0,19984.521,12532.258,31032.258,0.00030279443024667667
0,18.0,12.0,0,0,1,0,19984.521,23274.194,26599.078,3.71851648516294e-05
0,21.0,12.0,0,0,1,0,20068.77,21215.323,56892.473,4.9792560486694986e-05
0,28.0,16.0,1,0,1,0,20082.485,19335.484,21279.263,0.0004946478102354371
0,24.0,14.0,0,0,1,0,20141.263,0.0,0.0,0.01069124522598307
0,30.0,12.0,0,0,1,0,20180.448,15754.839,33987.711,0.00010067889773341068
0,42.0,12.0,0,0,1,0,20180.448,17455.645,0.0,2.5015841150165725e-05
0,24.0,12.0,0,0,1,0,20180.448,19693.548,29554.531,5.77685585909796e-05
0,40.0,12.0,0,0,1,0,20180.448,19693.548,17732.719,1.632278229356926e-05
0,25.0,17.0,0,0,1,0,20180.448,21036.29,22904.762,4.5857486257536296e-05
0,27.0,17.0,0,0,1,0,20180.448,21578.758,28520.123,3.397988213363633e-05
0,24.0,16.0,0,0,1,0,20200.041,17903.226,42854.071,0.00010792635287216359
0,25.0,16.0,1,0,0,0,20233.348,19335.484,23052.535,0.003130653153138222
0,53.0,16.0,0,0,1,0,20343.067,20112.484,19930.098,6.035239911055886e-06
0,28.0,12.0,0,0,1,0,20376.375,17903.226,32509.985,6.582664718935116e-05
0,20.0,12.0,0,0,1,0,20376.375,18655.161,16993.856,0.0001017388238757488
0,26.0,12.0,0,0,1,0,20376.375,20946.774,22165.899,3.479657044785707e-05
0,33.0,12.0,0,0,1,0,20503.727,21483.871,20688.172,1.7154836679091493e-05
0,24.0,14.0,0,0,0,0,20572.301,11637.097,12412.903,0.00249969609308735
0,38.0,12.0,1,0,0,0,20572.301,14322.581,16254.992,0.003414603981648532
0,27.0,12.0,0,0,1,0,20572.301,17545.161,24530.261,7.657057975608981e-05
0,27.0,16.0,0,0,1,0,20572.301,18619.355,88663.594,6.780821231729116e-05
0,31.0,13.0,0,0,1,0,20572.301,18798.387,29554.531,4.186731201097521e-05
0,26.0,15.0,0,0,1,0,20572.301,18798.387,23643.625,6.729422205033931e-05
0,28.0,16.0,0,0,1,0,20572.301,18798.387,22165.899,5.9793705042955775e-05
0,26.0,17.0,0,0,1,0,20572.301,18977.419,35465.438,6.953947316346163e-05
0,52.0,12.0,0,0,1,0,20572.301,18977.419,20688.172,7.308474726565008e-06
0,25.0,12.0,0,0,1,0,20572.301,20588.71,22461.444,4.0476106335384234e-05
0,24.0,12.0,0,0,1,0,20572.301,20767.742,22165.899,4.180057538785164e-05
0,41.0,12.0,0,0,1,0,20572.301,21483.871,25310.501,9.050684153270789e-06
0,40.0,12.0,0,0,1,0,20572.301,24772.694,32586.826,4.146243261434835e-06
0,40.0,12.0,0,0,1,0,20572.301,24772.694,32586.826,4.146243261434835e-06
0,32.0,13.0,0,0,1,0,20572.301,25064.516,7388.6329,7.520958545880425e-06
0,24.0,12.0,1,0,1,0,20572.301,25959.677,31032.258,9.713253654624575e-05
0,46.0,12.0,1,0,1,0,20572.301,32225.806,7882.1935,3.3215231572139986e-06
0,31.0,13.0,0,0,1,0,20572.301,33658.065,31032.258,8.611383374466142e-07
0,25.0,15.0,0,0,0,0,20738.839,21483.871,39011.982,0.00018038892136396849
0,29.0,12.0,0,0,1,0,20768.228,0.0,44331.797,0.006239369239063894
0,25.0,14.0,0,0,0,0,20768.228,14322.581,17437.174,0.0011221312705869226
0,42.0,16.0,0,0,1,0,20768.228,19693.548,22165.899,1.5327436315630985e-05
0,24.0,12.0,0,0,1,0,20768.228,23274.194,27485.714,2.125096202078148e-05
0,25.0,14.0,1,0,1,0,20768.228,23274.194,26303.533,0.0001919341275896894
0,44.0,12.0,0,0,1,0,20895.58,12174.194,20963.029,7.856082436246552e-05
0,27.0,12.0,0,0,0,0,20964.155,18440.323,23348.08,0.0002954541482606228
0,28.0,14.0,0,0,1,0,20964.155,20588.71,28446.237,3.313451142682554e-05
0,33.0,16.0,0,0,1,0,20964.155,21483.871,22018.126,1.9129899196345383e-05
0,25.0,16.0,0,0,1,0,20964.155,24706.452,26229.647,1.550085043014072e-05
0,26.0,12.0,1,0,1,0,21116.978,22379.032,25121.352,0.00019922597951851069
0,39.0,12.0,0,0,1,0,21138.53,20366.71,15049.167,1.3343381592272475e-05
0,31.0,14.0,0,0,1,0,21140.489,20141.129,19653.763,2.882762479357888e-05
0,31.0,14.0,0,0,1,0,21140.489,20141.129,19653.763,2.882762479357888e-05
0,23.0,13.0,1,0,1,0,21160.081,17903.226,23643.625,0.0008419996434171344
0,42.0,12.0,0,0,1,0,21160.081,21483.871,12232.621,7.843477401346978e-06
0,36.0,14.0,0,0,1,0,21160.081,23460.387,0.0,8.13883261260079e-06
0,26.0,12.0,0,0,1,0,21160.081,24169.355,21279.263,1.3758606187337015e-05
0,46.0,17.0,0,0,0,0,21258.045,24094.161,24787.386,1.7761536735932163e-05
0,31.0,12.0,0,0,1,0,21356.008,15038.71,35465.438,9.86716717570347e-05
0,27.0,12.0,1,0,1,0,21356.008,20588.71,21722.581,0.0002863518431343921
0,25.0,12.0,0,1,1,0,21512.749,26586.29,25558.759,5.676125624550487e-05
0,42.0,16.0,0,0,1,0,21551.935,0.0,41376.344,0.002414437394848019
0,28.0,12.0,0,0,1,0,21551.935,8366.1774,0.0,0.0006998538462977394
0,28.0,12.0,0,0,1,0,21551.935,10562.903,21722.581,0.00039425331111522826
0,27.0,13.0,0,0,1,0,21551.935,14322.581,16254.992,0.0001662205230232004
0,35.0,12.0,1,0,1,0,21551.935,14322.581,15638.78,0.0007660458379296371
0,35.0,12.0,1,0,1,0,21551.935,14322.581,15638.78,0.0007660458379296371
0,26.0,12.0,0,0,1,0,21551.935,15217.742,26599.078,0.00013680442936197276
0,19.0,12.0,0,0,1,0,21551.935,15754.839,19210.445,0.00020665735197394357
0,29.0,12.0,0,0,1,0,21551.935,17008.065,20688.172,6.760475254882854e-05
0,34.0,12.0,1,0,1,0,21551.935,17903.226,25121.352,0.00032530510174718784
0,28.0,16.0,0,0,1,0,21551.935,18619.355,44331.797,5.6303655539741345e-05
0,31.0,16.0,0,0,1,0,21551.935,18798.387,23348.08,4.2393366438748355e-05
0,37.0,15.0,1,0,0,0,21551.935,19210.161,17732.719,0.001045395025542532
0,40.0,12.0,0,0,1,0,21551.935,19693.548,31032.258,1.4053170530106316e-05
0,37.0,12.0,0,0,1,0,21551.935,19693.548,44331.797,1.781124637419204e-05
0,48.0,12.0,0,0,1,0,21551.935,20230.645,0.0,6.4915814265237315e-06
0,43.0,12.0,0,0,1,0,21551.935,20588.71,19210.445,8.77484077576412e-06
0,26.0,16.0,0,0,1,0,21551.935,20588.71,28815.668,3.9409768624701756e-05
0,29.0,12.0,0,0,1,0,21551.935,20588.71,19949.309,2.651749310524226e-05
0,27.0,12.0,0,0,1,0,21551.935,21120.435,23052.535,2.702632861857576e-05
0,22.0,14.0,0,0,1,0,21551.935,21483.871,23200.307,3.95038442372123e-05
0,23.0,12.0,0,0,1,0,21551.935,21483.871,26599.078,3.370986173192711e-05
0,21.0,12.0,0,0,1,0,21551.935,21483.871,12534.077,3.9479249069595656e-05
0,36.0,12.0,0,0,1,0,21551.935,21483.871,23643.625,1.2071817245725285e-05
0,26.0,16.0,0,0,1,0,21551.935,21483.871,29492.467,3.1188309277909076e-05
0,33.0,12.0,0,0,1,0,21551.935,21483.871,21427.035,1.5300050946805686e-05
0,37.0,12.0,0,0,1,0,21551.935,22379.032,24382.488,8.827774450947357e-06
0,29.0,16.0,0,0,0,0,21551.935,22737.097,33248.848,9.026076169027636e-05
0,25.0,14.0,0,0,1,0,21551.935,22916.129,31505.131,2.143584150586721e-05
0,27.0,16.0,0,0,1,0,21551.935,23274.194,27633.487,1.8049242046814066e-05
0,41.0,17.0,0,0,1,0,21551.935,23274.194,22904.762,6.215155961674283e-06
0,29.0,16.0,0,0,1,0,21551.935,23274.194,23643.625,1.5411527893190812e-05
0,34.0,14.0,0,0,1,0,21551.935,23274.194,22165.899,9.588142600107687e-06
0,45.0,12.0,0,0,1,0,21551.935,23632.258,26633.066,3.3816914605537864e-06
0,41.0,12.0,1,0,1,0,21551.935,24885.484,21427.035,3.0176335096178718e-05
0,35.0,13.0,1,0,1,0,21551.935,25959.677,26423.229,3.8093987198767465e-05
0,23.0,12.0,0,0,1,0,21551.935,25959.677,58665.745,1.046378567924861e-05
0,43.0,17.0,0,0,0,0,21551.935,25959.677,36943.164,1.3387639642986717e-05
0,21.0,12.0,0,0,1,0,21551.935,26138.71,38420.891,1.169444198502107e-05
0,22.0,12.0,0,0,1,0,21551.935,26765.323,35465.438,9.173655331874714e-06
0,25.0,17.0,0,0,1,0,21551.935,31151.613,53937.02,2.8064099933655918e-06
0,23.0,16.0,0,0,1,0,21551.935,35806.452,44331.797,9.355694966786395e-07
0,28.0,14.0,0,0,1,0,21649.898,26854.839,22165.899,5.9768501702321935e-06
0,44.0,13.0,0,0,1,0,21679.287,21918.919,22165.899,5.8773793105960354e-06
0,23.0,12.0,0,0,0,0,21747.862,11413.306,2216.5899,0.002330034646649004
0,39.0,14.0,0,0,1,0,21747.862,21841.935,18619.355,9.193800169986444e-06
0,23.0,12.0,0,0,1,0,21865.418,21483.871,25121.352,3.257583384552397e-05
0,24.0,14.0,1,0,1,0,21869.336,26353.548,18767.127,8.236577452497934e-05
0,24.0,13.0,0,1,1,0,21922.236,24742.258,35317.665,9.897934242830808e-05
0,51.0,12.0,0,0,1,0,21943.788,19156.452,24382.488,6.4981575568548744e-06
0,34.0,12.0,0,0,1,0,21943.788,20409.677,21131.49,1.7936842484162998e-05
0,27.0,12.0,0,0,1,0,21943.788,20588.71,18323.81,2.975555866738443e-05
0,29.0,17.0,0,0,1,0,21943.788,21752.419,22165.899,2.2871815806417343e-05
0,26.0,14.0,1,0,1,0,21943.788,25959.677,36943.164,7.732425678577558e-05
0,26.0,13.0,0,1,1,0,21953.585,5671.7419,25860.215,0.012161656465194287
0,23.0,14.0,0,0,0,0,22139.715,18798.387,41376.344,0.00035147458991749864
0,46.0,12.0,0,0,1,0,22139.715,22622.516,23643.625,3.815776913910971e-06
0,27.0,12.0,0,0,0,0,22139.715,25422.581,61768.971,4.19050112913484e-05
0,30.0,17.0,1,0,1,0,22139.715,27929.032,33248.848,3.716445215695836e-05
0,25.0,12.0,1,0,1,0,22139.715,33300.0,29554.531,1.1105468593526848e-05
0,27.0,14.0,0,0,1,0,22218.086,23306.419,26599.078,1.5368900433236246e-05
0,27.0,17.0,0,0,1,0,22237.678,22379.032,14777.266,2.2021729508613973e-05
0,50.0,12.0,0,0,1,0,22306.253,27544.113,26876.891,7.547048845802671e-07
0,50.0,12.0,0,0,1,0,22306.253,27544.113,26876.891,7.547048845802671e-07
0,50.0,12.0,0,0,1,0,22306.253,27544.113,26876.891,7.547048845802671e-07
0,48.0,12.0,0,0,1,0,22321.927,23881.113,25399.164,2.2985771530352136e-06
0,24.0,16.0,0,0,1,0,22335.642,22880.323,29037.327,2.3277398161649756e-05
0,25.0,12.0,0,1,1,0,22335.642,24169.355,31032.258,9.758519468502802e-05
0,37.0,12.0,0,0,1,0,22441.442,16385.032,23269.76,3.837833887808373e-05
0,37.0,12.0,0,0,1,0,22441.442,16385.032,23269.76,3.837833887808373e-05
0,29.0,12.0,1,0,1,0,22531.568,18619.355,23643.625,0.00035981226538599957
0,27.0,15.0,0,0,1,0,22531.568,20588.71,35465.438,3.1446176231000655e-05
0,41.0,12.0,0,1,1,0,22531.568,20946.774,22165.899,6.26630458460508e-05
0,29.0,12.0,0,0,1,0,22531.568,21483.871,22165.899,1.885717907536191e-05
0,27.0,16.0,0,0,1,0,22531.568,21483.871,23643.625,2.589664353685174e-05
0,44.0,12.0,0,0,1,0,22531.568,22379.032,23643.625,4.563091476164856e-06
0,26.0,13.0,0,0,1,0,22531.568,22379.032,37238.71,1.968209023873273e-05
0,34.0,12.0,0,0,1,0,22531.568,22379.032,26599.078,1.0053768486062794e-05
0,20.0,12.0,0,0,1,0,22531.568,23274.194,24382.488,2.4044070502983885e-05
0,43.0,14.0,0,0,1,0,22531.568,23274.194,28520.123,4.231832673113219e-06
0,47.0,12.0,0,1,1,0,22531.568,25028.71,25564.67,1.3422152858941718e-05
0,31.0,12.0,0,0,1,0,22531.568,25064.516,29554.531,6.315462293834696e-06
0,33.0,12.0,0,0,1,0,22531.568,26496.774,24973.579,3.708572876638657e-06
0,24.0,12.0,1,0,0,0,22531.568,26854.839,29554.531,0.00031585185980721427
0,27.0,16.0,0,0,0,0,22531.568,30435.484,42854.071,1.2700154970158439e-05
0,23.0,14.0,0,0,1,0,22531.568,33658.065,26599.078,1.3612324523935128e-06
0,27.0,17.0,0,0,1,0,22594.265,18261.29,28815.668,6.213847447633396e-05
0,50.0,16.0,0,0,0,0,22629.532,19693.548,17732.719,3.384368081453379e-05
0,22.0,14.0,0,0,1,0,22682.432,24706.452,20688.172,1.5039653273341954e-05
0,31.0,12.0,1,0,1,0,22727.495,1503.871,27781.26,0.025698851352234584
0,34.0,12.0,0,0,1,0,22727.495,18619.355,20688.172,2.6291709816713487e-05
0,28.0,12.0,0,0,1,0,22727.495,20051.613,22904.762,2.904529856902263e-05
0,26.0,12.0,0,0,1,0,22727.495,21483.871,26599.078,2.3394171767306016e-05
0,46.0,12.0,0,0,1,0,22727.495,21841.935,22904.762,4.388595414920879e-06
0,27.0,17.0,0,0,1,0,22727.495,22379.032,24086.943,2.087517749562483e-05
0,47.0,13.0,0,0,1,0,22727.495,22558.065,24382.488,3.4995720179412047e-06
0,29.0,17.0,0,0,1,0,22923.422,21483.871,27042.396,2.2046627595677777e-05
0,24.0,16.0,0,0,0,0,22923.422,22379.032,26451.306,0.00012666151796886073
0,30.0,16.0,0,0,1,0,22923.422,23274.194,28076.805,1.2260805369694521e-05
0,23.0,12.0,0,0,1,0,22982.2,24033.29,14777.266,1.4810044548878948e-05
0,27.0,15.0,0,0,1,0,23119.348,0.0,0.0,0.006369429091489922
0,25.0,12.0,0,0,1,0,23119.348,24074.468,25195.238,1.2324422772161744e-05
0,26.0,12.0,0,0,1,0,23315.275,26767.113,27633.487,5.514596646032553e-06
0,26.0,12.0,0,0,1,0,23511.202,0.0,0.0,0.005863874505880687
0,25.0,12.0,0,0,1,0,23511.202,11279.032,21279.263,0.00033461348009956415
0,32.0,12.0,0,0,1,0,23511.202,13785.484,31032.258,9.999332370101886e-05
0,32.0,12.0,0,1,1,0,23511.202,13964.516,66497.696,0.0007106462691733196
0,50.0,16.0,0,0,0,0,23511.202,14322.581,39973.982,0.00012512171485974205
0,25.0,13.0,0,0,0,0,23511.202,14322.581,20850.722,0.0007995641721247411
0,33.0,12.0,1,0,1,0,23511.202,14322.581,23643.625,0.0007244365051100083
0,27.0,12.0,0,0,1,0,23511.202,15038.71,12738.003,0.0001069650946733169
0,28.0,16.0,1,0,1,0,23511.202,16112.903,22018.126,0.0007896455203520991
0,28.0,12.0,0,0,1,0,23511.202,16112.903,0.0,7.464662596948647e-05
0,38.0,12.0,0,0,1,0,23511.202,16112.903,30293.395,3.388096706746325e-05
0,31.0,12.0,0,0,1,0,23511.202,17903.226,22165.899,3.688702198425996e-05
0,28.0,12.0,0,0,1,0,23511.202,18798.387,36943.164,3.699811088650107e-05
0,43.0,12.0,1,0,1,0,23511.202,19421.419,13559.619,8.677659055391568e-05
0,37.0,17.0,1,0,1,0,23511.202,19693.548,76841.782,0.00015840460768062054
0,37.0,17.0,1,0,1,0,23511.202,19693.548,76841.782,0.00015840460768062054
0,23.0,12.0,0,0,1,0,23511.202,19854.677,18914.9,4.1668429122310373e-05
0,55.0,12.0,0,0,1,0,23511.202,20588.71,22165.899,2.745796978409879e-06
0,34.0,17.0,0,0,1,0,23511.202,20588.71,23421.966,1.7601821002661353e-05
0,28.0,17.0,0,0,1,0,23511.202,20946.774,69453.149,2.5748451264539416e-05
0,31.0,14.0,0,0,1,0,23511.202,21483.871,27830.025,1.56674349085069e-05
0,28.0,12.0,0,0,1,0,23511.202,21483.871,23643.625,1.8337522930882824e-05
0,25.0,12.0,0,1,1,0,23511.202,21483.871,25121.352,0.00017316732074439933
0,54.0,15.0,0,0,1,0,23511.202,21483.871,59109.063,2.649882362244835e-06
0,42.0,12.0,1,0,0,0,23511.202,21483.871,22165.899,0.00027875346318759876
0,35.0,12.0,0,0,1,0,23511.202,21483.871,29554.531,1.0548570017128027e-05
0,27.0,13.0,0,0,0,0,23511.202,21483.871,22165.899,0.00010510307666445201
0,45.0,12.0,0,0,1,0,23511.202,21483.871,0.0,4.787667729255578e-06
0,26.0,12.0,1,0,1,0,23511.202,21483.871,31623.349,0.00019384567365538034
0,28.0,16.0,0,0,1,0,23511.202,21483.871,11821.813,2.150278378856059e-05
0,30.0,16.0,0,0,1,0,23511.202,21483.871,22165.899,1.8360378709267034e-05
0,24.0,12.0,0,1,1,0,23511.202,21483.871,23052.535,0.00018739886868059173
0,26.0,14.0,0,0,1,0,23511.202,22020.968,22165.899,2.0209824939621197e-05
0,35.0,14.0,0,0,1,0,23511.202,22379.032,22165.899,9.039747878827213e-06
0,42.0,17.0,0,0,1,0,23511.202,22379.032,0.0,5.859678399190565e-06
0,42.0,17.0,0,0,1,0,23511.202,22379.032,0.0,5.859678399190565e-06
0,28.0,16.0,0,0,1,0,23511.202,22379.032,27337.942,1.7016922178957702e-05
0,28.0,12.0,0,0,1,0,23511.202,22379.032,29554.531,1.451198122434599e-05
0,27.0,14.0,0,0,1,0,23511.202,22558.065,23531.318,1.6228846482877463e-05
0,35.0,16.0,0,0,1,0,23511.202,22737.097,21834.888,8.91431038125277e-06
0,55.0,12.0,0,0,1,0,23511.202,22916.129,17732.719,1.4944049575382286e-06
0,36.0,14.0,0,0,1,0,23511.202,23274.194,33248.848,6.6105017879460395e-06
0,42.0,16.0,0,1,1,0,23511.202,23274.194,29554.531,3.320689031285514e-05
0,22.0,12.0,0,0,1,0,23511.202,23274.194,26155.76,1.8448136998698342e-05
0,33.0,12.0,1,0,1,0,23511.202,23274.194,36943.164,6.98438465756026e-05
0,38.0,12.0,0,0,1,0,23511.202,23274.194,25121.352,5.212462215366017e-06
0,48.0,16.0,0,0,1,0,23511.202,23274.194,39898.618,2.7741330214584973e-06
0,48.0,16.0,0,0,1,0,23511.202,23274.194,39898.618,2.7741330214584973e-06
0,25.0,13.0,0,0,1,0,23511.202,23456.806,26007.988,1.4440824346024792e-05
0,23.0,14.0,0,0,1,0,23511.202,24169.355,31032.258,1.4608615094736302e-05
0,31.0,16.0,0,0,1,0,23511.202,24706.452,28963.441,7.3073990190537405e-06
0,26.0,12.0,0,0,1,0,23511.202,24885.484,26599.078,8.827133859959526e-06
0,32.0,12.0,0,0,1,0,23511.202,25064.516,26599.078,5.2439061785916644e-06
0,29.0,13.0,0,0,1,0,23511.202,25064.516,0.0,6.916154107496336e-06
0,29.0,13.0,0,0,1,0,23511.202,25064.516,0.0,6.916154107496336e-06
0,30.0,16.0,0,0,1,0,23511.202,25243.548,27042.396,6.872281086533623e-06
0,47.0,14.0,1,0,1,0,23511.202,25565.806,23974.636,1.3749702603701332e-05
0,51.0,12.0,1,0,1,0,23511.202,25601.613,25121.352,9.171155823547978e-06
0,26.0,14.0,0,0,1,0,23511.202,25780.645,31032.258,7.5645366916311035e-06
0,32.0,16.0,0,0,1,0,23511.202,25959.677,35465.438,4.866254812337231e-06
0,35.0,14.0,0,0,1,0,23511.202,26496.774,29554.531,3.0812495881088316e-06
0,35.0,14.0,0,0,1,0,23511.202,26496.774,29554.531,3.0812495881088316e-06
0,54.0,12.0,0,0,1,0,23511.202,26854.839,2049.6068,5.776529312776955e-07
0,55.0,12.0,0,0,1,0,23511.202,26854.839,26599.078,5.337769202432854e-07
0,55.0,12.0,0,0,1,0,23511.202,26854.839,26599.078,5.337769202432854e-07
0,38.0,12.0,0,0,1,0,23511.202,26854.839,29554.531,2.0444744522239967e-06
0,25.0,12.0,0,0,0,0,23511.202,26854.839,18176.037,2.905895941599703e-05
0,30.0,12.0,0,0,1,0,23511.202,28645.161,32509.985,2.4088400008527055e-06
0,25.0,17.0,0,0,1,0,23511.202,29003.226,28076.805,3.973207470490246e-06
0,39.0,12.0,0,0,0,0,23511.202,31509.677,15516.129,2.8483226466370608e-06
0,28.0,14.0,0,0,1,0,23511.202,32225.806,36943.164,1.198223924711819e-06
0,47.0,12.0,1,0,1,0,23511.202,32225.806,17732.719,2.2268969902971503e-06
0,39.0,17.0,0,0,1,0,23511.202,35448.387,32509.985,2.438985641235037e-07
0,49.0,12.0,0,0,1,0,23511.202,35806.452,23643.625,8.261267128399487e-08
0,21.0,12.0,0,0,1,0,23511.202,50129.032,0.0,1.785657300861962e-08
0,31.0,14.0,0,0,1,0,23707.128,20767.742,23939.171,1.8492708906923667e-05
0,27.0,12.0,0,0,1,0,23707.128,21483.871,33987.711,1.9424897980667807e-05
0,37.0,12.0,0,0,1,0,23707.128,22200.0,22904.762,7.311380670423123e-06
0,51.0,12.0,0,0,1,0,23707.128,22379.032,19411.416,2.3087533641925328e-06
0,29.0,12.0,0,0,1,0,23707.128,26854.839,28076.805,4.0743377427986005e-06
0,27.0,14.0,0,0,1,0,23707.128,29540.323,23200.307,2.5609601138128837e-06
0,24.0,13.0,0,0,1,0,23903.055,1790.3226,449.22888,0.004295009007624821
0,32.0,12.0,0,0,1,0,23903.055,24812.081,12412.903,5.367018002890534e-06
0,31.0,17.0,0,0,1,0,23903.055,25601.613,27042.396,5.765797017426537e-06
0,46.0,12.0,0,0,0,0,23918.729,12532.258,0.0,0.00022349834069781846
0,40.0,15.0,0,1,1,0,24001.018,23274.194,26599.078,3.542673393395178e-05
0,27.0,16.0,0,0,1,0,24098.982,7161.2903,36204.301,0.0009212879190094507
0,27.0,17.0,0,0,1,0,24098.982,22200.0,25860.215,1.8833598505612035e-05
0,28.0,14.0,0,0,1,0,24098.982,22379.032,27337.942,1.473798910116114e-05
0,29.0,17.0,0,0,1,0,24098.982,24527.419,23643.625,8.75230818636565e-06
0,36.0,13.0,0,0,1,0,24098.982,25064.516,25564.67,3.7312084057087415e-06
0,23.0,12.0,0,0,1,0,24098.982,26854.839,17437.174,6.2707850168012254e-06
0,28.0,12.0,0,0,1,0,24294.908,18261.29,21427.035,3.90834891731554e-05
0,28.0,12.0,0,0,1,0,24383.075,15217.742,19210.445,8.576030808646932e-05
0,34.0,12.0,0,0,1,0,24486.916,22200.0,22904.762,8.510430233118905e-06
0,41.0,12.0,0,0,1,0,24490.835,14322.581,22165.899,3.8354827375168905e-05
0,25.0,13.0,0,0,1,0,24490.835,18261.29,0.0,5.0455690835748013e-05
0,45.0,12.0,0,0,1,0,24490.835,21483.871,10639.631,4.302102667402092e-06
0,45.0,12.0,1,0,1,0,24490.835,21483.871,28076.805,3.8836763191437394e-05
0,41.0,12.0,0,0,1,0,24490.835,21483.871,33987.711,5.900773055857772e-06
0,35.0,16.0,0,0,0,0,24490.835,21841.935,24825.806,5.1517873579248356e-05
0,35.0,13.0,1,0,1,0,24490.835,23274.194,25121.352,5.576545523247172e-05
0,29.0,16.0,0,0,1,0,24490.835,23453.226,25860.215,1.0670733613982379e-05
0,28.0,13.0,0,0,1,0,24490.835,23868.581,23495.853,9.193606284133212e-06
0,35.0,13.0,0,0,1,0,24490.835,23990.323,22165.899,5.1229187698583505e-06
0,35.0,16.0,0,0,1,0,24490.835,24169.355,25638.556,5.508847431496305e-06
0,30.0,12.0,0,0,1,0,24490.835,25064.516,29554.531,5.518560002337523e-06
0,29.0,12.0,0,0,1,0,24490.835,25064.516,28076.805,5.9721785163341255e-06
0,26.0,14.0,1,0,1,0,24490.835,25717.984,26643.41,6.237425979319071e-05
0,28.0,16.0,0,0,1,0,24490.835,26460.968,45809.524,5.2610838486867686e-06
0,30.0,16.0,0,0,1,0,24490.835,26854.839,38420.891,4.052755816393029e-06
0,26.0,17.0,0,0,0,0,24490.835,26854.839,29702.304,2.9442418484041176e-05
0,22.0,13.0,0,0,1,0,24490.835,26854.839,39159.754,6.766130758390557e-06
0,22.0,12.0,0,0,1,0,24490.835,26854.839,25121.352,6.502070182921097e-06
0,26.0,16.0,0,0,0,0,24490.835,27750.0,9605.2227,2.2390926897711566e-05
0,43.0,12.0,1,0,1,0,24490.835,29355.919,35465.438,5.811172250644345e-06
0,43.0,13.0,1,0,1,0,24490.835,34016.129,39898.618,1.7887234453065596e-06
0,48.0,16.0,0,0,1,0,24663.251,18082.258,25121.352,9.503371551898449e-06
0,45.0,12.0,0,0,1,0,24686.762,15217.742,27929.032,2.1661778736887462e-05
0,27.0,12.0,1,0,1,0,24686.762,22558.065,22609.217,0.00011898999026004701
0,44.0,17.0,0,0,1,0,24686.762,23274.194,23348.08,3.482671469856414e-06
0,26.0,16.0,0,0,1,0,24686.762,25422.581,29554.531,7.911775095182469e-06
0,54.0,16.0,0,0,1,0,24686.762,26854.839,26451.306,5.95785893738691e-07
0,54.0,16.0,0,0,1,0,24686.762,26854.839,26451.306,5.95785893738691e-07
0,54.0,16.0,0,0,1,0,24686.762,26854.839,26451.306,5.95785893738691e-07
0,29.0,12.0,0,0,1,0,24686.762,27750.0,24382.488,2.8973330778324024e-06
0,22.0,12.0,0,0,1,0,24765.132,21594.871,34320.2,2.4953594517658837e-05
0,39.0,17.0,0,0,1,0,24823.91,25064.516,27061.607,3.189446933590147e-06
0,35.0,16.0,0,0,1,0,24882.688,24527.419,36943.164,4.806594421454475e-06
0,44.0,12.0,0,0,1,0,24882.688,27929.032,25121.352,8.27521768326773e-07
0,32.0,16.0,0,0,1,0,24980.652,25064.516,26599.078,5.237754284123664e-06
0,27.0,17.0,0,0,1,0,25078.615,19693.548,24530.261,3.258425346947686e-05
0,27.0,17.0,0,0,1,0,25078.615,19693.548,24530.261,3.258425346947686e-05
0,26.0,12.0,0,0,1,0,25078.615,23274.194,26599.078,1.133488845895453e-05
0,46.0,12.0,0,0,1,0,25078.615,24169.355,26780.839,1.8478281038871456e-06
0,25.0,16.0,0,0,0,0,25078.615,25601.613,30145.622,3.984585862898514e-05
0,35.0,12.0,0,0,1,0,25078.615,26854.839,29554.531,2.1837038345330413e-06
0,33.0,16.0,0,0,1,0,25078.615,26854.839,24448.986,2.998908350102227e-06
0,26.0,16.0,0,0,1,0,25078.615,30793.548,36943.164,1.8621100250700216e-06
0,26.0,12.0,1,0,1,0,25088.411,23274.194,29554.531,0.00010220934816254928
0,20.0,12.0,0,0,1,0,25294.134,18798.387,25121.352,5.729297107682266e-05
0,49.0,12.0,0,0,1,0,25470.468,17953.355,20244.854,7.092174533485245e-06
0,25.0,13.0,0,0,1,0,25470.468,18798.387,23643.625,3.9400532929977237e-05
0,28.0,12.0,1,0,0,0,25470.468,19693.548,26599.078,0.0010852135117045024
0,28.0,13.0,0,0,1,0,25470.468,19693.548,26599.078,2.460204863830177e-05
0,35.0,12.0,1,0,1,0,25470.468,21483.871,26599.078,7.688739516100124e-05
0,27.0,12.0,0,0,0,0,25470.468,21483.871,25121.352,8.155487446489643e-05
0,44.0,12.0,0,0,1,0,25470.468,21483.871,25634.123,4.183546381335801e-06
0,23.0,12.0,0,1,1,0,25470.468,21483.871,32509.985,0.0001637561269542981
0,32.0,12.0,1,0,1,0,25470.468,22379.032,31771.121,7.711893983896645e-05
0,24.0,12.0,0,0,1,0,25470.468,22737.097,25121.352,1.4635996165521714e-05
0,27.0,12.0,0,0,1,0,25470.468,23095.161,31032.258,1.0516137244143476e-05
0,46.0,12.0,0,0,1,0,25470.468,23274.194,29554.531,2.237173441360785e-06
0,31.0,12.0,0,0,1,0,25470.468,23274.194,22165.899,7.3165371746266965e-06
0,27.0,15.0,1,0,0,0,25470.468,24169.355,29554.531,0.0004110584708059931
0,51.0,16.0,0,0,0,0,25470.468,24169.355,12708.449,7.118977912796934e-06
0,43.0,12.0,1,0,1,0,25470.468,25064.516,25121.352,1.6031025288636493e-05
0,32.0,16.0,1,0,1,0,25470.468,25422.581,30145.622,4.081679578324372e-05
0,37.0,12.0,0,0,0,0,25470.468,25780.645,22461.444,1.2040732154479903e-05
0,37.0,12.0,0,0,0,0,25470.468,25780.645,22461.444,1.2040732154479903e-05
0,30.0,12.0,0,0,1,0,25470.468,25959.677,28076.805,3.924346939893819e-06
0,45.0,12.0,1,0,1,0,25470.468,26695.5,27898.0,8.937297634554438e-06
0,45.0,12.0,1,0,1,0,25470.468,26695.5,27898.0,8.937297634554438e-06
0,49.0,17.0,0,0,1,0,25470.468,26854.839,29554.531,8.44812373458955e-07
0,49.0,17.0,0,0,1,0,25470.468,26854.839,29554.531,8.44812373458955e-07
0,26.0,17.0,0,0,1,0,25470.468,26854.839,44331.797,5.197855259451792e-06
0,37.0,13.0,0,0,1,0,25470.468,30435.484,32509.985,7.291700521903854e-07
0,44.0,17.0,0,0,1,0,25470.468,30435.484,21427.035,4.918513372834832e-07
0,30.0,17.0,0,0,1,0,25470.468,31330.645,38420.891,1.17630207006382e-06
0,51.0,12.0,0,0,1,0,25470.468,32225.806,29554.531,1.452138554404475e-07
0,28.0,17.0,0,0,1,0,25607.617,18091.21,22165.899,4.3202455533820325e-05
0,29.0,16.0,0,0,1,0,25666.395,28287.097,35465.438,2.6530232831221033e-06
0,40.0,12.0,0,0,1,0,25707.54,20409.677,23052.535,7.404086992850877e-06
0,34.0,16.0,0,0,1,0,25862.322,0.0,0.0,0.0028362122664388326
0,51.0,12.0,0,0,1,0,25862.322,20588.71,24825.806,2.913619838359853e-06
0,26.0,16.0,0,0,1,0,25862.322,22379.032,35465.438,1.541813431823359e-05
0,46.0,12.0,0,0,1,0,25862.322,23274.194,35465.438,2.1434940418004484e-06
0,45.0,14.0,0,0,1,0,25862.322,28645.161,26599.078,6.170409602019457e-07
0,49.0,12.0,0,0,1,0,25862.322,28645.161,26599.078,4.1543927284876187e-07
0,26.0,16.0,0,0,0,0,25862.322,31790.758,15646.169,6.704477859792332e-06
0,30.0,16.0,0,0,1,0,26058.248,28645.161,29258.986,2.1389986185205234e-06
0,50.0,12.0,0,0,1,0,26254.175,0.0,0.0,0.0006562042654013529
0,25.0,12.0,0,0,0,0,26254.175,21483.871,26599.078,8.768128341040595e-05
0,27.0,17.0,0,0,0,0,26254.175,29540.323,31032.258,1.112318137998827e-05
0,46.0,16.0,0,0,1,0,26293.36,65160.581,17732.719,4.217389633244793e-11
0,46.0,16.0,0,0,1,0,26293.36,65160.581,17732.719,4.217389633244793e-11
0,43.0,12.0,1,0,1,0,26450.102,14322.581,29554.531,0.0002386760964981175
0,27.0,12.0,1,0,1,0,26450.102,18798.387,31032.258,0.00026220189070507127
0,22.0,12.0,0,0,0,0,26450.102,23274.194,19210.445,6.812663684604178e-05
0,55.0,12.0,0,0,1,0,26450.102,23990.323,29554.531,8.188406203024352e-07
0,53.0,12.0,0,0,1,0,26450.102,25064.516,26007.988,7.242276675658021e-07
0,44.0,12.0,0,0,1,0,26450.102,25959.677,26746.851,1.166874574769687e-06
0,47.0,13.0,0,0,1,0,26450.102,25959.677,26625.677,9.58057310252195e-07
0,46.0,14.0,0,0,1,0,26450.102,26496.774,29554.531,9.376011590574378e-07
0,25.0,12.0,0,0,1,0,26450.102,26836.935,35465.438,4.161755007318561e-06
0,31.0,15.0,1,0,0,0,26450.102,26854.839,25860.215,0.00013350725419225058
0,28.0,16.0,0,0,1,0,26450.102,26854.839,29554.531,3.8324634232006275e-06
0,40.0,16.0,0,0,1,0,26450.102,26854.839,32421.321,1.4852259560636644e-06
0,40.0,16.0,0,0,1,0,26450.102,26854.839,32421.321,1.4852259560636644e-06
0,28.0,12.0,0,0,1,0,26450.102,26858.419,29480.645,3.2652503356844e-06
0,29.0,15.0,0,0,1,0,26450.102,27250.5,28815.668,3.0687973179275426e-06
0,42.0,16.0,0,0,1,0,26450.102,27499.355,29554.531,1.0715563989931182e-06
0,30.0,15.0,0,0,1,0,26450.102,27570.968,29554.531,2.6078509311768135e-06
0,39.0,12.0,0,0,1,0,26450.102,27750.0,6354.2243,1.0847480970623643e-06
0,30.0,16.0,0,0,1,0,26450.102,28197.581,29554.531,2.3037787739339926e-06
0,50.0,12.0,0,0,1,0,26450.102,30077.419,26599.078,2.4759923311023333e-07
0,29.0,17.0,0,0,0,0,26614.68,28503.726,29315.14,1.1972752324043034e-05
0,29.0,15.0,0,0,1,0,26646.029,19693.548,32509.985,2.1652639416966697e-05
0,27.0,12.0,0,0,1,0,26646.029,29540.323,35465.438,1.7159122012105608e-06
0,31.0,12.0,0,1,1,0,26841.955,6982.2581,17732.719,0.003307690722258125
0,31.0,12.0,0,1,1,0,26841.955,6982.2581,17732.719,0.003307690722258125
0,29.0,12.0,0,0,1,0,26841.955,20588.71,42854.071,1.4884794431174316e-05
0,27.0,16.0,0,0,1,0,26841.955,22200.0,19210.445,1.3415446910652167e-05
0,26.0,17.0,1,0,0,0,26841.955,25243.548,20392.627,0.00031323582277975533
0,42.0,17.0,0,0,1,0,26841.955,31330.645,36943.164,3.924748538852182e-07
0,24.0,12.0,1,0,1,0,26841.955,31688.71,33839.939,1.0960331879780729e-05
0,48.0,12.0,1,0,1,0,26908.57,22558.065,36943.164,1.777334850163703e-05
0,25.0,13.0,0,0,1,0,26996.737,28197.581,22165.899,2.8588712737670033e-06
0,21.0,12.0,1,0,1,0,27037.882,16560.484,20688.172,0.0007086929469538618
0,48.0,12.0,0,0,1,0,27037.882,25064.516,23643.625,1.0081959732896508e-06
0,50.0,12.0,0,0,1,0,27037.882,26854.839,27337.942,5.391373053938717e-07
0,28.0,17.0,0,0,1,0,27037.882,27750.0,51720.43,2.959957989504667e-06
0,29.0,17.0,0,0,0,0,27037.882,29182.258,26599.078,9.574295090776443e-06
0,33.0,17.0,0,0,1,0,27037.882,31867.742,28815.668,6.797018710158616e-07
0,52.0,12.0,0,0,1,0,27220.094,24706.452,32509.985,7.912685931175694e-07
0,22.0,12.0,0,0,1,0,27233.809,14322.581,32509.985,0.0001275194881041718
0,43.0,12.0,0,0,1,0,27233.809,25064.516,29554.531,1.4648464320312329e-06
0,34.0,13.0,0,0,1,0,27233.809,25064.516,31032.258,3.103452587279762e-06
0,46.0,12.0,0,0,1,0,27233.809,28645.161,28076.805,4.533235721025152e-07
0,31.0,17.0,0,0,1,0,27429.735,0.0,0.0,0.0031513917711131294
0,28.0,13.0,0,0,1,0,27429.735,20588.71,23578.605,1.5720720999168245e-05
0,44.0,12.0,1,0,1,0,27429.735,21483.871,22609.217,3.049463809812953e-05
0,25.0,12.0,0,0,1,0,27429.735,21483.871,28520.123,1.5152694315965966e-05
0,29.0,14.0,0,0,1,0,27429.735,22099.742,29644.673,1.0184255940734136e-05
0,24.0,16.0,0,0,0,0,27429.735,22200.0,25712.442,8.116105059038273e-05
0,31.0,12.0,0,0,1,0,27429.735,22379.032,0.0,7.4650775450724e-06
0,40.0,12.0,1,0,1,0,27429.735,23274.194,38420.891,2.6195266802237363e-05
0,30.0,17.0,0,0,1,0,27429.735,25064.516,20688.172,4.885847522907814e-06
0,26.0,16.0,1,0,1,0,27429.735,25064.516,32509.985,5.8134511283050114e-05
0,32.0,12.0,0,0,1,0,27429.735,25064.516,16254.992,3.418864490671719e-06
0,26.0,15.0,0,0,1,0,27429.735,25064.516,28815.668,6.18857249980156e-06
0,28.0,16.0,0,0,1,0,27429.735,25064.516,31032.258,5.498765674526873e-06
0,54.0,13.0,0,0,1,0,27429.735,25422.581,24382.488,5.698585362321245e-07
0,30.0,14.0,0,0,1,0,27429.735,25780.645,31032.258,3.5956830560929073e-06
0,33.0,14.0,0,0,1,0,27429.735,25959.677,24382.488,2.7073042215774015e-06
0,33.0,12.0,0,0,1,0,27429.735,25959.677,27846.28,2.5001119390146683e-06
0,26.0,12.0,0,0,1,0,27429.735,26496.774,32509.985,3.776938756657884e-06
0,44.0,13.0,0,0,1,0,27429.735,26774.274,35465.438,8.818595721612843e-07
0,49.0,12.0,0,0,1,0,27429.735,26854.839,26599.078,5.590224078133147e-07
0,55.0,17.0,1,0,1,0,27429.735,26854.839,17806.605,3.833593293804911e-06
0,28.0,12.0,0,0,1,0,27429.735,26854.839,22165.899,2.9368351682599435e-06
0,45.0,12.0,0,0,1,0,27429.735,26854.839,25121.352,7.667573753873809e-07
0,30.0,14.0,1,0,1,0,27429.735,26892.435,20688.172,2.427409622809232e-05
0,40.0,12.0,0,0,1,0,27429.735,27008.806,25440.541,1.093241366869856e-06
0,27.0,17.0,0,0,1,0,27429.735,27750.0,26599.078,3.0691304015173165e-06
0,51.0,16.0,0,0,1,0,27429.735,28645.161,28076.805,3.5054117237462036e-07
0,51.0,16.0,0,0,1,0,27429.735,28645.161,28076.805,3.5054117237462036e-07
0,43.0,12.0,0,0,1,0,27429.735,28645.161,25121.352,5.623947032082336e-07
0,37.0,12.0,0,0,1,0,27429.735,28645.161,0.0,9.034088224292107e-07
0,37.0,12.0,0,0,1,0,27429.735,28645.161,0.0,9.034088224292107e-07
0,38.0,14.0,0,0,1,0,27429.735,29046.194,27929.032,8.140122777052174e-07
0,36.0,16.0,0,0,0,0,27429.735,30256.452,30736.713,3.829603276734245e-06
0,27.0,13.0,1,0,1,0,27429.735,30435.484,24973.579,1.1710797361625973e-05
0,21.0,12.0,0,0,1,0,27429.735,30435.484,31978.003,2.0024783668823635e-06
0,25.0,14.0,0,0,0,0,27429.735,32225.806,31032.258,5.039651597182178e-06
0,33.0,13.0,0,0,1,0,27429.735,41177.419,38420.891,4.872851752665633e-08
0,38.0,14.0,0,0,1,0,27429.735,68032.258,26599.078,3.0553874853099445e-11
0,32.0,16.0,0,0,1,0,27625.662,29540.323,33987.711,1.21806701827902e-06
0,27.0,12.0,0,0,0,0,27821.589,27212.903,32509.985,1.4114798863624814e-05
0,24.0,17.0,0,0,0,0,27821.589,27570.968,32509.985,1.9878872164656778e-05
0,43.0,12.0,0,0,1,0,27821.589,28645.161,32509.985,5.388449498993408e-07
0,26.0,17.0,0,0,1,0,27843.141,28645.161,49651.613,2.5125111289435572e-06
0,33.0,12.0,0,0,1,0,28017.515,25422.581,22756.989,2.6981283112850176e-06
0,34.0,14.0,0,0,1,0,28017.515,26854.839,36943.164,1.8567285216924223e-06
0,28.0,12.0,0,0,1,0,28017.515,29540.323,32509.985,1.3651085775618437e-06
0,41.0,12.0,0,0,1,0,28017.515,30435.484,32509.985,3.868639664225138e-07
0,25.0,12.0,0,0,1,0,28017.515,31062.097,28076.805,1.16236444320201e-06
0,28.0,17.0,0,0,1,0,28017.515,31151.613,31032.258,1.0932095314930788e-06
0,26.0,13.0,1,0,1,0,28105.682,37596.774,58653.923,1.8110347052912833e-06
0,28.0,17.0,0,0,1,0,28213.442,25422.581,26451.306,4.783582536060155e-06
0,53.0,12.0,0,0,1,0,28213.442,26854.839,0.0,3.7414993862367214e-07
0,55.0,12.0,0,0,1,0,28213.442,33206.903,31771.121,6.072489276329591e-08
0,29.0,14.0,0,0,1,0,28409.369,21125.806,23348.08,1.1804375178884493e-05
0,39.0,14.0,0,0,1,0,28409.369,28645.161,31032.258,7.505924337317873e-07
0,31.0,16.0,0,0,1,0,28409.369,28915.5,32509.985,1.4247914371397516e-06
0,25.0,16.0,0,0,1,0,28409.369,29540.323,32509.985,1.943867008493955e-06
0,25.0,14.0,0,0,1,0,28409.369,30435.484,10935.177,1.4206053837849505e-06
0,29.0,16.0,0,0,1,0,28409.369,32225.806,42854.071,7.024111252213348e-07
0,29.0,16.0,1,0,1,0,28409.369,32225.806,29554.531,6.341123152297007e-06
0,27.0,14.0,0,0,1,0,28409.369,32225.806,39898.618,7.59675426286559e-07
0,34.0,16.0,0,0,1,0,28409.369,32583.871,35465.438,4.309323890901318e-07
0,45.0,12.0,0,0,1,0,28589.621,28263.823,29258.986,4.674401073221861e-07
0,28.0,12.0,0,0,1,0,28605.295,20588.71,34135.484,1.3287782735546118e-05
0,43.0,16.0,0,0,1,0,28801.222,27929.032,26953.733,6.846493897400073e-07
0,54.0,12.0,0,0,1,0,28889.389,35806.452,31032.258,3.094112184602735e-08
0,29.0,16.0,0,0,1,0,28899.185,29540.323,0.0,1.3434338170633177e-06
0,55.0,12.0,0,0,1,0,29100.99,26409.048,29369.816,3.258053206403432e-07
0,55.0,12.0,0,0,1,0,29100.99,26409.048,29369.816,3.258053206403432e-07
0,29.0,12.0,1,0,0,0,29193.075,15396.774,31032.258,0.0020514345763129756
0,50.0,12.0,1,0,1,0,29193.075,17903.226,25121.352,3.99245947708768e-05
0,24.0,12.0,0,0,1,0,29193.075,21304.839,19242.955,1.4174977312012144e-05
0,26.0,12.0,0,0,1,0,29330.224,28287.097,38420.891,1.922246427587571e-06
0,41.0,13.0,0,0,0,0,29389.002,0.0,30293.395,0.005003761483098877
0,47.0,17.0,0,0,1,0,29389.002,20230.645,42410.753,3.643808230237129e-06
0,28.0,17.0,0,0,1,0,29389.002,21483.871,19210.445,1.1779504121896905e-05
0,42.0,12.0,0,0,1,0,29389.002,22379.032,28490.568,2.527960223638593e-06
0,37.0,12.0,1,0,1,0,29389.002,22379.032,19210.445,3.387426825062413e-05
0,37.0,12.0,1,0,1,0,29389.002,22379.032,19210.445,3.387426825062413e-05
0,48.0,16.0,0,0,1,0,29389.002,23274.194,0.0,1.4603841199357994e-06
0,21.0,12.0,0,0,1,0,29389.002,24169.355,28815.668,8.317403094667852e-06
0,46.0,12.0,0,0,1,0,29389.002,24214.113,33987.711,1.1408534672963013e-06
0,29.0,12.0,0,0,1,0,29389.002,25959.677,35465.438,2.768861550182774e-06
0,38.0,12.0,0,0,1,0,29389.002,26496.774,30191.432,1.1818643412187278e-06
0,28.0,12.0,0,0,1,0,29389.002,26854.839,35465.438,2.3713348563329783e-06
0,38.0,12.0,0,0,1,0,29389.002,26854.839,31032.258,1.076270304576027e-06
0,53.0,12.0,0,0,1,0,29389.002,26854.839,26599.078,3.2908913774054596e-07
0,46.0,12.0,0,0,1,0,29389.002,27033.871,27781.26,5.459348446995763e-07
0,46.0,12.0,0,0,1,0,29389.002,27033.871,27781.26,5.459348446995763e-07
0,33.0,16.0,0,0,1,0,29389.002,27750.0,96052.227,1.482507829003797e-06
0,34.0,12.0,0,0,1,0,29389.002,27912.919,11821.813,1.119542389797376e-06
0,35.0,17.0,0,0,1,0,29389.002,28645.161,28076.805,1.042451823483658e-06
0,53.0,12.0,0,0,1,0,29389.002,28645.161,29554.531,2.0610207019279107e-07
0,26.0,12.0,0,0,1,0,29389.002,28645.161,33987.711,1.739307342701001e-06
0,26.0,16.0,0,0,1,0,29389.002,28645.161,35022.12,2.039537020754387e-06
0,50.0,13.0,0,0,1,0,29389.002,29540.323,28076.805,2.1511816678264627e-07
0,46.0,12.0,1,0,1,0,29389.002,30435.484,22165.899,2.0257130275318027e-06
0,43.0,14.0,0,0,0,0,29389.002,30435.484,29554.531,1.5675325745504236e-06
0,26.0,14.0,0,0,0,0,29389.002,30435.484,29554.531,6.003951845477537e-06
0,33.0,17.0,0,0,1,0,29389.002,30435.484,31032.258,7.646085874560107e-07
0,33.0,17.0,0,0,1,0,29389.002,30435.484,19210.445,7.646085874560107e-07
0,42.0,12.0,0,0,1,0,29389.002,30437.274,26007.988,3.076288438843058e-07
0,34.0,12.0,0,0,1,0,29389.002,30793.548,31180.031,5.272803906461426e-07
0,34.0,12.0,0,0,1,0,29389.002,30793.548,31180.031,5.272803906461426e-07
0,34.0,17.0,0,0,1,0,29389.002,31330.645,25712.442,5.591346775734288e-07
0,37.0,17.0,0,0,1,0,29389.002,31330.645,33987.711,4.411587041825236e-07
0,34.0,17.0,0,0,1,0,29389.002,32225.806,32672.535,4.424873456695202e-07
0,37.0,12.0,1,0,1,0,29389.002,32225.806,44331.797,2.582922126905893e-06
0,26.0,17.0,0,0,1,0,29389.002,32225.806,35465.438,8.32450383238018e-07
0,36.0,17.0,0,0,1,0,29389.002,34911.29,32509.985,1.872576478654679e-07
0,28.0,14.0,0,0,0,0,29389.002,35448.387,33987.711,1.3828565736716241e-06
0,31.0,12.0,0,0,1,0,29389.002,35806.452,39159.754,1.8026675196022157e-07
0,25.0,14.0,0,0,1,0,29389.002,35806.452,33839.939,3.135714585222632e-07
0,31.0,14.0,0,0,1,0,29389.002,35806.452,56153.61,1.9520607249734382e-07
0,28.0,12.0,0,0,1,0,29389.002,41177.419,47287.25,5.612333366307988e-08
0,34.0,12.0,0,0,1,0,29389.002,42967.742,31032.258,2.1881085350655024e-08
0,47.0,14.0,1,0,1,0,29390.961,27750.0,36647.619,4.088854177526355e-06
0,35.0,12.0,0,0,1,0,29422.31,28645.161,29554.531,8.512021965318558e-07
0,35.0,15.0,1,0,1,0,29477.169,34098.484,19062.673,2.0693434073041228e-06
0,35.0,15.0,1,0,1,0,29477.169,34098.484,19062.673,2.0693434073041228e-06
0,31.0,12.0,0,0,1,0,29584.929,26854.839,29554.531,1.8313982090531472e-06
0,24.0,12.0,0,0,1,0,29780.855,30883.065,32509.985,1.0873627087897106e-06
0,28.0,12.0,0,0,1,0,29976.782,0.0,0.0,0.002480384520898298
0,27.0,16.0,0,0,1,0,29976.782,30793.548,51720.43,1.0080479532247374e-06
0,47.0,12.0,0,0,1,0,30074.745,33312.532,15072.811,9.069664375898311e-08
0,47.0,12.0,0,0,1,0,30074.745,33312.532,15072.811,9.069664375898311e-08
0,37.0,14.0,0,1,1,0,30108.053,26854.839,26554.747,8.689290983726463e-06
0,22.0,14.0,0,0,1,0,30368.635,20588.71,27485.714,1.9066577092931574e-05
0,47.0,12.0,0,0,1,0,30368.635,23274.194,25860.215,1.2110876726701546e-06
0,32.0,14.0,0,0,1,0,30368.635,24169.355,22165.899,3.3942579420972313e-06
0,29.0,15.0,0,0,0,0,30368.635,28645.161,44331.797,7.072808107801065e-06
0,27.0,16.0,0,0,0,0,30368.635,31330.645,36943.164,4.272178338973206e-06
0,37.0,14.0,0,0,1,0,30368.635,44758.065,81274.962,1.0520833106158524e-08
0,37.0,14.0,0,0,1,0,30368.635,44758.065,81274.962,1.0520833106158524e-08
0,43.0,12.0,0,0,1,0,30564.562,23811.29,31032.258,1.4130135231723495e-06
0,43.0,12.0,0,0,1,0,30564.562,23811.29,31032.258,1.4130135231723495e-06
0,34.0,12.0,0,0,1,0,30564.562,24885.484,24678.034,2.172561254485213e-06
0,30.0,12.0,0,0,1,0,30564.562,26854.839,14777.266,1.7809288668669309e-06
0,39.0,16.0,0,0,0,0,30564.562,28645.161,33987.711,3.269802925533447e-06
0,35.0,16.0,0,0,1,0,30564.562,29540.323,37120.492,6.97299586787988e-07
0,28.0,12.0,0,0,1,0,30564.562,32941.935,36204.301,4.2488872233082413e-07
0,32.0,12.0,0,0,1,0,30564.562,35806.452,23052.535,1.4651304324984717e-07
0,26.0,12.0,0,0,1,0,30564.562,39387.097,39898.618,9.231174462855443e-08
0,30.0,12.0,1,0,1,0,30758.53,35448.387,48247.773,1.665397034344684e-06
0,27.0,12.0,0,0,1,0,30760.489,25064.516,31908.55,3.5278498666037615e-06
0,27.0,16.0,0,0,1,0,30760.489,26317.742,25860.215,2.9812869831276903e-06
0,28.0,12.0,0,0,1,0,30760.489,28824.194,39898.618,1.2201635994875786e-06
0,39.0,12.0,0,0,1,0,30760.489,32583.871,34726.575,1.9153736263071134e-07
0,28.0,15.0,1,0,1,0,30768.326,33486.194,30828.332,3.666696114900815e-06
0,48.0,12.0,0,0,1,0,30860.411,29269.984,34753.174,2.212751045141146e-07
0,48.0,14.0,0,0,1,0,30895.678,34732.258,32509.985,5.725054617099724e-08
0,37.0,17.0,0,0,1,0,30956.415,30435.484,27939.376,4.6978694704224166e-07
0,49.0,17.0,0,0,1,0,30956.415,31867.742,35465.438,1.2520726953180277e-07
0,25.0,15.0,0,0,1,0,30956.415,41177.419,35465.438,6.754949531313896e-08
0,27.0,15.0,0,0,1,0,31152.342,34016.129,43001.843,3.669814130160869e-07
0,51.0,17.0,0,1,1,0,31348.269,0.0,88663.594,0.003153945092602983
0,24.0,15.0,0,0,1,0,31348.269,26854.839,26599.078,2.9593823375994446e-06
0,31.0,17.0,0,0,1,0,31348.269,26854.839,32509.985,1.8434391041586778e-06
0,45.0,12.0,0,0,1,0,31348.269,27391.935,25564.67,4.344251253051553e-07
0,45.0,12.0,0,0,1,0,31348.269,27391.935,25564.67,4.344251253051553e-07
0,39.0,14.0,0,0,1,0,31348.269,27750.0,47287.25,6.881600512758435e-07
0,39.0,14.0,0,0,1,0,31348.269,27750.0,47287.25,6.881600512758435e-07
0,25.0,17.0,0,0,1,0,31348.269,28249.5,35561.49,2.0566235150033722e-06
0,53.0,17.0,0,0,1,0,31348.269,28645.161,27929.032,2.030671453773643e-07
0,26.0,16.0,0,0,1,0,31348.269,28645.161,35465.438,1.6468150629402433e-06
0,31.0,12.0,0,0,1,0,31348.269,28645.161,27337.942,9.461362828592262e-07
0,32.0,17.0,0,0,1,0,31348.269,28645.161,28076.805,1.0668188406718712e-06
0,48.0,17.0,0,0,1,0,31348.269,29540.323,32951.825,2.3853930860159265e-07
0,47.0,17.0,0,0,0,0,31348.269,29540.323,29258.986,1.3139628434246882e-06
0,44.0,16.0,0,0,1,0,31348.269,30435.484,19210.445,2.488194442825585e-07
0,41.0,16.0,0,0,1,0,31348.269,30435.484,20688.172,3.1535949668426525e-07
0,44.0,16.0,0,0,1,0,31348.269,30435.484,33987.711,2.488194442825585e-07
0,52.0,17.0,0,0,1,0,31348.269,31293.048,32509.985,1.0999370024699561e-07
0,40.0,12.0,0,0,1,0,31348.269,31330.645,27633.487,2.3032556400809218e-07
0,52.0,12.0,0,0,0,0,31348.269,32225.806,32509.985,3.5954755703840775e-07
0,53.0,16.0,0,0,1,0,31348.269,32225.806,32509.985,7.653996561554823e-08
0,42.0,16.0,0,0,1,0,31348.269,32225.806,32214.439,1.8250195263097092e-07
0,39.0,14.0,0,0,1,0,31348.269,32569.548,31020.436,1.9524999029694055e-07
0,42.0,17.0,0,0,1,0,31348.269,32762.903,39159.754,1.6503913991729542e-07
0,31.0,14.0,0,0,1,0,31348.269,34016.129,38986.86,2.5167363802460275e-07
0,47.0,14.0,0,0,1,0,31348.269,34016.129,25150.906,7.110865463539474e-08
0,51.0,16.0,0,0,1,0,31348.269,35448.387,44331.797,3.8608799109290726e-08
0,44.0,13.0,0,0,1,0,31348.269,35806.452,36943.164,5.424052536038206e-08
0,35.0,14.0,0,0,1,0,31348.269,36630.0,42854.071,9.265977462903376e-08
0,44.0,16.0,1,0,1,0,31644.118,30621.677,23495.853,2.0715664707909546e-06
0,46.0,12.0,0,0,1,0,31740.122,25780.645,17437.174,5.860550839556388e-07
0,32.0,14.0,0,0,1,0,31818.493,31330.645,70930.876,4.4574302688193074e-07
0,29.0,16.0,0,0,1,0,31936.049,26640.0,24825.806,2.0581450918358403e-06
0,38.0,17.0,0,0,0,0,31936.049,33300.0,33805.951,9.390664895186528e-07
0,26.0,14.0,0,0,1,0,32131.976,29898.387,28032.473,1.0061221006831862e-06
0,43.0,16.0,0,0,1,0,32131.976,31330.645,33987.711,1.9562355267079503e-07
0,45.0,16.0,0,0,0,0,32131.976,31330.645,31401.69,8.502033772853688e-07
0,34.0,17.0,0,0,0,0,32131.976,44758.065,9161.9048,6.308939950260936e-08
0,49.0,14.0,0,0,1,0,32327.902,14322.581,24530.261,9.384366397487947e-06
0,27.0,17.0,0,0,1,0,32327.902,25064.516,36943.164,3.6278120138300826e-06
0,26.0,16.0,0,0,1,0,32327.902,27750.0,32509.985,1.869893684215884e-06
0,41.0,16.0,0,0,1,0,32327.902,31330.645,0.0,2.24257453942153e-07
0,43.0,14.0,0,0,1,0,32327.902,31420.161,31032.258,1.7274013083019715e-07
0,28.0,13.0,0,0,1,0,32327.902,31688.71,40637.481,5.060898405851885e-07
0,28.0,12.0,1,0,1,0,32327.902,32225.806,39898.618,3.81544574945273e-06
0,27.0,16.0,0,0,1,0,32327.902,32225.806,39159.754,5.363299548758279e-07
0,32.0,12.0,0,0,1,0,32327.902,32225.806,32509.985,3.0813477575816326e-07
0,31.0,12.0,0,0,1,0,32327.902,32225.806,32509.985,3.334631996931443e-07
0,38.0,17.0,0,0,0,0,32327.902,32225.806,43297.389,1.1914002996207986e-06
0,43.0,12.0,0,0,0,0,32327.902,33479.032,33987.711,4.740408733265279e-07
0,34.0,17.0,0,0,1,0,32327.902,34016.129,33987.711,2.010662712637152e-07
0,22.0,14.0,0,0,1,0,32327.902,41177.419,32509.985,7.083273779014707e-08
0,50.0,14.0,0,0,1,0,32602.2,27889.645,27314.298,2.426669801707322e-07
0,44.0,14.0,0,0,1,0,32719.756,29540.323,26952.255,2.4997776729385184e-07
0,53.0,12.0,0,0,1,0,32868.66,31509.677,18914.9,6.667225514674702e-08
0,47.0,12.0,0,0,1,0,32915.682,27750.0,18914.9,2.8467199630391347e-07
0,47.0,12.0,0,0,1,0,32915.682,27750.0,18914.9,2.8467199630391347e-07
0,41.0,16.0,1,0,1,0,33307.536,23274.194,22165.899,1.4942219063751248e-05
0,41.0,16.0,1,0,1,0,33307.536,23274.194,22165.899,1.4942219063751248e-05
0,41.0,16.0,1,0,1,0,33307.536,23274.194,22165.899,1.4942219063751248e-05
0,48.0,16.0,0,0,1,0,33307.536,26058.145,31918.894,4.5990597175080634e-07
0,48.0,16.0,0,0,1,0,33307.536,26058.145,31918.894,4.5990597175080634e-07
0,36.0,13.0,0,0,1,0,33307.536,28645.161,28372.35,5.355743215306195e-07
0,49.0,12.0,0,0,1,0,33307.536,28645.161,32580.916,1.8430509196656388e-07
0,33.0,17.0,1,0,1,0,33307.536,29540.323,17732.719,5.686644077835311e-06
0,49.0,14.0,0,0,1,0,33307.536,30435.484,29554.531,1.2499242547278718e-07
0,36.0,12.0,0,0,1,0,33307.536,30435.484,31032.258,3.223291850021204e-07
0,50.0,17.0,0,0,1,0,33307.536,30435.484,25860.215,1.3014965733965895e-07
0,36.0,12.0,0,0,1,0,33307.536,30435.484,41376.344,3.223291850021204e-07
0,27.0,16.0,0,0,1,0,33307.536,30435.484,0.0,7.695196415801018e-07
0,52.0,16.0,0,0,1,0,33307.536,30793.548,28815.668,9.72508874595559e-08
0,38.0,12.0,0,0,1,0,33307.536,31330.645,31771.121,2.1780589704266665e-07
0,25.0,14.0,0,0,1,0,33307.536,31330.645,35760.983,6.586290097377011e-07
0,33.0,17.0,0,0,1,0,33307.536,31867.742,35465.438,3.4283128464401684e-07
0,30.0,12.0,0,0,1,0,33307.536,32046.774,37682.028,3.3980888580456505e-07
0,53.0,12.0,0,0,1,0,33307.536,32225.806,33544.393,5.270428762777687e-08
0,34.0,12.0,0,0,1,0,33307.536,32583.871,31032.258,2.1529628196646789e-07
0,36.0,12.0,0,0,1,0,33307.536,33120.968,33987.711,1.5975435883217124e-07
0,42.0,13.0,0,0,1,0,33307.536,33120.968,44331.797,1.0348998770884744e-07
0,34.0,12.0,0,0,1,0,33307.536,34016.129,32509.985,1.4806469488111363e-07
0,29.0,17.0,0,0,1,0,33307.536,34016.129,26980.332,2.681833118966823e-07
0,52.0,12.0,0,0,1,0,33307.536,34171.887,28667.896,3.429578019344915e-08
0,42.0,14.0,0,0,1,0,33307.536,37596.774,48764.977,3.34278914142604e-08
0,53.0,15.0,0,0,1,0,33307.536,37596.774,38420.891,1.4588765398908493e-08
0,32.0,13.0,1,0,1,0,33307.536,37596.774,46891.22,6.389534454631021e-07
0,39.0,12.0,0,0,1,0,33307.536,39387.097,28076.805,2.450312956848335e-08
0,28.0,16.0,0,0,1,0,33307.536,39387.097,34726.575,6.85103567343341e-08
0,28.0,12.0,1,0,1,0,33503.462,26854.839,25121.352,1.366163604710071e-05
0,26.0,14.0,0,0,1,0,33503.462,36032.032,34559.591,1.743250425516466e-07
0,25.0,14.0,1,0,1,0,33699.389,17724.194,25121.352,0.0001995778106795753
0,52.0,12.0,0,0,1,0,33895.316,47622.581,39011.982,9.56087676939285e-10
0,35.0,16.0,0,0,1,0,34091.242,26854.839,31032.258,9.573479875094863e-07
0,44.0,12.0,0,0,1,0,34091.242,32046.774,35465.438,1.0322364086018578e-07
0,33.0,15.0,0,0,1,0,34091.242,34016.129,33248.848,1.6575648430458858e-07
0,29.0,12.0,0,1,1,0,34287.169,26541.532,39159.754,1.0382485177605756e-05
0,53.0,16.0,0,0,1,0,34287.169,28645.161,22165.899,1.4158605033706305e-07
0,26.0,16.0,0,0,1,0,34287.169,32225.806,36943.164,4.6865403369883566e-07
0,37.0,17.0,0,0,1,0,34287.169,35806.452,41376.344,8.022308453564125e-08
0,45.0,12.0,0,0,1,0,34287.169,35806.452,31032.258,3.494599924709301e-08
0,27.0,17.0,0,0,1,0,34287.169,37596.774,39307.527,1.1069810482527866e-07
0,38.0,12.0,1,0,1,0,34483.096,23632.258,19210.445,1.2936114483025623e-05
0,34.0,13.0,0,0,1,0,34483.096,31509.677,33396.621,2.609348263493972e-07
0,34.0,12.0,0,0,1,0,34731.923,30435.484,39898.618,3.2313593162359077e-07
0,32.0,14.0,0,0,1,0,34874.949,35788.548,41376.344,9.95715285434475e-08
0,32.0,12.0,0,0,0,0,35070.876,32225.806,27337.942,1.1625590332269634e-06
0,29.0,14.0,0,0,1,0,35266.802,16112.903,20688.172,2.0700584011849983e-05
0,38.0,12.0,1,0,1,0,35266.802,25064.516,36943.164,8.167067468533437e-06
0,25.0,14.0,1,0,1,0,35266.802,25601.613,33101.075,2.146161318124753e-05
0,35.0,12.0,0,0,1,0,35266.802,26854.839,32509.985,7.180958049132978e-07
0,35.0,12.0,0,0,1,0,35266.802,26854.839,32509.985,7.180958049132978e-07
0,31.0,17.0,0,0,1,0,35266.802,31806.871,62064.516,3.2939564490660096e-07
0,49.0,12.0,0,0,1,0,35266.802,32225.806,47287.25,5.83697584046369e-08
0,55.0,12.0,0,0,1,0,35266.802,32225.806,25860.215,3.6336630402719794e-08
0,32.0,12.0,0,0,1,0,35266.802,32225.806,33987.711,2.2356837825148348e-07
0,46.0,14.0,0,0,1,0,35266.802,33120.968,33987.711,6.339740474378996e-08
0,28.0,15.0,0,0,1,0,35266.802,34016.129,35465.438,2.16408542202256e-07
0,34.0,16.0,0,0,1,0,35266.802,34016.129,35465.438,1.4019096557486521e-07
0,35.0,16.0,0,0,1,0,35266.802,34016.129,40489.708,1.2954266361725772e-07
0,34.0,12.0,0,0,1,0,35266.802,35806.452,36943.164,7.487439080672502e-08
0,40.0,16.0,0,0,1,0,35266.802,35806.452,36943.164,5.46569571025208e-08
0,40.0,16.0,0,0,1,0,35266.802,35806.452,36943.164,5.46569571025208e-08
0,29.0,14.0,0,0,1,0,35266.802,37596.774,45809.524,7.537299903412412e-08
0,45.0,12.0,0,0,1,0,35266.802,38366.613,38420.891,1.6081749172450764e-08
0,34.0,16.0,0,0,1,0,35266.802,39387.097,41671.889,3.443706295940689e-08
0,47.0,12.0,0,0,1,0,35266.802,40103.226,42262.98,8.721365444764035e-09
0,31.0,16.0,0,0,1,0,35266.802,41177.419,35465.438,2.7334836937175398e-08
0,53.0,12.0,1,0,1,0,35266.802,42967.742,35465.438,2.3181866133269585e-08
0,51.0,12.0,0,0,1,0,35266.802,44758.065,0.0,1.883450475475623e-09
0,40.0,16.0,0,0,1,0,35266.802,44758.065,56153.61,5.266097493696662e-09
0,27.0,12.0,0,0,1,0,35266.802,53888.71,14777.266,1.1530484137517484e-09
0,33.0,16.0,0,1,1,0,35266.802,85935.484,96052.227,1.444076133013734e-12
0,41.0,16.0,0,0,1,0,35582.244,34016.129,42854.071,7.791387324265544e-08
0,41.0,16.0,0,0,1,0,35582.244,34016.129,42854.071,7.791387324265544e-08
0,33.0,12.0,0,0,1,0,35658.656,34016.129,32509.985,1.239636728373477e-07
0,53.0,13.0,0,0,1,0,35658.656,35806.452,35465.438,1.6642087074791685e-08
0,45.0,12.0,0,0,1,0,35756.619,31509.677,27377.84,9.151399058826234e-08
0,50.0,17.0,0,0,1,0,36050.509,37596.774,13299.539,1.4841445303048659e-08
0,37.0,14.0,0,0,1,0,36197.454,29361.29,21870.353,3.11530645305762e-07
0,27.0,16.0,0,0,1,0,36246.436,0.0,0.0,0.0015890272664321288
0,27.0,16.0,0,0,1,0,36246.436,28192.21,40903.472,1.0035477595634306e-06
0,48.0,12.0,0,0,1,0,36246.436,31330.645,32509.985,7.172445095062457e-08
0,47.0,12.0,0,0,1,0,36246.436,31796.129,42854.071,6.872809188577761e-08
0,47.0,17.0,0,0,1,0,36246.436,34016.129,35465.438,4.694309385551946e-08
0,33.0,15.0,0,0,1,0,36246.436,34213.065,35465.438,1.2443409728353308e-07
0,32.0,17.0,0,0,1,0,36640.248,34016.129,57631.336,1.4706507821467025e-07
0,34.0,14.0,0,0,1,0,36834.216,0.0,0.0,0.0007922888548524666
0,43.0,17.0,0,0,1,0,37226.069,16650.0,30441.167,5.416247516577484e-06
0,31.0,14.0,0,0,1,0,37226.069,17903.226,25860.215,8.938301404500062e-06
0,26.0,12.0,0,0,1,0,37226.069,25959.677,26599.078,1.491680246830876e-06
0,29.0,14.0,0,0,0,0,37226.069,27284.516,36943.164,4.588340560364092e-06
0,44.0,17.0,0,0,1,0,37226.069,32075.419,37386.482,8.878766914883956e-08
0,36.0,17.0,0,1,1,0,37226.069,33300.0,39603.072,9.037963922070575e-07
0,26.0,17.0,0,0,1,0,37226.069,34016.129,44331.797,2.2160501219422203e-07
0,28.0,16.0,0,0,1,0,37226.069,34016.129,35465.438,1.8183451814735254e-07
0,35.0,17.0,0,0,1,0,37226.069,35806.452,39898.618,6.816844764451137e-08
0,52.0,12.0,0,0,1,0,37226.069,35831.516,48764.977,1.4490102386572525e-08
0,36.0,13.0,0,0,0,0,37226.069,36150.194,44308.154,2.499290223140177e-07
0,28.0,17.0,0,0,1,0,37226.069,37507.258,38420.891,7.59738556915905e-08
0,44.0,17.0,0,0,1,0,37226.069,37596.774,36204.301,2.096946241962374e-08
0,37.0,13.0,0,0,1,0,37226.069,37596.774,39529.186,3.108725405799294e-08
0,51.0,12.0,0,0,1,0,37226.069,38939.516,35465.438,6.959356865662537e-09
0,50.0,12.0,0,0,1,0,37226.069,39029.032,36943.164,7.357237314636027e-09
0,29.0,12.0,0,0,1,0,37226.069,39924.194,27918.688,3.058795242639322e-08
0,32.0,17.0,0,0,1,0,37226.069,46548.387,25121.352,5.213354236688539e-09
0,38.0,14.0,0,0,1,0,37226.069,50129.032,44331.797,1.1296524042407501e-09
0,47.0,17.0,0,0,1,0,37343.625,28906.548,35732.906,1.5833510361639768e-07
0,47.0,17.0,0,0,1,0,37343.625,28906.548,35732.906,1.5833510361639768e-07
0,31.0,17.0,0,0,1,0,38009.776,36705.194,42854.071,6.786335576559565e-08
0,50.0,16.0,0,0,1,0,38205.703,34911.29,33987.711,2.2743572744016103e-08
0,39.0,12.0,0,0,1,0,38205.703,39387.097,43740.707,1.4355034906744119e-08
0,27.0,13.0,0,0,1,0,38401.629,34016.129,11128.759,1.5359775091490664e-07
0,46.0,16.0,0,0,1,0,38597.556,37596.774,48764.977,1.4813687396625868e-08
0,46.0,16.0,0,0,1,0,38597.556,37596.774,48764.977,1.4813687396625868e-08
0,33.0,16.0,0,0,1,0,38597.556,41177.419,42854.071,1.6225357855153852e-08
0,25.0,16.0,0,0,0,0,39185.336,0.0,23389.456,0.0068366464157535245
0,36.0,12.0,0,0,1,0,39185.336,15217.742,16254.992,9.059437909280907e-06
0,39.0,12.0,0,0,1,0,39185.336,24169.355,23643.625,6.886946119592274e-07
0,35.0,17.0,0,0,1,0,39185.336,30435.484,33426.175,2.2407343513778093e-07
0,35.0,17.0,0,0,1,0,39185.336,30435.484,33426.175,2.2407343513778093e-07
0,46.0,17.0,0,0,1,0,39185.336,31330.645,31298.249,7.436961186748574e-08
0,31.0,17.0,0,0,1,0,39185.336,33120.968,47287.25,1.523253746647712e-07
0,52.0,15.0,0,0,1,0,39185.336,35806.452,38420.891,1.327077379257188e-08
0,50.0,16.0,0,0,0,0,39185.336,35806.452,40637.481,8.232199163594459e-08
0,49.0,12.0,0,0,1,0,39185.336,35806.452,33987.711,1.4926271194123e-08
0,53.0,16.0,0,0,1,0,39185.336,35806.452,51720.43,1.27607995266752e-08
0,44.0,14.0,0,0,1,0,39185.336,35806.452,35465.438,2.3991923354810084e-08
0,46.0,16.0,0,0,1,0,39185.336,35806.452,36943.164,2.218341197068937e-08
0,42.0,14.0,0,0,1,0,39185.336,36701.613,39898.618,2.2236368395953465e-08
0,43.0,12.0,0,0,1,0,39185.336,36701.613,45809.524,1.8974876438941896e-08
0,28.0,12.0,1,0,1,0,39185.336,36776.806,34726.575,5.493238597863201e-07
0,54.0,15.0,0,0,1,0,39185.336,37471.452,39304.571,7.332915998369677e-09
0,42.0,16.0,0,0,1,0,39185.336,37596.774,47287.25,1.9055745097227206e-08
0,34.0,16.0,0,0,1,0,39185.336,37596.774,39898.618,3.584954097307679e-08
0,29.0,13.0,1,0,1,0,39185.336,37596.774,38420.891,4.263145791488893e-07
0,47.0,16.0,0,0,1,0,39185.336,39387.097,38420.891,8.040046010559977e-09
0,33.0,16.0,0,0,1,0,39185.336,39387.097,44331.797,2.4297380374176068e-08
0,40.0,17.0,0,1,1,0,39185.336,41177.419,33987.711,6.787931654418606e-08
0,40.0,17.0,0,1,1,0,39185.336,41177.419,33987.711,6.787931654418606e-08
0,45.0,14.0,0,0,1,0,39185.336,42538.065,36943.164,3.815997814026632e-09
0,31.0,16.0,0,0,1,0,39185.336,42967.742,76841.782,1.1161209717377222e-08
0,32.0,12.0,0,0,1,0,39185.336,42967.742,41376.344,8.795259704878182e-09
0,27.0,17.0,0,0,1,0,39185.336,44758.065,29554.531,9.976945331801099e-09
0,44.0,17.0,0,0,1,0,39185.336,44758.065,51720.43,2.604803958759672e-09
0,38.0,17.0,0,0,1,0,39185.336,48338.71,47287.25,1.6411780119618132e-09
0,27.0,17.0,0,0,0,0,40164.969,41177.419,44331.797,1.1634111217698733e-07
0,38.0,12.0,1,0,1,0,40570.538,10741.935,27190.169,0.000193370984695075
0,39.0,17.0,0,0,1,0,40752.749,0.0,0.0,0.0003922961501345826
0,46.0,14.0,0,0,1,0,41144.603,30256.452,35465.438,7.056360574697122e-08
0,25.0,17.0,0,0,1,0,41144.603,35806.452,38420.891,9.792230224732242e-08
0,52.0,12.0,0,0,1,0,41144.603,37596.774,36943.164,5.9554080717229015e-09
0,35.0,15.0,0,0,1,0,41144.603,39387.097,35465.438,1.609790118934885e-08
0,53.0,12.0,0,0,1,0,41144.603,42967.742,39898.618,1.3517934878456112e-09
0,33.0,16.0,0,0,1,0,41144.603,42967.742,41080.799,7.695022949691834e-09
0,30.0,16.0,0,0,1,0,41144.603,42967.742,47287.25,9.752850014856197e-09
0,51.0,16.0,0,0,1,0,41144.603,44758.065,48764.977,1.162649475934413e-09
0,36.0,12.0,1,0,1,0,41732.383,37596.774,31032.258,1.784588022508908e-07
0,33.0,13.0,0,0,1,0,41732.383,47264.516,51073.186,2.083157817949478e-09
0,50.0,17.0,0,0,1,0,42124.236,0.0,70930.876,0.0001416846357819053
0,47.0,16.0,0,0,1,0,42124.236,41177.419,44331.797,3.653397384833849e-09
0,36.0,14.0,0,0,1,0,42124.236,42072.581,41376.344,6.366236636768601e-09
0,48.0,12.0,0,0,1,0,42124.236,42967.742,36943.164,1.803029996206498e-09
0,48.0,12.0,0,0,1,0,42124.236,42967.742,36943.164,1.803029996206498e-09
0,48.0,17.0,0,0,1,0,42294.692,41177.419,41376.344,3.4482393266191108e-09
0,37.0,17.0,0,0,1,0,42712.016,43862.903,31032.258,3.893541357278056e-09
0,50.0,17.0,0,0,1,0,42907.943,44758.065,39898.618,1.0800568911316185e-09
0,34.0,16.0,0,0,1,0,43103.87,21304.839,20688.172,1.6523952018164192e-06
0,30.0,12.0,1,0,1,0,43103.87,21483.871,26599.078,1.6650796288968582e-05
0,28.0,16.0,0,0,1,0,43103.87,32225.806,38420.891,1.5284347572262127e-07
0,37.0,12.0,0,0,0,0,43103.87,32225.806,32509.985,3.258689210800991e-07
0,46.0,12.0,0,0,1,0,43103.87,35806.452,31032.258,1.2333862163224422e-08
0,32.0,12.0,0,1,1,0,43103.87,37596.774,38420.891,1.7395607011674958e-07
0,29.0,12.0,0,0,0,0,43103.87,37596.774,50242.704,1.5059367173433117e-07
0,40.0,16.0,0,0,1,0,43103.87,39387.097,45809.524,9.112449426431068e-09
0,44.0,15.0,0,0,1,0,43103.87,39387.097,51232.78,6.384361178645953e-09
0,38.0,12.0,0,0,1,0,43103.87,41177.419,36943.164,5.699843225075794e-09
0,51.0,12.0,0,0,1,0,43103.87,41356.452,7388.6329,1.9478072590131093e-09
0,33.0,17.0,0,0,1,0,43103.87,43236.29,40415.822,6.027360708082094e-09
0,31.0,16.0,0,0,0,0,43103.87,44364.194,54675.883,2.571184936094906e-08
0,43.0,17.0,0,0,1,0,43103.87,44758.065,41376.344,1.8378429097611604e-09
0,45.0,16.0,0,0,1,0,43103.87,48338.71,59109.063,5.914833362768108e-10
0,33.0,17.0,0,0,1,0,43566.257,42967.742,40785.253,6.147386514296167e-09
0,25.0,12.0,0,0,1,0,43691.65,30435.484,33987.711,2.473877952906369e-07
0,51.0,12.0,0,0,1,0,44083.503,41177.419,48764.977,1.8341115802970023e-09
0,41.0,17.0,0,0,1,0,44083.503,43862.903,66497.696,2.4439656594303165e-09
0,42.0,12.0,0,0,1,0,44475.356,47232.29,70930.876,7.349959775826994e-10
0,37.0,13.0,0,0,1,0,45063.136,35806.452,27337.942,2.1099197166426935e-08
0,29.0,17.0,0,0,1,0,45063.136,35806.452,0.0,4.654563762704083e-08
0,37.0,15.0,0,1,1,0,45063.136,39387.097,45809.524,6.678084165802132e-08
0,46.0,16.0,0,0,1,0,45063.136,46011.29,42854.071,8.108662035745447e-10
0,40.0,12.0,0,0,1,0,45063.136,48338.71,44331.797,6.045556448038578e-10
0,46.0,17.0,0,0,1,0,45063.136,57290.323,36943.164,4.4246680262971624e-11
0,47.0,12.0,0,0,1,0,45063.136,62661.29,0.0,8.230673748227523e-12
0,34.0,13.0,0,0,1,0,45846.843,42072.581,41376.344,4.772250038159499e-09
0,52.0,17.0,0,0,1,0,46042.77,59080.645,70930.876,1.55011065358369e-11
0,52.0,17.0,0,0,1,0,46042.77,59080.645,70930.876,1.55011065358369e-11
0,50.0,12.0,0,0,1,0,47022.403,44758.065,8866.3594,5.648587568800604e-10
0,49.0,17.0,0,0,1,0,47022.403,46548.387,42854.071,4.671539968194545e-10
0,49.0,17.0,0,0,1,0,47022.403,48338.71,44331.797,2.925692701789856e-10
0,49.0,17.0,0,0,1,0,47022.403,48338.71,44331.797,2.925692701789856e-10
0,53.0,12.0,0,0,1,0,47649.369,47894.71,50242.704,1.833298369065774e-10
0,33.0,13.0,0,0,1,0,48981.67,32225.806,0.0,4.810426801233006e-08
0,54.0,15.0,0,0,1,0,48981.67,35806.452,88663.594,3.889083041924354e-09
0,54.0,15.0,0,0,1,0,48981.67,35806.452,88663.594,3.889083041924354e-09
0,44.0,17.0,0,0,1,0,48981.67,42967.742,39898.618,1.4274857722567036e-09
0,37.0,17.0,0,0,1,0,48981.67,44758.065,44331.797,1.554142691490962e-09
0,55.0,16.0,0,0,1,0,48981.67,46548.387,47878.341,2.2565295975303716e-10
0,55.0,16.0,0,0,1,0,48981.67,46548.387,47878.341,2.2565295975303716e-10
0,37.0,17.0,0,0,1,0,48981.67,46548.387,49503.84,9.733289560459885e-10
0,44.0,14.0,0,0,1,0,48981.67,48338.71,50242.704,3.1117971296650626e-10
0,41.0,13.0,0,0,1,0,48981.67,48338.71,38420.891,3.7900422778234295e-10
0,39.0,17.0,0,0,1,0,48981.67,48338.71,51720.43,5.204917680909416e-10
0,48.0,16.0,0,0,1,0,48981.67,50129.032,48764.977,1.5386111997033247e-10
0,39.0,17.0,0,0,1,0,48981.67,50129.032,44331.797,3.2597374220816973e-10
0,45.0,12.0,0,0,1,0,48981.67,50487.097,46548.387,1.514428611290524e-10
0,26.0,16.0,0,0,1,0,48981.67,53709.677,45809.524,3.4310328717796794e-10
0,34.0,16.0,0,0,1,0,48981.67,62661.29,54675.883,1.757157260346442e-11
0,47.0,16.0,0,0,1,0,48981.67,62741.855,65019.969,6.161287162766002e-12
0,55.0,16.0,0,0,1,0,48981.67,71612.903,35110.783,3.222572279079098e-13
0,37.0,16.0,0,0,1,0,49961.303,41177.419,39898.618,3.421537624401775e-09
0,43.0,17.0,0,0,1,0,49961.303,48338.71,51424.885,3.409899559673145e-10
0,43.0,16.0,0,0,1,0,49961.303,50129.032,52969.109,2.0522085448827976e-10
0,33.0,17.0,0,0,1,0,50940.937,39387.097,46105.069,7.0069135548970615e-09
0,29.0,17.0,1,0,1,0,50940.937,41177.419,39603.072,5.4337741438681196e-08
0,36.0,14.0,0,0,1,0,50940.937,42967.742,44331.797,1.9243141907476755e-09
0,37.0,17.0,0,0,1,0,50940.937,44758.065,50242.704,1.2548850861243385e-09
0,44.0,12.0,0,0,1,0,50940.937,44758.065,41376.344,5.915742398426558e-10
0,42.0,17.0,0,0,0,0,50940.937,50129.032,48764.977,1.0570376211036124e-09
0,47.0,16.0,0,0,1,0,50940.937,53709.677,54675.883,5.2733495258896936e-11
0,38.0,13.0,0,0,1,0,50940.937,73403.226,25121.352,5.539114995677447e-13
0,28.0,16.0,0,0,1,0,51920.57,48875.806,56153.61,7.519771330103692e-10
0,44.0,17.0,0,0,1,0,51920.57,56753.226,53198.157,2.8207220195766567e-11
0,32.0,16.0,0,0,1,0,52900.204,48338.71,0.0,5.668936788745106e-10
0,47.0,17.0,0,0,1,0,52900.204,49233.871,54675.883,1.4274690630613418e-10
0,28.0,16.0,0,0,1,0,52900.204,59080.645,36943.164,4.6918338846305844e-11
0,45.0,15.0,0,0,1,0,53879.837,51919.355,45809.524,6.875637941918463e-11
0,52.0,16.0,0,0,1,0,53879.837,53709.677,63837.788,2.5776273894328008e-11
0,32.0,12.0,0,0,1,0,54859.47,39387.097,40878.35,4.051500630398903e-09
0,33.0,17.0,0,0,1,0,54859.47,46548.387,76841.782,7.027934883624547e-10
0,41.0,17.0,0,0,1,0,54859.47,52993.548,50242.704,6.930065886175393e-11
0,42.0,16.0,0,0,1,0,54859.47,53709.677,53641.475,5.10327280390893e-11
0,48.0,16.0,0,0,1,0,54859.47,53709.677,73886.329,3.1769145308472266e-11
0,48.0,16.0,0,0,1,0,54859.47,53709.677,73886.329,3.1769145308472266e-11
0,46.0,12.0,0,0,1,0,56818.737,48338.71,73886.329,1.0429691875512413e-10
0,48.0,14.0,0,0,1,0,56818.737,57290.323,57631.336,9.291336323555398e-12
0,47.0,14.0,0,0,1,0,58778.004,26854.839,32509.985,2.3143592972222333e-08
0,36.0,17.0,0,0,1,0,58778.004,46548.387,56153.61,3.6151992381772935e-10
0,38.0,16.0,0,0,1,0,58778.004,50129.032,38420.891,1.1634999341916043e-10
0,48.0,17.0,1,0,1,0,58778.004,51842.371,59109.063,3.1700636120360496e-10
0,44.0,17.0,0,0,1,0,58778.004,53709.677,53198.157,2.956305761589899e-11
0,38.0,16.0,0,0,1,0,58778.004,53709.677,41376.344,4.5635599005813286e-11
0,39.0,14.0,0,0,1,0,58778.004,57290.323,74625.192,1.5274117555909517e-11
0,41.0,17.0,0,0,1,0,59385.377,59438.71,82752.688,7.843966510971628e-12
0,47.0,16.0,0,0,1,0,60737.271,60870.968,78319.508,2.784367866501371e-12
0,47.0,16.0,0,0,1,0,60737.271,60870.968,78319.508,2.784367866501371e-12
0,46.0,16.0,0,0,1,0,62696.538,57290.323,63542.243,6.203110206410511e-12
0,30.0,13.0,0,0,1,0,62696.538,75193.548,70930.876,1.8086113727845807e-13
0,52.0,17.0,0,0,1,0,63676.171,60870.968,59109.063,1.416279735173335e-12
0,40.0,16.0,0,0,1,0,66615.071,57290.323,66497.696,6.4964923726576374e-12
0,51.0,12.0,0,0,0,0,67594.705,62661.29,71669.739,2.6104975070001323e-12
0,47.0,17.0,0,0,1,0,68574.338,38670.968,0.0,4.078834265100817e-10
0,53.0,16.0,0,0,1,0,68574.338,39387.097,67236.559,2.023538331432331e-10
0,48.0,16.0,0,0,1,0,68574.338,59080.645,62064.516,1.7462365792595687e-12
0,28.0,15.0,0,0,1,0,68574.338,62661.29,66497.696,3.1951835000545803e-12
0,42.0,17.0,0,0,1,0,68574.338,64451.613,62064.516,7.170364199717e-13
0,47.0,16.0,0,0,1,0,68574.338,71612.903,73886.329,7.141527396826519e-14
0,50.0,14.0,0,0,1,0,70533.605,29540.323,51720.43,2.508075650679538e-09
0,49.0,12.0,0,0,1,0,72492.872,71433.871,0.0,3.552798137155466e-14
0,48.0,15.0,0,0,1,0,73472.505,71612.903,85708.141,3.7151618754653975e-14
0,51.0,17.0,0,0,1,0,74452.138,0.0,0.0,3.840972473474959e-06
0,32.0,17.0,0,0,1,0,76411.405,64451.613,99007.68,6.71530312748166e-13
0,47.0,16.0,0,0,1,0,78370.672,78774.194,97677.727,3.7707797108548824e-15
0,37.0,17.0,0,0,1,0,82289.206,85040.323,110829.49,1.0957428420609015e-15
0,55.0,17.0,0,0,1,0,88167.006,98467.742,88663.594,4.161820287623808e-18
0,49.0,16.0,0,0,1,0,94044.807,98467.742,73886.329,3.382025910164038e-18
0,50.0,16.0,0,0,1,0,97963.34,34016.129,33987.711,4.2210761076276756e-11
0,28.0,16.0,0,0,1,0,97963.34,89516.129,70930.876,1.2022950992959145e-16
0,42.0,16.0,0,0,1,0,103841.14,93096.774,100485.41,8.214607038066191e-18
0,45.0,12.0,0,0,1,0,137148.68,156653.23,88663.594,8.8862752304943e-27
0,54.0,3.0,1,0,0,1,0.0,0.0,221.65899,0.36937506668955045
0,54.0,3.0,1,0,1,1,0.0,0.0,0.0,0.10319913800304926
0,54.0,3.0,1,0,1,1,0.0,0.0,0.0,0.10319913800304926
0,54.0,3.0,1,0,1,1,0.0,0.0,0.0,0.10319913800304926
0,53.0,4.0,1,0,0,1,0.0,0.0,0.0,0.3974517015134079
0,51.0,4.0,1,0,1,1,0.0,0.0,0.0,0.13177231027352515
0,51.0,5.0,1,0,0,1,0.0,0.0,0.0,0.44564198119165793
0,46.0,6.0,1,0,1,1,0.0,0.0,0.0,0.19611041952842487
0,53.0,6.0,0,0,1,1,0.0,0.0,0.0,0.015306559919870231
0,41.0,6.0,1,0,1,1,0.0,0.0,0.0,0.26584481050848313
0,45.0,7.0,1,0,1,1,0.0,0.0,11821.813,0.2155179070548479
0,53.0,7.0,0,1,0,1,0.0,0.0,0.0,0.38024999311585583
0,47.0,8.0,0,0,0,1,0.0,0.0,0.0,0.12097977082561984
0,55.0,8.0,1,0,1,1,0.0,0.0,0.0,0.11485069263605427
0,55.0,8.0,0,0,1,1,0.0,0.0,0.0,0.014169099708553042
0,53.0,8.0,1,0,1,1,0.0,0.0,0.0,0.1319148873774005
0,41.0,8.0,0,0,1,1,0.0,0.0,0.0,0.04162701949507984
0,45.0,8.0,0,0,1,1,0.0,0.0,0.0,0.030695324366795812
0,45.0,9.0,1,0,1,1,0.0,0.0,0.0,0.22928344989915733
0,46.0,9.0,0,1,1,1,0.0,0.0,0.0,0.18494804363343958
0,48.0,9.0,0,0,1,1,0.0,0.0,0.0,0.02534146004816231
0,46.0,9.0,0,1,1,1,0.0,0.0,0.0,0.18494804363343958
0,45.0,9.0,1,0,1,1,0.0,0.0,0.0,0.22928344989915733
0,54.0,9.0,0,0,1,1,0.0,0.0,0.0,0.01592805467106576
0,23.0,9.0,1,0,0,1,0.0,0.0,218.70353,0.8959309621977212
0,40.0,10.0,0,1,1,1,0.0,0.0,0.0,0.275000854949368
0,54.0,10.0,1,0,1,1,0.0,0.0,0.0,0.13198622497638945
0,54.0,10.0,1,0,1,1,0.0,0.0,0.0,0.13198622497638945
0,25.0,11.0,1,0,0,1,0.0,0.0,3694.3164,0.8883935916034914
0,41.0,11.0,0,0,1,1,0.0,0.0,14481.72,0.046661063279542045
0,23.0,11.0,1,0,0,1,0.0,0.0,0.0,0.9031239028370416
0,23.0,11.0,1,0,0,1,0.0,0.0,0.0,0.9031239028370416
0,52.0,8.0,0,0,1,1,0.0,0.0,0.0,0.017890455105879687
0,45.0,9.0,0,0,1,1,0.0,0.0,0.0,0.03190215501665731
0,40.0,8.0,0,0,1,1,0.0,0.0,0.0,0.04489510929624214
0,37.0,10.0,0,0,1,1,0.0,0.0,0.0,0.060603305845094366
0,48.0,11.0,0,0,1,1,0.0,0.0,11821.813,0.027384083445090277
0,36.0,9.0,0,0,1,1,0.0,0.0,0.0,0.0628729885715223
0,40.0,7.0,0,0,1,1,0.0,0.0,8866.3594,0.043218709071420496
0,40.0,7.0,0,0,1,1,0.0,0.0,8866.3594,0.043218709071420496
0,38.0,11.0,0,0,1,1,0.0,0.0,0.0,0.058410450592957214
0,53.0,7.0,0,0,1,1,0.0,0.0,0.0,0.015918295308155785
0,52.0,10.0,1,0,1,1,0.0,0.0,0.0,0.15116158406563024
0,52.0,7.0,0,0,1,1,0.0,0.0,0.0,0.017204255192777396
0,43.0,9.0,1,0,1,1,0.0,0.0,0.0,0.25838660958554804
0,54.0,4.0,1,0,1,1,0.0,0.0,0.0,0.10694205811475015
0,46.0,6.0,0,0,1,1,0.0,0.0,0.0,0.026311585365199296
0,40.0,8.0,0,0,1,1,0.0,0.0,0.0,0.04489510929624214
0,53.0,8.0,0,0,1,1,0.0,0.0,0.0,0.016554068038910418
0,50.0,11.0,0,0,1,1,0.0,0.0,10344.086,0.023476065442215054
0,33.0,11.0,0,0,1,1,0.0,0.0,0.0,0.08431610705818028
0,33.0,11.0,0,0,1,1,0.0,0.0,0.0,0.08431610705818028
0,52.0,8.0,0,0,1,1,0.0,0.0,0.0,0.017890455105879687
0,49.0,4.0,1,0,1,1,0.0,0.0,0.0,0.15092199476426574
0,50.0,8.0,0,0,1,1,0.0,0.0,0.0,0.020888536337891804
0,41.0,8.0,0,0,1,1,0.0,0.0,7093.0876,0.04162701949507984
0,53.0,9.0,0,0,1,1,0.0,0.0,0.0,0.017214789174202817
0,48.0,11.0,0,0,0,1,0.0,0.0,0.0,0.12534575527035802
0,31.0,9.0,0,0,1,1,0.0,0.0,0.0,0.09056745899276113
0,42.0,8.0,0,0,1,1,0.0,0.0,0.0,0.03858721539301724
0,54.0,10.0,0,0,1,1,0.0,0.0,0.0,0.016564210627387606
0,50.0,10.0,0,0,1,1,0.0,0.0,0.0,0.022580551626319362
0,48.0,6.0,0,1,1,1,0.0,0.0,0.0,0.1467158873244915
0,22.0,9.0,0,0,1,1,0.0,0.0,16846.083,0.16857386552395484
0,41.0,8.0,0,0,1,1,0.0,0.0,0.0,0.04162701949507984
0,41.0,8.0,0,0,1,1,0.0,0.0,0.0,0.04162701949507984
0,45.0,9.0,0,0,1,1,0.0,313.30645,4063.7481,0.02946763690108693
0,21.0,8.0,1,0,0,1,0.0,895.16129,2305.2535,0.8846286249782932
0,46.0,8.0,0,0,1,1,0.0,8951.6129,0.0,0.002811418140880002
0,46.0,8.0,0,0,1,1,0.0,8951.6129,0.0,0.002811418140880002
0,21.0,11.0,1,0,0,1,0.0,9846.7742,5615.361,0.4542909324701741
0,53.0,8.0,0,0,1,1,0.0,14322.581,0.0,0.0003982270174223249
0,53.0,6.0,0,0,1,1,0.0,17187.097,45809.524,0.00017397240167739558
0,34.0,11.0,0,0,1,1,0.0,19693.548,14777.266,0.0004944229088109113
0,49.0,9.0,0,0,1,1,0.0,21483.871,69453.149,8.746980990498174e-05
0,28.0,11.0,0,0,1,1,0.0,62661.29,118218.13,1.0534285716497416e-08
0,43.0,3.0,1,0,1,1,17.633401,0.0,0.0,0.21498234398911778
0,52.0,6.0,1,0,1,1,235.11202,1246.0645,1477.7266,0.09655350216145477
0,54.0,8.0,0,0,1,1,293.89002,537.09677,295.54531,0.012921011533587878
0,52.0,7.0,1,0,0,1,293.89002,5012.9032,0.0,0.17364166771243278
0,29.0,11.0,1,0,1,1,783.70672,0.0,23643.625,0.5114051967113115
0,37.0,9.0,0,0,0,1,940.44807,3544.8387,1152.6267,0.1013202094666611
0,38.0,2.0,0,0,0,1,1077.5967,6266.129,2955.4531,0.036736142168782314
0,20.0,10.0,0,0,0,1,1381.2831,3523.3548,9309.6774,0.30102538917640753
0,31.0,6.0,1,0,0,1,1410.6721,555.0,16059.932,0.7507018791070598
0,23.0,10.0,1,0,0,1,1469.4501,5370.9677,0.0,0.6521119917993532
0,19.0,11.0,1,0,0,1,1567.4134,0.0,0.0,0.9150801653165354
0,20.0,11.0,0,0,1,1,1567.4134,3222.5806,2955.4531,0.08536513753519002
0,35.0,9.0,1,0,0,1,1567.4134,5370.9677,5910.9063,0.4085143075553512
0,21.0,10.0,1,0,0,1,1567.4134,8145.9677,8275.2688,0.5125719201416069
0,41.0,8.0,1,0,1,1,1716.3177,8378.7097,7388.6329,0.03510793252711898
0,41.0,8.0,1,0,1,1,1716.3177,8378.7097,7388.6329,0.03510793252711898
0,42.0,8.0,0,0,1,1,1763.3401,0.0,8866.3594,0.03204715758118909
0,42.0,8.0,0,0,1,1,1763.3401,0.0,8866.3594,0.03204715758118909
0,20.0,8.0,1,0,0,1,1880.8961,3652.2581,1018.1536,0.766746015870673
0,30.0,9.0,1,0,0,1,1959.2668,162.91935,16809.14,0.793044872793888
0,29.0,10.0,1,0,0,1,2037.6375,2685.4839,0.0,0.6887485066547597
0,22.0,11.0,1,0,0,1,2351.1202,0.0,879.24731,0.8864283268167548
0,25.0,10.0,1,0,0,1,2838.9776,5370.9677,11437.604,0.5795296872163376
0,20.0,8.0,1,0,0,1,2938.9002,1838.6613,1226.5131,0.8247075770425976
0,55.0,7.0,0,0,0,1,2938.9002,8342.9032,0.0,0.005729065809756081
0,20.0,10.0,0,0,0,1,2938.9002,8951.6129,10344.086,0.08081674949356005
0,40.0,4.0,1,0,0,1,2962.4114,1933.5484,1034.4086,0.4457304966047566
0,52.0,0.0,0,0,1,1,3134.8269,0.0,295.54531,0.009321043417546205
0,22.0,9.0,1,0,0,1,3134.8269,4345.1129,13299.539,0.6800199444214305
0,24.0,10.0,1,0,0,1,3152.4603,3902.9032,7447.7419,0.679035422855167
0,19.0,11.0,0,0,0,1,3221.0346,12532.258,14777.266,0.036291320385896435
0,51.0,7.0,0,0,1,1,3291.5682,8951.6129,0.0,0.0012726827325976527
0,19.0,6.0,1,0,0,1,3526.6802,0.0,0.0,0.8770060494045328
0,50.0,10.0,1,0,1,1,3526.6802,0.0,0.0,0.12427959653426487
0,23.0,11.0,0,1,0,1,3526.6802,2685.4839,8127.4962,0.7218560134866804
0,38.0,3.0,1,0,1,1,3722.6069,5729.0323,17732.719,0.057211621548136804
0,38.0,3.0,1,0,1,1,3722.6069,5729.0323,17732.719,0.057211621548136804
0,20.0,11.0,0,0,0,1,3844.0815,9846.7742,13299.539,0.06155555814677778
0,43.0,10.0,1,0,1,1,3918.5336,2148.3871,0.0,0.11879708677753001
0,30.0,6.0,1,0,1,1,3918.5336,3401.6129,4433.1797,0.18789613586539416
0,35.0,10.0,1,0,1,1,3918.5336,3795.4839,7802.3963,0.1415555564347881
0,35.0,10.0,1,0,1,1,3918.5336,3795.4839,7802.3963,0.1415555564347881
0,35.0,10.0,1,0,1,1,3918.5336,3795.4839,7802.3963,0.1415555564347881
0,40.0,10.0,0,0,1,1,3918.5336,4833.871,7248.2488,0.00929335106147918
0,44.0,11.0,1,0,1,1,3918.5336,5370.9677,2955.4531,0.05288100429077233
0,23.0,10.0,1,0,0,1,3918.5336,7161.2903,6649.7696,0.47328253451499797
0,41.0,8.0,1,0,1,1,3918.5336,11171.613,5910.9063,0.013599842930068239
0,39.0,5.0,1,0,1,1,4051.7637,13427.419,14629.493,0.007770572635267955
0,39.0,5.0,1,0,1,1,4051.7637,13427.419,14629.493,0.007770572635267955
0,39.0,5.0,1,0,1,1,4051.7637,13427.419,14629.493,0.007770572635267955
0,25.0,11.0,1,0,0,1,4055.6823,11637.097,0.0,0.19623115528355642
0,19.0,11.0,0,0,0,1,4114.4603,4654.8387,8570.8141,0.21119667007301823
0,23.0,6.0,0,0,1,1,4114.4603,7161.2903,8127.4962,0.01606102270421885
0,38.0,9.0,1,0,1,1,4228.0978,7941.871,11245.499,0.03928606101542913
0,50.0,9.0,1,0,1,1,4333.8982,7469.2258,6383.7788,0.017416643734315704
0,18.0,11.0,0,0,0,1,4351.5316,32270.565,2364.3625,0.00020694420923858236
0,22.0,11.0,1,0,1,1,4449.4949,6187.3548,14570.384,0.19484432745637273
0,19.0,10.0,1,0,0,1,4702.2403,3437.4194,2364.3625,0.749661667504687
0,25.0,10.0,1,0,1,1,4702.2403,4282.4516,4947.4286,0.22700273657059503
0,47.0,6.0,1,0,1,1,4702.2403,4296.7742,13481.3,0.042039810959187435
0,47.0,4.0,0,0,1,1,4702.2403,8593.5484,24641.091,0.0014580402365579454
0,51.0,7.0,0,0,1,1,4702.2403,8951.6129,11082.949,0.0010912404587768369
0,19.0,9.0,0,0,1,1,4858.9817,6087.0968,10639.631,0.02987913414819348
0,24.0,8.0,1,0,1,1,4898.167,5370.9677,8127.4962,0.17772428800440493
0,19.0,10.0,0,0,0,1,5094.0937,4296.7742,14777.266,0.20247692609934156
0,44.0,11.0,1,0,0,1,5172.4644,6266.129,0.0,0.1639718017775574
0,52.0,8.0,0,0,1,1,5290.0204,0.0,6797.5422,0.010121587069509452
0,20.0,9.0,0,0,1,1,5387.9837,8951.6129,13299.539,0.01254591381177432
0,24.0,11.0,1,0,1,1,5427.169,0.0,1329.9539,0.4834334011741638
0,19.0,11.0,1,0,1,1,5485.947,7590.9677,11348.94,0.15951112443666268
0,22.0,11.0,1,0,0,1,5485.947,13427.419,8866.3594,0.1422017320748635
0,30.0,6.0,1,0,1,1,5681.8737,0.0,0.0,0.3171041918881225
0,50.0,10.0,1,0,1,1,5681.8737,0.0,0.0,0.10085313111467925
0,20.0,8.0,0,0,0,1,5681.8737,3584.2258,7240.8602,0.1966420748638267
0,26.0,8.0,1,0,1,1,5681.8737,4296.7742,7093.0876,0.1832307280444556
0,46.0,6.0,1,0,0,1,5838.6151,9678.4839,7873.3272,0.049705816496800295
0,38.0,10.0,1,0,1,1,5877.8004,0.0,0.0,0.22076293765418983
0,25.0,8.0,0,0,1,1,5877.8004,0.0,8866.3594,0.07486844668546078
0,24.0,9.0,1,0,0,1,5877.8004,5370.9677,13299.539,0.5070748499198842
0,55.0,3.0,1,0,1,1,5877.8004,5370.9677,4137.6344,0.013563977578368377
0,40.0,5.0,1,0,1,1,5877.8004,5370.9677,22165.899,0.04643589957728609
0,25.0,9.0,1,0,1,1,5877.8004,6266.129,12560.676,0.128762241842629
0,43.0,7.0,1,0,1,1,5877.8004,6815.7581,295.54531,0.027729340587521616
0,18.0,11.0,1,0,0,1,5877.8004,6932.129,9457.4501,0.5433489306238837
0,28.0,7.0,1,0,1,1,5877.8004,8142.3871,1477.7266,0.061863185093015395
0,52.0,4.0,1,0,1,1,5877.8004,11637.097,22165.899,0.0035131005700802425
0,22.0,8.0,1,0,1,1,5877.8004,12030.968,857.08141,0.038361161961139575
0,34.0,7.0,1,0,1,1,5877.8004,12532.258,14777.266,0.01286401844279479
0,25.0,9.0,0,0,0,1,5877.8004,13427.419,12117.358,0.01265708712407087
0,43.0,10.0,0,0,1,1,5877.8004,17903.226,20688.172,0.00019622072958744728
0,31.0,9.0,1,0,1,1,6024.7454,5621.6129,10196.313,0.09678267002801291
0,27.0,8.0,1,0,0,1,6269.6538,6624.1935,7388.6329,0.35004537920690604
0,22.0,11.0,0,0,1,1,6442.0692,5818.5484,2216.5899,0.02319728498654416
0,32.0,11.0,1,0,1,1,6524.3585,0.0,930.96774,0.3061829225179359
0,49.0,5.0,1,0,0,1,6583.1365,5729.0323,12560.676,0.09309603995406021
0,55.0,8.0,0,0,1,1,6661.5071,3820.5484,4255.8525,0.0025522242719572554
0,20.0,11.0,0,0,1,1,6661.5071,5370.9677,1182.1813,0.029620397018560108
0,33.0,8.0,1,0,1,1,6661.5071,8579.2258,9169.2934,0.03647851061297309
0,22.0,11.0,0,0,1,1,6802.5743,1790.3226,7388.6329,0.061416156371128405
0,26.0,8.0,1,0,1,1,6857.4338,3580.6452,1994.9309,0.19220348519184116
0,20.0,10.0,1,0,1,1,6857.4338,6831.871,9457.4501,0.15033494022641616
0,45.0,2.0,0,1,1,1,6857.4338,7161.2903,4433.1797,0.013343998978428926
0,45.0,8.0,1,0,1,1,6857.4338,9537.0484,9408.6851,0.011057143229246637
0,33.0,11.0,1,0,1,1,6857.4338,11637.097,0.0,0.018431265365937758
0,41.0,3.0,1,0,1,1,6990.664,3222.5806,9497.3487,0.06061504955269163
0,25.0,7.0,1,0,1,1,7131.7312,10741.935,8866.3594,0.035628113019531865
0,35.0,11.0,1,0,1,1,7335.4949,8557.7419,7388.6329,0.032913848110784155
0,35.0,11.0,1,0,1,1,7335.4949,8557.7419,7388.6329,0.032913848110784155
0,29.0,10.0,0,0,1,1,7347.2505,0.0,0.0,0.05161361837920437
0,41.0,4.0,1,0,0,1,7494.1955,5370.9677,5910.9063,0.15576077978828473
0,36.0,6.0,1,0,0,1,7494.1955,7447.7419,4433.1797,0.14699702692699848
0,52.0,5.0,1,0,1,1,7523.5845,4296.7742,2216.5899,0.0204529765239404
0,52.0,5.0,1,0,1,1,7523.5845,4296.7742,2216.5899,0.0204529765239404
0,41.0,10.0,0,1,1,1,7562.7699,9134.2258,11821.813,0.013905234263144849
0,29.0,10.0,1,0,1,1,7641.1405,8122.6935,5910.9063,0.053866079322447094
0,42.0,10.0,1,0,0,1,7837.0672,1718.7097,0.0,0.35136343033844925
0,22.0,11.0,1,0,1,1,7837.0672,5012.9032,3694.3164,0.18517783192114617
0,27.0,11.0,1,0,1,1,7837.0672,5370.9677,7388.6329,0.1223651418123913
0,42.0,5.0,1,0,1,1,7837.0672,7161.2903,14777.266,0.020593691915468122
0,42.0,5.0,1,0,1,1,7837.0672,7161.2903,14777.266,0.020593691915468122
0,49.0,5.0,0,0,1,1,7837.0672,8056.4516,11821.813,0.0010591749511008656
0,28.0,9.0,1,0,1,1,7837.0672,8235.4839,8718.5868,0.05327374882903124
0,45.0,9.0,1,0,1,1,7837.0672,8951.6129,8866.3594,0.012036895533250184
0,45.0,6.0,1,0,1,1,7837.0672,8951.6129,9605.2227,0.010696379890794484
0,39.0,8.0,0,0,1,1,7837.0672,9846.7742,0.0,0.0016459621228120706
0,34.0,9.0,1,0,1,1,7837.0672,11211.0,12037.561,0.01583948595015209
0,22.0,11.0,0,0,1,1,7837.0672,13964.516,15072.811,0.002419581562513283
0,32.0,10.0,0,0,1,1,7837.0672,16112.903,11082.949,0.0006029647241963985
0,49.0,5.0,1,0,1,1,7944.8269,7698.3871,11993.229,0.010281450356661725
0,27.0,7.0,1,0,1,1,7954.6232,7161.2903,5910.9063,0.06848181586775542
0,21.0,11.0,1,0,1,1,8032.9939,4848.1935,8570.8141,0.20084941823417177
0,40.0,11.0,0,0,1,1,8072.1792,0.0,1477.7266,0.02147302299870262
0,26.0,8.0,0,0,1,1,8150.5499,7447.7419,9900.768,0.008260279418334904
0,33.0,10.0,0,0,1,1,8272.0244,2619.2419,0.0,0.017766218327053714
0,54.0,6.0,1,0,1,1,8354.3136,0.0,0.0,0.049513400801599584
0,40.0,9.0,1,0,1,1,8424.8473,6572.2742,8866.3594,0.03062184629262016
0,27.0,8.0,0,0,1,1,8424.8473,7698.3871,15072.811,0.006947133288640052
0,41.0,5.0,1,0,1,1,8424.8473,10741.935,8689.0323,0.00830098732745625
0,29.0,10.0,1,0,1,1,8464.0326,8325.0,23643.625,0.04703922155547897
0,29.0,10.0,1,0,1,1,8659.9593,10892.323,51.72043,0.024102758333222233
0,26.0,10.0,1,0,1,1,8816.7006,0.0,7388.6329,0.3465808410100762
0,25.0,10.0,0,1,1,1,8816.7006,8056.4516,13299.539,0.054540077021846184
0,40.0,8.0,1,0,1,1,8816.7006,8056.4516,7184.7066,0.01935114571149379
0,40.0,7.0,1,0,1,1,8816.7006,8951.6129,11821.813,0.014784944275157473
0,49.0,7.0,1,0,0,1,8816.7006,11270.081,8969.8003,0.020056565859712085
0,46.0,9.0,0,0,1,1,8816.7006,14322.581,13299.539,0.00027518979837437297
0,50.0,8.0,1,0,1,1,8985.1976,9846.7742,9102.7957,0.005476668461888965
0,24.0,8.0,1,0,1,1,9008.7088,13033.548,16254.992,0.01828140582074351
0,23.0,9.0,0,0,1,1,9012.6273,0.0,14777.266,0.06546019875184064
0,24.0,10.0,1,0,1,1,9012.6273,6624.1935,8955.023,0.09718138093001719
0,20.0,10.0,0,1,1,1,9208.554,8951.6129,16254.992,0.06096721788158202
0,30.0,11.0,1,0,1,1,9228.1466,8808.3871,17881.969,0.03705689394926833
0,47.0,4.0,0,0,1,1,9355.499,20884.113,20512.323,3.5367015415704644e-05
0,26.0,10.0,1,0,1,1,9404.4807,4923.3871,17732.719,0.12077096034581034
0,50.0,5.0,1,0,1,1,9404.4807,10136.806,9266.8233,0.004308820157900344
0,49.0,11.0,0,0,1,1,9404.4807,11637.097,9457.4501,0.0004448315710527763
0,27.0,10.0,0,0,1,1,9404.4807,11812.548,11821.813,0.002317045361316882
0,28.0,8.0,0,0,1,1,9404.4807,14322.581,12560.676,0.0010272598889842508
0,22.0,10.0,1,0,1,1,9717.9633,9023.2258,13299.539,0.05868952749520888
0,40.0,7.0,1,0,1,1,9737.556,8674.1129,9221.0138,0.014382717868197463
0,52.0,5.0,1,0,1,1,9796.334,1074.1935,0.0,0.03644801807540087
0,34.0,10.0,0,0,1,1,9796.334,2327.4194,26599.078,0.015043559591349957
0,38.0,7.0,0,0,1,1,9796.334,5370.9677,11821.813,0.004440299781274851
0,49.0,5.0,1,0,1,1,9796.334,5370.9677,0.0,0.01535482951405991
0,20.0,10.0,1,0,1,1,9796.334,5370.9677,7388.6329,0.15829845287324687
0,44.0,5.0,1,0,1,1,9796.334,8951.6129,8866.3594,0.008997326573186346
0,34.0,9.0,1,0,1,1,9796.334,8951.6129,10344.086,0.022919053846887985
0,46.0,9.0,1,0,0,1,9796.334,9309.6774,8866.3594,0.04043202595019735
0,47.0,4.0,1,0,0,1,9796.334,10741.935,5910.9063,0.02147268069046969
0,24.0,11.0,1,0,1,1,9796.334,10741.935,13299.539,0.033862845740574285
0,39.0,5.0,1,0,1,1,9796.334,10741.935,19210.445,0.00836938164984309
0,32.0,11.0,1,0,0,1,9796.334,14322.581,886.63594,0.03586083412280611
0,43.0,11.0,0,0,1,1,9796.334,21483.871,22165.899,5.222276057402944e-05
0,24.0,11.0,0,0,1,1,9796.334,24885.484,25121.352,9.628045962414263e-05
0,37.0,7.0,0,0,1,1,9796.334,29719.355,5172.043,8.31194580420814e-06
0,23.0,11.0,1,0,1,1,9980.5051,6266.129,10344.086,0.10695741665022442
0,21.0,11.0,0,1,1,1,9992.2607,4114.1613,17732.719,0.16870523078340297
0,39.0,11.0,1,0,1,1,9992.2607,11637.097,7260.0707,0.008233444499435348
0,27.0,6.0,0,0,1,1,9992.2607,11637.097,13299.539,0.0019408563495409254
0,41.0,10.0,1,0,1,1,10090.224,14757.629,9752.9954,0.002972347264888444
0,32.0,10.0,1,0,0,1,10188.187,8951.6129,0.0,0.12235638148366358
0,40.0,5.0,1,0,1,1,10188.187,12174.194,0.0,0.005112668239026601
0,37.0,11.0,1,0,1,1,10188.187,13964.516,13299.539,0.0051529212988012385
0,37.0,11.0,1,0,1,1,10188.187,13964.516,13299.539,0.0051529212988012385
0,50.0,11.0,1,0,0,1,10188.187,17903.226,14777.266,0.003360847982130639
0,47.0,8.0,0,1,1,1,10286.151,7161.2903,1477.7266,0.009984555823507033
0,29.0,10.0,1,0,1,1,10384.114,7304.5161,11501.146,0.04966761421246006
0,19.0,10.0,0,0,1,1,10431.136,6982.2581,9752.9954,0.01361728167078722
0,44.0,6.0,0,0,1,1,10450.729,13427.419,17023.41,0.00030235450984974257
0,28.0,7.0,1,0,1,1,10487.955,8260.5484,8127.4962,0.03721509898776164
0,25.0,10.0,0,0,1,1,10580.041,8647.2581,8866.3594,0.005442108779116338
0,39.0,9.0,1,0,1,1,10580.041,9667.7419,11821.813,0.011887463625092215
0,39.0,9.0,1,0,1,1,10580.041,9667.7419,11821.813,0.011887463625092215
0,34.0,8.0,1,0,1,1,10580.041,12532.258,19210.445,0.008050989116505943
0,39.0,7.0,0,0,1,1,10580.041,17545.161,0.0,0.00015697912767352197
0,53.0,7.0,1,0,1,1,10583.959,17525.468,15926.937,0.00047101154162282777
0,53.0,7.0,1,0,1,1,10583.959,17525.468,15926.937,0.00047101154162282777
0,28.0,8.0,0,0,1,1,10678.004,10382.081,15146.697,0.002500202212575869
0,49.0,10.0,1,0,1,1,10775.967,0.0,5319.8157,0.06507816226358767
0,49.0,10.0,1,0,1,1,10775.967,0.0,5319.8157,0.06507816226358767
0,47.0,6.0,1,0,1,1,10775.967,8056.4516,0.0,0.008393008722878386
0,30.0,9.0,1,0,1,1,10775.967,8951.6129,16254.992,0.028097912066707587
0,31.0,9.0,1,0,1,1,10775.967,8951.6129,5910.9063,0.026019245591444386
0,29.0,8.0,0,0,1,1,10775.967,8951.6129,9605.2227,0.0033193166231012656
0,44.0,7.0,1,0,1,1,10775.967,10741.935,1078.7404,0.005502314753642001
0,19.0,10.0,0,0,1,1,10775.967,14322.581,23643.625,0.0019480566881716662
0,42.0,6.0,0,1,1,1,10775.967,22558.065,11821.813,0.00023417060091254863
0,54.0,10.0,0,0,1,1,10775.967,32225.806,19210.445,1.1412547495268613e-06
0,48.0,10.0,1,0,1,1,10785.764,5370.9677,14895.484,0.018149068564144985
0,27.0,11.0,1,0,1,1,10897.442,3938.7097,7684.1782,0.12675768323423284
0,22.0,11.0,1,0,0,1,10971.894,7161.2903,7675.3118,0.31905118625835777
0,33.0,10.0,0,0,1,1,10971.894,12174.194,24825.806,0.0011072743204909535
0,37.0,8.0,0,0,1,1,10971.894,13427.419,14777.266,0.0005375693407142588
0,22.0,11.0,1,0,0,1,11069.857,5191.9355,9605.2227,0.4368204049470359
0,21.0,11.0,0,0,0,1,11167.821,5370.9677,13151.767,0.08070037291528706
0,23.0,9.0,0,0,1,1,11167.821,11995.161,11891.266,0.0024016507319991384
0,35.0,8.0,0,0,1,1,11167.821,18796.597,13299.539,0.00015150855293431358
0,31.0,8.0,0,0,1,1,11167.821,19335.484,20688.172,0.00018050148462727994
0,26.0,6.0,1,0,1,1,11461.711,9807.3871,7979.7235,0.02544287048949336
0,22.0,9.0,1,0,1,1,11708.578,10419.677,9079.1521,0.03238529521629984
0,33.0,6.0,1,0,1,1,11739.927,5958.1935,9788.4608,0.038317522813857044
0,27.0,9.0,0,0,1,1,11749.723,2327.4194,19210.445,0.020198769766835815
0,34.0,11.0,1,0,0,1,11755.601,2148.3871,15516.129,0.38193335408539214
0,23.0,11.0,1,0,1,1,11755.601,5818.5484,10048.541,0.09984127001496407
0,25.0,9.0,1,0,0,1,11755.601,7161.2903,6649.7696,0.23861431627426768
0,28.0,9.0,1,0,1,1,11755.601,7161.2903,11821.813,0.046328941736331036
0,46.0,10.0,0,0,1,1,11755.601,7161.2903,10166.759,0.001349116020367624
0,46.0,10.0,0,0,1,1,11755.601,7161.2903,10166.759,0.001349116020367624
0,53.0,2.0,0,0,1,1,11755.601,8593.5484,0.0,0.00038852640364463496
0,48.0,8.0,0,0,1,1,11755.601,8844.1935,3073.6713,0.0006856590031647777
0,48.0,8.0,0,0,1,1,11755.601,8844.1935,3073.6713,0.0006856590031647777
0,35.0,11.0,1,0,1,1,11755.601,8951.6129,0.0,0.018599277276574788
0,29.0,10.0,1,0,1,1,11755.601,9780.5323,8866.3594,0.02301421897909375
0,43.0,9.0,0,0,1,1,11755.601,10741.935,10344.086,0.0006449493737747399
0,42.0,8.0,1,0,1,1,11755.601,10741.935,11821.813,0.0060225161901475525
0,47.0,11.0,1,0,1,1,11755.601,10741.935,14260.061,0.004578665050427519
0,34.0,10.0,0,0,1,1,11755.601,12174.194,11821.813,0.0009394338469496206
0,39.0,10.0,1,0,0,1,11755.601,12532.258,25248.436,0.025823982129940803
0,43.0,8.0,1,0,1,1,11755.601,12532.258,12930.108,0.0034941593622941297
0,43.0,8.0,1,0,1,1,11755.601,12532.258,12930.108,0.0034941593622941297
0,28.0,10.0,1,0,1,1,11755.601,15217.742,10639.631,0.006116978841186129
0,47.0,11.0,1,0,1,1,11755.601,16053.823,0.0,0.0011461632076318568
0,45.0,0.0,0,1,1,1,11755.601,16112.903,10344.086,0.0007044702008438398
0,53.0,4.0,1,0,1,1,11892.749,8951.6129,10344.086,0.0033971760789779488
0,54.0,4.0,1,0,0,1,11933.894,10965.726,11821.813,0.009339935638861584
0,41.0,9.0,0,0,1,1,11951.528,12890.323,8718.5868,0.000421765097109627
0,44.0,7.0,1,0,1,1,11967.202,14566.065,14147.754,0.0017847950520459347
0,51.0,8.0,0,0,1,1,11986.794,1546.8387,0.0,0.0035428539993497725
0,26.0,10.0,0,0,0,1,12000.509,14322.581,17732.719,0.004975010692764325
0,53.0,4.0,0,0,1,1,12039.695,2660.4194,7388.6329,0.0019203136442447536
0,30.0,9.0,0,0,1,1,12178.802,11493.871,12847.355,0.0014117741181005105
0,54.0,3.0,1,0,1,1,12225.825,9606.871,11821.813,0.002453350671760825
0,53.0,8.0,0,0,1,1,12235.621,0.0,7240.8602,0.00440714350223421
0,34.0,10.0,1,0,1,1,12343.381,11637.097,9900.768,0.009078088605687045
0,48.0,5.0,1,0,1,1,12343.381,13606.452,13323.183,0.0014825556794208002
0,45.0,11.0,0,0,1,1,12382.566,21483.871,0.0,3.362348733301655e-05
0,45.0,11.0,0,0,1,1,12382.566,21483.871,0.0,3.362348733301655e-05
0,49.0,6.0,0,1,1,1,12539.308,16470.968,13595.084,0.0005452993131957673
0,49.0,6.0,0,1,1,1,12539.308,16470.968,13595.084,0.0005452993131957673
0,22.0,11.0,1,0,1,1,12539.308,21483.871,13299.539,0.0018326216242295224
0,25.0,10.0,1,0,1,1,12696.049,8951.6129,14777.266,0.03494610556252798
0,37.0,11.0,0,0,1,1,12735.234,0.0,0.0,0.01644261351202368
0,33.0,9.0,0,0,1,1,12735.234,6266.129,8866.3594,0.004099478864282708
0,33.0,9.0,0,0,1,1,12735.234,6266.129,8866.3594,0.004099478864282708
0,20.0,11.0,0,0,1,1,12735.234,7161.2903,14038.402,0.00975464038682605
0,44.0,8.0,0,0,1,1,12735.234,10312.258,12412.903,0.0005758264781837275
0,53.0,6.0,1,0,1,1,12735.234,10741.935,13299.539,0.002104195988604977
0,31.0,6.0,1,0,0,1,12735.234,10741.935,5910.9063,0.0575111680451713
0,28.0,9.0,0,0,1,1,12735.234,12532.258,17732.719,0.001186379410944
0,25.0,11.0,0,0,1,1,12735.234,21483.871,8204.3379,0.0001570412288020381
0,50.0,6.0,1,0,1,1,13033.043,4092.6774,0.0,0.01449649474219423
0,35.0,7.0,0,0,1,1,13127.088,12711.29,13447.312,0.0005765805536686101
0,35.0,7.0,0,0,1,1,13127.088,12711.29,13447.312,0.0005765805536686101
0,31.0,11.0,1,0,1,1,13127.088,14859.677,16254.992,0.0047547152893898685
0,21.0,9.0,1,0,0,1,13127.088,16327.742,8866.3594,0.032610452605538284
0,36.0,11.0,1,0,1,1,13140.802,12532.258,12811.889,0.005870187056687666
0,40.0,10.0,1,0,1,1,13244.644,19693.548,17732.719,0.0006288827596682447
0,30.0,8.0,0,0,1,1,13303.422,17903.226,14333.948,0.00022496085958460165
0,44.0,9.0,1,0,1,1,13366.118,14644.839,12435.069,0.0016254438728859706
0,41.0,9.0,0,0,1,1,13518.941,13964.516,17732.719,0.0002684658156649042
0,40.0,10.0,0,0,0,1,13616.904,10741.935,15368.356,0.0035233617983692345
0,20.0,11.0,0,0,0,1,13714.868,6194.5161,14777.266,0.05482736720533228
0,19.0,11.0,0,0,1,1,13714.868,6416.5161,27781.26,0.011504063798937344
0,39.0,7.0,0,0,1,1,13714.868,6624.1935,0.0,0.001932688323987711
0,46.0,8.0,1,0,1,1,13714.868,7089.6774,0.0,0.009180619324895186
0,22.0,11.0,0,0,1,1,13714.868,8593.5484,8866.3594,0.005170992703974427
0,37.0,11.0,0,0,1,1,13714.868,9259.5484,0.0,0.0013336311376283712
0,48.0,6.0,1,0,0,1,13714.868,11637.097,10604.166,0.011202158303694585
0,52.0,10.0,0,0,1,1,13714.868,12174.194,23643.625,0.00018313786582002553
0,50.0,7.0,1,0,1,1,13714.868,12532.258,16254.992,0.0015626346203382764
0,50.0,7.0,1,0,1,1,13714.868,12532.258,16254.992,0.0015626346203382764
0,26.0,11.0,1,0,1,1,13714.868,13248.387,11082.949,0.010032140316785404
0,31.0,11.0,0,0,1,1,13714.868,13785.484,20688.172,0.0006567566272938722
0,21.0,10.0,0,0,1,1,13714.868,14080.887,7249.7266,0.0012864142481261204
0,52.0,8.0,0,0,1,1,13714.868,14322.581,8748.1413,9.646294917396356e-05
0,30.0,10.0,1,0,0,1,13714.868,14322.581,2364.3625,0.026566756763007827
0,20.0,11.0,0,0,0,1,13714.868,14322.581,36943.164,0.006883609076638962
0,52.0,5.0,0,0,1,1,13714.868,14322.581,14777.266,8.560491628767784e-05
0,45.0,3.0,0,1,1,1,13714.868,16112.903,23643.625,0.0006410173948514392
0,46.0,10.0,1,0,1,1,13714.868,16112.903,15522.04,0.0009478891035585475
0,32.0,7.0,0,0,1,1,13714.868,17008.065,19613.865,0.0002230046492516709
0,50.0,7.0,1,0,1,1,13714.868,17903.226,16254.992,0.00038430471648285083
0,28.0,6.0,0,0,1,1,13734.46,6395.0323,10048.541,0.004678864069209903
0,33.0,10.0,1,0,0,1,13754.053,13964.516,16905.192,0.023003418375261986
0,53.0,5.0,1,0,1,1,14008.758,2660.4194,11082.949,0.0143693102121371
0,44.0,9.0,0,0,1,1,14051.862,13905.435,16373.21,0.00020297251226113964
0,28.0,11.0,0,0,1,1,14106.721,10741.935,20392.627,0.0017650625895008327
0,53.0,8.0,0,0,1,1,14106.721,14322.581,14843.763,8.54045014923633e-05
0,53.0,7.0,0,0,1,1,14106.721,14322.581,13299.539,8.207168716127854e-05
0,52.0,4.0,0,0,1,1,14106.721,15074.516,14422.611,6.47566613135521e-05
0,23.0,11.0,0,1,1,1,14263.462,8414.5161,26599.078,0.03412137707406016
0,25.0,9.0,0,0,1,1,14263.462,12890.323,16254.992,0.001158934918572008
0,54.0,8.0,0,1,1,1,14302.648,0.0,8866.3594,0.02374683987422644
0,54.0,8.0,0,1,1,1,14302.648,0.0,8866.3594,0.02374683987422644
0,40.0,10.0,0,0,1,1,14302.648,24169.355,21427.035,1.9276136308884386e-05
0,40.0,10.0,0,0,1,1,14302.648,24169.355,21427.035,1.9276136308884386e-05
0,21.0,11.0,0,0,1,1,14400.611,11458.065,0.0,0.0024625289956646855
0,51.0,8.0,0,0,1,1,14465.267,21752.419,0.0,1.3794885417106165e-05
0,24.0,10.0,1,0,1,1,14482.9,10741.935,11821.813,0.019793736384990695
0,46.0,8.0,0,0,1,1,14498.574,10741.935,14186.175,0.00036257359982194254
0,55.0,3.0,1,0,1,1,14547.556,13463.226,10344.086,0.0006432924797354413
0,41.0,10.0,1,0,0,1,14678.827,15253.548,11821.813,0.008012695322400806
0,25.0,11.0,1,0,1,1,14694.501,6624.1935,7107.8648,0.05273093551710596
0,39.0,8.0,0,0,1,1,14694.501,12532.258,16254.992,0.000386381415967401
0,19.0,8.0,0,0,1,1,14694.501,12532.258,18539.558,0.0018728978581409605
0,23.0,11.0,1,0,1,1,14694.501,13427.419,17732.719,0.010893579473314634
0,49.0,10.0,0,0,1,1,14694.501,14322.581,8423.0415,0.00011896155821411885
0,38.0,11.0,0,0,1,1,14694.501,14322.581,28076.805,0.0002951197475024915
0,42.0,11.0,1,0,0,1,14694.501,15217.742,11821.813,0.007765864421345311
0,24.0,11.0,0,0,1,1,14694.501,15575.806,14777.266,0.0006425196646679302
0,36.0,7.0,1,0,1,1,14694.501,15754.839,19210.445,0.0018271888301069803
0,39.0,6.0,1,0,1,1,14694.501,16470.968,28076.805,0.0011496750701563373
0,20.0,11.0,0,0,1,1,14694.501,17008.065,0.0,0.0006061022958188
0,31.0,10.0,0,0,1,1,14890.428,12532.258,16254.992,0.000770186867827621
0,29.0,9.0,0,0,1,1,14890.428,19693.548,25860.215,0.00013343603422116463
0,53.0,9.0,1,0,1,1,14945.287,13697.758,14186.175,0.0008613544399614919
0,45.0,4.0,0,0,1,1,15004.065,13586.758,17686.909,0.00015057076326551298
0,28.0,9.0,0,0,0,1,15086.354,13248.387,19210.445,0.003863824762772835
0,53.0,8.0,1,0,1,1,15086.354,15649.21,12921.241,0.0004896035783928499
0,43.0,3.0,0,0,1,1,15086.354,15933.871,14038.402,9.093993066349194e-05
0,50.0,7.0,0,0,1,1,15160.807,15933.871,17732.719,6.08475189786231e-05
0,50.0,7.0,0,0,1,1,15160.807,15933.871,17732.719,6.08475189786231e-05
0,31.0,8.0,1,0,1,1,15176.481,10851.145,19604.998,0.009572507008220064
0,34.0,11.0,0,0,1,1,15184.318,0.0,19210.445,0.01595869670855291
0,46.0,8.0,0,0,0,1,15282.281,13158.871,10048.541,0.0009002472322186361
0,20.0,9.0,0,0,1,1,15282.281,15933.871,20614.286,0.0006950280808532789
0,30.0,9.0,0,0,1,1,15478.208,7877.4194,8866.3594,0.0025315329730694306
0,34.0,6.0,0,1,1,1,15478.208,16112.903,16254.992,0.0014196423014187294
0,27.0,9.0,0,0,1,1,15478.208,16470.968,15516.129,0.00034021067510415517
0,19.0,11.0,1,0,0,1,15587.927,10741.935,0.0,0.12336255501974631
0,49.0,8.0,0,1,0,1,15674.134,1074.1935,0.0,0.10673712357717294
0,31.0,11.0,1,0,0,1,15674.134,4316.4677,7093.0876,0.2246413136146031
0,25.0,11.0,1,0,0,1,15674.134,6982.2581,13890.63,0.18821696436375907
0,23.0,11.0,1,0,1,1,15674.134,8414.5161,8866.3594,0.03539023417814084
0,18.0,10.0,0,1,1,1,15674.134,10741.935,20688.172,0.02297097466992677
0,34.0,10.0,1,0,0,1,15674.134,12532.258,25121.352,0.02501193575788206
0,46.0,4.0,0,0,1,1,15674.134,14322.581,8866.3594,0.00010669819330061785
0,46.0,7.0,0,0,1,1,15674.134,14680.645,9605.2227,0.00010949043809912024
0,53.0,6.0,0,0,1,1,15674.134,15217.742,14777.266,5.260077850008974e-05
0,54.0,7.0,0,0,1,1,15674.134,16112.903,18841.014,4.002797759972952e-05
0,37.0,9.0,1,0,1,1,15674.134,16112.903,19210.445,0.0014966080636840532
0,24.0,9.0,0,0,1,1,15674.134,16112.903,36943.164,0.0004634188455332289
0,53.0,6.0,1,0,1,1,15674.134,16112.903,9974.6544,0.0003756760107346224
0,21.0,10.0,0,0,1,1,15674.134,16112.903,20141.413,0.0006111108433762822
0,35.0,10.0,1,0,1,1,15674.134,16470.968,23643.625,0.0016607094175999683
0,54.0,2.0,1,0,1,1,15674.134,16990.161,18096.24,0.00023541192584937515
0,43.0,10.0,0,0,1,1,15674.134,17903.226,19709.917,6.735444507529829e-05
0,46.0,8.0,0,0,1,1,15674.134,17903.226,17732.719,4.907664633770404e-05
0,35.0,11.0,1,0,1,1,15674.134,17903.226,0.0,0.0011890567483704242
0,50.0,8.0,0,0,1,1,15674.134,18109.113,17437.174,3.39063499609077e-05
0,47.0,10.0,0,0,1,1,15674.134,19693.548,22165.899,3.075544923023875e-05
0,47.0,10.0,0,0,1,1,15674.134,19693.548,22165.899,3.075544923023875e-05
0,21.0,9.0,0,0,1,1,15674.134,19693.548,1773.2719,0.00023042730061296397
0,18.0,10.0,0,0,1,1,15674.134,21483.871,24973.579,0.0001903401731381784
0,37.0,8.0,0,0,1,1,15674.134,26317.742,36943.164,1.1078197533865844e-05
0,41.0,7.0,1,0,1,1,15674.134,32225.806,11082.949,1.4957662046342043e-05
0,31.0,11.0,0,0,1,1,15870.061,15602.661,17732.719,0.0003229194400640612
0,35.0,10.0,0,0,1,1,15921.002,16148.71,16606.691,0.00019508835841472504
0,51.0,8.0,1,0,1,1,15987.617,5800.6452,0.0,0.006775891227271849
0,30.0,7.0,1,0,1,1,15995.454,15387.823,13151.767,0.0028001972718430107
0,30.0,11.0,0,0,1,1,16065.988,17989.161,23052.535,0.00018334369698501463
0,30.0,11.0,0,0,1,1,16065.988,17989.161,23052.535,0.00018334369698501463
0,53.0,4.0,1,0,1,1,16142.399,984.67742,0.0,0.01690820890175668
0,24.0,10.0,0,0,1,1,16144.358,20767.742,22904.762,0.0001357408560489138
0,48.0,8.0,1,0,1,1,16261.914,11637.097,5172.043,0.001821841573779944
0,48.0,8.0,1,0,1,1,16261.914,11637.097,5172.043,0.001821841573779944
0,47.0,6.0,1,0,1,1,16261.914,14412.097,14260.061,0.0008823485062463799
0,45.0,4.0,0,1,1,1,16261.914,28108.065,28076.805,2.1979851743855012e-05
0,47.0,8.0,1,0,1,1,16301.1,17129.806,17732.719,0.00046777304728814735
0,47.0,8.0,1,0,1,1,16301.1,17129.806,17732.719,0.00046777304728814735
0,31.0,11.0,1,0,1,1,16453.923,19693.548,14777.266,0.0009382966300308122
0,46.0,8.0,0,0,1,1,16457.841,16112.903,16254.992,7.193521195403343e-05
0,22.0,11.0,0,0,0,1,16653.768,3759.6774,0.0,0.06359181847494307
0,21.0,11.0,0,0,1,1,16653.768,13427.419,10344.086,0.0011523305502746995
0,33.0,10.0,0,0,1,1,16653.768,16112.903,12560.676,0.00021289379655410566
0,28.0,9.0,0,0,1,1,16653.768,17158.452,17957.333,0.00023105488671851452
0,20.0,10.0,0,0,1,1,16849.695,11995.161,17880.492,0.0017047140163971798
0,47.0,11.0,0,0,1,1,16928.065,15409.306,17732.719,8.552085501620018e-05
0,23.0,11.0,0,0,1,1,17045.621,11986.21,5910.9063,0.0013736945074321084
0,35.0,10.0,1,0,0,1,17045.621,14322.581,16846.083,0.012620388763382348
0,25.0,7.0,1,0,0,1,17045.621,16137.968,11821.813,0.015311455219344705
0,23.0,11.0,1,0,1,1,17116.155,10741.935,8866.3594,0.016773355819136016
0,31.0,8.0,0,0,1,1,17241.548,15754.839,16210.661,0.00023712062628887163
0,55.0,8.0,1,0,1,1,17241.548,17903.226,16254.992,0.0001833662311417373
0,33.0,11.0,1,0,1,1,17370.859,15844.355,14753.622,0.001980380891505414
0,31.0,9.0,1,0,0,1,17437.475,13427.419,11326.774,0.01998930538945326
0,34.0,7.0,0,0,0,1,17619.686,20481.29,19432.104,0.0002552757778995045
0,22.0,11.0,0,0,1,1,17633.401,0.0,13299.539,0.031036267961096327
0,21.0,9.0,0,0,1,1,17633.401,3202.8871,3250.9985,0.013668894566488107
0,42.0,8.0,1,0,0,1,17633.401,10562.903,0.0,0.016728371904138457
0,46.0,10.0,0,1,1,1,17633.401,10741.935,5910.9063,0.002074346773849233
0,23.0,9.0,1,0,1,1,17633.401,12532.258,14777.266,0.009238558923778286
0,33.0,8.0,0,0,1,1,17633.401,12890.323,22165.899,0.0004100836863083961
0,43.0,11.0,1,0,1,1,17633.401,14322.581,17732.719,0.0013009838798813539
0,43.0,11.0,1,0,1,1,17633.401,14322.581,17732.719,0.0013009838798813539
0,29.0,8.0,0,0,1,1,17633.401,16112.903,11821.813,0.00024230251877034869
0,35.0,9.0,0,0,1,1,17633.401,16112.903,17732.719,0.00015697864866891914
0,50.0,9.0,1,0,1,1,17633.401,16112.903,16254.992,0.0004332012582402468
0,18.0,9.0,0,0,1,1,17633.401,16112.903,17584.946,0.0006009941326107898
0,44.0,11.0,0,0,1,1,17633.401,16470.968,14555.607,7.604002301704378e-05
0,34.0,6.0,0,0,1,1,17633.401,17903.226,4876.4977,9.442284048056694e-05
0,26.0,8.0,0,0,1,1,17633.401,18440.323,886.63594,0.0001671519392978901
0,47.0,10.0,0,0,1,1,17633.401,19693.548,30884.485,2.483348750301026e-05
0,25.0,11.0,1,0,1,1,17633.401,21483.871,26599.078,0.0008300059825267364
0,44.0,8.0,1,0,1,1,17633.401,21483.871,19210.445,0.00016431112117674002
0,36.0,10.0,1,0,0,1,17633.401,21483.871,17732.719,0.0017011814401449118
0,40.0,2.0,1,0,1,1,17645.157,13427.419,8866.3594,0.0014540713859224545
0,46.0,11.0,0,0,1,1,17684.342,16112.903,19210.445,7.09024606677552e-05
0,44.0,5.0,1,0,1,1,17688.261,17903.226,19210.445,0.00036946477797361507
0,38.0,9.0,0,0,1,1,17829.328,7877.4194,20688.172,0.0010425800688638601
0,54.0,11.0,0,0,1,1,17829.328,15754.839,18102.151,4.0737023802784294e-05
0,32.0,8.0,0,0,1,1,17829.328,21483.871,20688.172,4.597681699271714e-05
0,23.0,10.0,0,0,1,1,17829.328,21483.871,23643.625,0.0001013578582680069
0,46.0,11.0,1,0,1,1,17868.513,17903.226,13326.138,0.0003927679285465099
0,44.0,11.0,1,0,1,1,17929.251,18588.919,19210.445,0.00038197774831427115
0,41.0,10.0,1,0,1,1,18025.255,17366.129,21427.035,0.0006336026756445164
0,44.0,8.0,0,0,1,1,18025.255,18798.387,28076.805,3.5189683071851616e-05
0,36.0,11.0,1,0,1,1,18025.255,21483.871,26599.078,0.0003336876879669445
0,23.0,8.0,0,0,1,1,18221.181,25073.468,12117.358,3.509557257938614e-05
0,20.0,9.0,0,0,1,1,18285.837,20767.742,23643.625,0.00014161934865354955
0,46.0,3.0,1,0,1,1,18319.145,14322.581,19949.309,0.000693095878257246
0,36.0,10.0,1,0,1,1,18417.108,16112.903,22165.899,0.001249596632011239
0,40.0,10.0,0,0,1,1,18417.108,17903.226,20688.172,6.327730073109054e-05
0,40.0,10.0,0,0,1,1,18417.108,17903.226,20688.172,6.327730073109054e-05
0,27.0,8.0,1,0,1,1,18417.108,22916.129,31032.258,0.00039723590805111565
0,24.0,11.0,1,0,0,1,18613.035,20230.645,31032.258,0.005673004344789708
0,34.0,11.0,1,0,1,1,18808.961,17903.226,14777.266,0.000914134776139533
0,47.0,10.0,0,0,1,1,19004.888,17903.226,21722.581,3.413847072405202e-05
0,47.0,10.0,0,0,1,1,19004.888,17903.226,21722.581,3.413847072405202e-05
0,49.0,4.0,0,0,1,1,19200.815,7161.2903,2955.4531,0.0003722621448128372
0,35.0,9.0,0,0,1,1,19200.815,17706.29,8866.3594,8.723393371477182e-05
0,33.0,9.0,1,0,1,1,19396.741,16112.903,19210.445,0.0013674389204114225
0,51.0,11.0,0,0,1,1,19592.668,6982.2581,26599.078,0.000421677746661007
0,33.0,10.0,0,0,1,1,19592.668,10741.935,26599.078,0.0006285589328083737
0,20.0,7.0,1,0,1,1,19592.668,11637.097,14777.266,0.011012816974031584
0,36.0,8.0,0,1,1,1,19592.668,11995.161,16993.856,0.002455054656079345
0,36.0,8.0,0,1,1,1,19592.668,11995.161,16993.856,0.002455054656079345
0,28.0,11.0,1,0,1,1,19592.668,12890.323,7130.0307,0.0049771028228692265
0,44.0,6.0,1,0,1,1,19592.668,14322.581,5615.361,0.000795890136165627
0,22.0,10.0,0,0,1,1,19592.668,15217.742,0.0,0.0004652837713021744
0,50.0,10.0,0,0,1,1,19592.668,15933.871,29554.531,4.2267571163463e-05
0,52.0,9.0,0,0,1,1,19592.668,16112.903,24045.567,3.3096716308333154e-05
0,25.0,5.0,1,0,1,1,19592.668,16650.0,28076.805,0.0018652435411782775
0,52.0,8.0,0,0,1,1,19592.668,17903.226,17289.401,1.9919132553063276e-05
0,38.0,8.0,0,0,1,1,19592.668,17903.226,30207.687,6.019409028568067e-05
0,53.0,7.0,0,0,1,1,19592.668,19693.548,22165.899,1.1077632599724492e-05
0,38.0,8.0,0,0,1,1,19592.668,19693.548,23643.625,3.769922116420106e-05
0,38.0,8.0,0,0,1,1,19592.668,19693.548,23643.625,3.769922116420106e-05
0,22.0,11.0,0,0,1,1,19592.668,20588.71,27929.032,0.00011897705860175975
0,41.0,9.0,0,0,1,1,19592.668,21483.871,20303.963,1.9385463647252046e-05
0,30.0,11.0,1,0,1,1,19592.668,24547.113,22165.899,0.00020286259046841624
0,24.0,10.0,0,0,1,1,19592.668,25064.516,29554.531,3.03054155177013e-05
0,43.0,6.0,1,0,1,1,19912.029,16112.903,20688.172,0.0005210842142137422
0,55.0,6.0,1,0,1,1,19962.969,26854.839,14777.266,1.2123822086080619e-05
0,27.0,7.0,0,0,1,1,19984.521,20409.677,31032.258,6.863403058840344e-05
0,23.0,10.0,0,0,1,1,19984.521,21483.871,17732.719,8.011079852542046e-05
0,53.0,10.0,0,0,1,1,19984.521,21483.871,4433.1797,7.4904227879472014e-06
0,48.0,8.0,0,0,1,1,19984.521,21483.871,19210.445,1.026747074234132e-05
0,53.0,10.0,1,0,1,1,20062.892,15502.403,13299.539,0.0003200576202987272
0,50.0,7.0,0,0,1,1,20180.448,14322.581,0.0,5.360161750806712e-05
0,40.0,11.0,1,0,1,1,20278.411,16112.903,19210.445,0.0007740945684620142
0,50.0,7.0,1,0,1,1,20384.212,17008.065,17732.719,0.00023451430201228488
0,38.0,9.0,1,0,1,1,20388.13,22407.677,16254.992,0.00015971096901620145
0,52.0,5.0,0,0,1,1,20572.301,16112.903,19210.445,2.536234646538716e-05
0,36.0,10.0,0,0,1,1,20572.301,17366.129,14481.72,7.893394475966638e-05
0,40.0,11.0,0,0,1,1,20572.301,21483.871,27485.714,2.0413487579081455e-05
0,38.0,11.0,0,0,1,1,20572.301,21483.871,19210.445,2.390727677727603e-05
0,41.0,8.0,0,0,1,1,20572.301,22379.032,19633.075,1.3247408971366504e-05
0,43.0,11.0,0,0,1,1,20629.12,31330.645,26599.078,1.22050056464278e-06
0,46.0,10.0,0,0,1,1,20944.562,21338.855,21131.49,1.2178726426207489e-05
0,53.0,8.0,0,0,1,1,20964.155,22033.5,23195.874,5.383863625738674e-06
0,25.0,10.0,0,0,1,1,20964.155,23632.258,23495.853,3.505703286894669e-05
0,44.0,10.0,1,0,1,1,20993.544,19190.468,25068.154,0.00022452085836819802
0,44.0,10.0,1,0,1,1,20993.544,19190.468,25068.154,0.00022452085836819802
0,37.0,8.0,0,0,1,1,21481.401,14322.581,23643.625,0.00013512886854181067
0,34.0,10.0,1,0,1,1,21551.935,10083.097,18471.582,0.0050073861202264815
0,46.0,11.0,0,0,1,1,21551.935,16112.903,13299.539,4.6485029426770285e-05
0,48.0,6.0,1,0,1,1,21551.935,16112.903,17732.719,0.0002935785875535024
0,42.0,10.0,0,0,1,1,21551.935,18798.387,22165.899,3.0367784833685877e-05
0,55.0,10.0,0,0,1,1,21551.935,19693.548,14777.266,8.606235474085162e-06
0,39.0,9.0,0,0,1,1,21551.935,19693.548,20688.172,2.9270540721045263e-05
0,41.0,10.0,1,0,1,1,21551.935,20767.742,25121.352,0.00017728798411262569
0,33.0,8.0,1,0,1,1,21551.935,22379.032,27485.714,0.0002021344510311807
0,22.0,10.0,1,0,1,1,21551.935,25064.516,31032.258,0.00025865792947044286
0,25.0,8.0,0,0,1,1,21551.935,25959.677,25121.352,1.652489719471339e-05
0,54.0,9.0,1,0,0,1,21551.935,30435.484,33987.711,2.4815912557367073e-05
0,49.0,8.0,0,0,0,1,21551.935,36316.694,44331.797,8.429381375814043e-07
0,35.0,10.0,0,0,1,1,21583.283,23847.097,22756.989,1.405957334929335e-05
0,43.0,9.0,0,0,1,1,21630.305,11565.484,11821.813,0.00017704855274549848
0,39.0,7.0,0,0,1,1,21712.595,24065.516,23643.625,8.471385648576408e-06
0,47.0,10.0,0,1,1,1,21943.788,18977.419,19210.445,0.00013937989747260247
0,51.0,10.0,0,0,1,1,21943.788,23274.194,25860.215,4.43612507810629e-06
0,51.0,10.0,0,0,1,1,21943.788,23274.194,25860.215,4.43612507810629e-06
0,49.0,5.0,0,1,1,1,22041.752,23274.194,20392.627,3.138981564204545e-05
0,48.0,11.0,0,0,1,1,22178.9,19693.548,16254.992,1.4538719628975727e-05
0,48.0,11.0,0,0,1,1,22178.9,19693.548,16254.992,1.4538719628975727e-05
0,30.0,10.0,1,0,1,1,22335.642,0.0,121173.58,0.08122216605266895
0,31.0,9.0,0,0,1,1,22531.568,21483.871,0.0,3.0989378563350505e-05
0,28.0,9.0,0,0,1,1,22727.495,20767.742,22904.762,4.635874102289409e-05
0,49.0,10.0,0,0,1,1,22727.495,23095.161,24086.943,4.997886504830865e-06
0,48.0,10.0,0,0,1,1,22727.495,26854.839,27042.396,2.024459377760173e-06
0,49.0,9.0,0,0,1,1,22727.495,30435.484,29554.531,7.051004224323794e-07
0,49.0,4.0,1,0,1,1,22968.485,28645.161,22165.899,8.113103791750873e-06
0,32.0,10.0,0,0,1,1,23025.303,21483.871,33987.711,2.8235027120730005e-05
0,30.0,11.0,0,0,1,1,23119.348,20051.613,22018.126,4.9523199076614636e-05
0,47.0,10.0,0,0,1,1,23236.904,17903.226,35364.952,2.1508682420039187e-05
0,31.0,10.0,0,0,1,1,23315.275,2467.0645,15220.584,0.004248487830271201
0,48.0,10.0,0,0,1,1,23511.202,2864.5161,0.0,0.0009818116682002993
0,28.0,11.0,0,0,1,1,23511.202,5370.9677,21796.467,0.0025718498256411745
0,33.0,10.0,1,0,1,1,23511.202,12532.258,18471.582,0.0023130519562823593
0,52.0,8.0,1,0,0,1,23511.202,15217.742,7093.0876,0.0012026056318751267
0,53.0,5.0,0,0,1,1,23511.202,17903.226,20215.3,1.0649441409537974e-05
0,42.0,6.0,0,0,1,1,23511.202,17903.226,23643.625,2.6423365047971026e-05
0,42.0,6.0,0,0,1,1,23511.202,17903.226,23643.625,2.6423365047971026e-05
0,42.0,6.0,0,0,1,1,23511.202,17903.226,23643.625,2.6423365047971026e-05
0,42.0,8.0,0,0,1,1,23511.202,18798.387,26569.524,2.264393184428682e-05
0,30.0,9.0,0,0,1,1,23511.202,19441.113,26599.078,5.1398996841147074e-05
0,36.0,7.0,1,0,1,1,23511.202,21483.871,13299.539,0.00015637899941037687
0,54.0,8.0,0,0,1,1,23511.202,21483.871,19210.445,4.349369379090622e-06
0,42.0,9.0,0,0,1,1,23511.202,21841.935,26303.533,1.0635372718100092e-05
0,51.0,8.0,1,0,1,1,23511.202,23274.194,23643.625,3.1166079016001674e-05
0,24.0,10.0,0,0,1,1,23511.202,25062.726,29678.661,1.9767609306546683e-05
0,23.0,10.0,0,0,1,1,23511.202,25064.516,25121.352,2.138244983865379e-05
0,50.0,8.0,0,0,1,1,23511.202,25243.548,26155.76,2.23290547156901e-06
0,51.0,11.0,0,0,1,1,23511.202,25780.645,27190.169,2.0205069390734677e-06
0,51.0,8.0,0,0,1,1,23511.202,26407.258,22165.899,1.522169611789729e-06
0,51.0,8.0,0,0,1,1,23511.202,27019.548,27337.942,1.2970540463631766e-06
0,30.0,10.0,0,0,1,1,23511.202,28645.161,28047.25,4.82449191034415e-06
0,52.0,11.0,0,0,1,1,23568.02,0.0,0.0,0.0015642686186177672
0,50.0,8.0,1,0,1,1,23707.128,28913.71,31032.258,7.560183679327184e-06
0,29.0,10.0,0,0,1,1,23711.047,26854.839,13299.539,8.156693350278529e-06
0,48.0,9.0,0,0,1,1,23859.951,25064.516,26968.51,2.74512822103128e-06
0,30.0,9.0,0,0,1,1,23903.055,23900.806,23791.398,1.53512517100106e-05
0,37.0,8.0,0,0,1,1,24098.982,22823.032,23145.631,1.1009380666603939e-05
0,28.0,11.0,0,0,1,1,24098.982,24169.355,35465.438,1.7764843457278696e-05
0,44.0,11.0,1,0,1,1,24294.908,35806.452,29554.531,2.118058112620604e-06
0,44.0,11.0,1,0,1,1,24294.908,35806.452,29554.531,2.118058112620604e-06
0,54.0,3.0,0,0,1,1,24530.02,19514.516,30549.041,5.336234672580987e-06
0,52.0,9.0,0,0,1,1,24627.984,25064.516,19210.445,1.8404435359663425e-06
0,35.0,9.0,1,0,1,1,24686.762,16829.032,20392.627,0.0005439565995859538
0,32.0,10.0,0,0,1,1,24686.762,27033.871,22904.762,5.5209378349878875e-06
0,47.0,7.0,0,0,1,1,24784.725,23811.29,25860.215,3.4412098295949222e-06
0,30.0,11.0,0,0,1,1,24882.688,26854.839,33248.848,6.901602868334026e-06
0,49.0,6.0,0,0,1,1,25274.542,21841.935,29111.214,4.478578137024662e-06
0,48.0,8.0,0,0,1,1,25470.468,0.0,13299.539,0.0015469915434783734
0,32.0,9.0,0,0,1,1,25470.468,1432.2581,24803.641,0.003909114696638273
0,44.0,6.0,0,0,1,1,25470.468,7619.6129,11821.813,0.00026775813844498876
0,48.0,8.0,0,1,1,1,25470.468,16112.903,23643.625,0.00017110988081851805
0,52.0,7.0,1,0,0,1,25470.468,17903.226,25121.352,0.0004628305990577065
0,49.0,11.0,0,0,1,1,25470.468,19693.548,481.73886,9.37931610591552e-06
0,38.0,9.0,0,0,1,1,25470.468,21483.871,47287.25,1.2934208890986277e-05
0,46.0,8.0,1,0,1,1,25470.468,21483.871,11390.316,5.964174206576594e-05
0,40.0,8.0,0,0,1,1,25470.468,21483.871,16254.992,1.0612986519604108e-05
0,44.0,3.0,1,0,1,1,25470.468,21483.871,26599.078,5.7242888320673326e-05
0,40.0,10.0,1,0,0,1,25470.468,23274.194,20688.172,0.00033062720489735717
0,26.0,8.0,1,0,1,1,25470.468,23274.194,23643.625,0.00018130521444598767
0,49.0,11.0,0,0,1,1,25470.468,25064.516,25121.352,2.303988342597339e-06
0,51.0,11.0,0,0,1,1,25470.468,25064.516,26599.078,1.967279224797324e-06
0,44.0,8.0,0,0,1,1,25470.468,26854.839,25860.215,1.9007219589044466e-06
0,47.0,8.0,0,0,1,1,25707.54,25064.516,19062.673,2.333397811472064e-06
0,49.0,8.0,0,0,1,1,25862.322,22916.129,16254.992,3.434894410127731e-06
0,40.0,8.0,0,0,1,1,25862.322,26138.71,26155.76,3.012049133317795e-06
0,48.0,10.0,0,0,0,1,26058.248,26854.839,33043.444,7.163338570959395e-06
0,35.0,9.0,1,0,1,1,26134.66,24169.355,26599.078,6.821487162330646e-05
0,44.0,6.0,0,1,1,1,26450.102,3580.6452,0.0,0.0051279460724143015
0,42.0,11.0,0,0,1,1,26450.102,22379.032,23327.392,7.261595966343151e-06
0,31.0,8.0,0,0,1,1,26450.102,32225.806,26953.733,1.171588986725789e-06
0,46.0,11.0,0,0,1,1,26841.955,29361.29,36943.164,8.177613166889e-07
0,51.0,10.0,1,0,1,1,27037.882,21483.871,26894.624,3.666843580607908e-05
0,50.0,8.0,0,0,0,1,27084.904,21125.806,26599.078,2.2572735900446734e-05
0,46.0,11.0,0,0,1,1,27429.735,9846.7742,16993.856,0.00012587151187023438
0,51.0,10.0,1,0,1,1,27429.735,25064.516,24382.488,1.3780416675277737e-05
0,41.0,7.0,1,0,1,1,27429.735,26708.032,14777.266,1.7534764330698713e-05
0,39.0,8.0,1,0,1,1,27429.735,26854.839,28076.805,2.056538542905188e-05
0,48.0,10.0,1,0,1,1,27429.735,30435.484,29554.531,4.290363898165132e-06
0,48.0,10.0,1,0,1,1,27429.735,30435.484,29554.531,4.290363898165132e-06
0,50.0,10.0,0,0,1,1,27429.735,32225.806,33987.711,2.5413996298718026e-07
0,49.0,6.0,1,0,1,1,27429.735,34016.129,32509.985,1.3260814728033496e-06
0,49.0,8.0,0,0,1,1,27482.635,25064.516,27337.942,1.6414178446183768e-06
0,47.0,7.0,0,0,1,1,27821.589,27929.032,28925.02,8.419872275850704e-07
0,42.0,9.0,0,0,1,1,28017.515,23453.226,26377.419,4.267832125493075e-06
0,42.0,9.0,0,0,1,1,28017.515,23453.226,26377.419,4.267832125493075e-06
0,45.0,10.0,0,0,1,1,28017.515,32225.806,36943.164,3.53787829487404e-07
0,55.0,10.0,0,0,1,1,28330.998,28602.194,28815.668,4.0008192534057873e-07
0,40.0,11.0,0,0,1,1,28409.369,12532.258,13299.539,9.005250717427995e-05
0,48.0,8.0,0,0,1,1,28409.369,26317.742,28076.805,1.15698858997599e-06
0,36.0,10.0,0,1,1,1,28409.369,28645.161,39159.754,1.3111679065322116e-05
0,46.0,9.0,1,0,1,1,28605.295,32225.806,41376.344,2.6598491702574e-06
0,46.0,10.0,0,0,1,1,28765.955,19514.516,25676.977,8.353946364192677e-06
0,45.0,9.0,1,0,1,1,28863.919,26854.839,36943.164,1.1391821483773004e-05
0,49.0,7.0,0,0,1,1,29247.935,20767.742,21341.327,3.99938543475826e-06
0,37.0,10.0,0,0,1,1,29369.409,27750.0,39898.618,1.850061516411553e-06
0,48.0,9.0,0,0,1,1,29389.002,19693.548,23052.535,6.1112245178957415e-06
0,37.0,11.0,1,0,1,1,29389.002,21483.871,13063.103,8.920619996462212e-05
0,28.0,10.0,0,0,1,1,29389.002,23274.194,22904.762,1.2108655993978537e-05
0,36.0,11.0,1,0,0,1,29389.002,25982.952,45809.524,0.00015159022885231004
0,40.0,11.0,0,0,1,1,29389.002,26407.258,31032.258,2.1530190188257294e-06
0,44.0,10.0,0,0,1,1,29389.002,26854.839,23643.625,1.3419077646535823e-06
0,47.0,10.0,1,0,1,1,29389.002,26854.839,0.0,9.558169453946096e-06
0,47.0,10.0,1,0,1,1,29389.002,26854.839,0.0,9.558169453946096e-06
0,30.0,11.0,0,1,1,1,29389.002,26854.839,36943.164,3.144635074433204e-05
0,33.0,10.0,0,0,1,1,29389.002,28645.161,36499.846,2.0038740901418367e-06
0,48.0,9.0,0,0,1,1,29389.002,32225.806,31032.258,2.3094661941471488e-07
0,19.0,11.0,1,0,0,1,29725.996,8806.5968,9457.4501,0.047495382809530376
0,38.0,9.0,0,0,1,1,29976.782,25064.516,47287.25,3.1019985652177704e-06
0,42.0,9.0,0,0,0,1,30368.635,19693.548,35465.438,4.489806160279124e-05
0,32.0,10.0,1,0,1,1,30930.945,35806.452,38125.346,2.54523167923336e-06
0,55.0,11.0,0,0,1,1,31048.501,31053.145,28076.805,1.630722729978847e-07
0,37.0,11.0,0,0,1,1,31250.305,26854.839,36943.164,1.981158143687786e-06
0,21.0,10.0,0,0,1,1,31348.269,10741.935,44331.797,0.00044956111675306676
0,51.0,11.0,1,0,1,1,31348.269,21483.871,26007.988,2.383612052620361e-05
0,42.0,6.0,1,0,1,1,31348.269,28645.161,20688.172,6.118411630825137e-06
0,42.0,5.0,1,0,1,1,31348.269,32225.806,23643.625,2.3061571138097468e-06
0,52.0,11.0,0,0,1,1,31348.269,33120.968,28076.805,1.1650856411889768e-07
0,45.0,5.0,0,0,1,1,31348.269,37596.774,31477.054,4.951046683375241e-08
0,49.0,8.0,0,0,1,1,31348.269,37596.774,38420.891,4.067567174529516e-08
0,48.0,8.0,0,0,1,1,31510.888,35795.71,28076.805,6.924413030613482e-08
0,48.0,8.0,0,0,1,1,31510.888,35795.71,28076.805,6.924413030613482e-08
0,55.0,7.0,1,0,1,1,32504.236,26854.839,31918.894,3.2089508771988195e-06
0,55.0,7.0,1,0,1,1,32504.236,26854.839,31918.894,3.2089508771988195e-06
0,47.0,11.0,0,0,1,1,32719.756,30435.484,36943.164,3.0041384332266597e-07
0,51.0,8.0,0,0,1,1,33111.609,27750.0,32362.212,3.757458086203757e-07
0,54.0,11.0,0,0,1,1,33158.631,32225.806,36943.164,1.0316483374196656e-07
0,42.0,9.0,0,0,1,1,33221.328,32225.806,33987.711,2.4415635296236616e-07
0,42.0,9.0,0,0,1,1,33221.328,32225.806,33987.711,2.4415635296236616e-07
0,51.0,8.0,1,0,1,1,33299.699,25064.516,25121.352,6.7049952156636235e-06
0,55.0,2.0,1,0,1,1,33307.536,20946.774,28076.805,1.1284830515242748e-05
0,32.0,10.0,0,0,1,1,33307.536,25064.516,29554.531,3.6046714432415986e-06
0,38.0,8.0,0,0,1,1,33307.536,35448.387,33987.711,1.3731077631515598e-07
0,42.0,11.0,0,0,1,1,33307.536,44758.065,54675.883,9.897818667303445e-09
0,49.0,8.0,0,0,1,1,33699.389,28645.161,2955.4531,3.266080505734662e-07
0,35.0,7.0,0,0,1,1,34091.242,28287.097,25121.352,9.979470707195037e-07
0,46.0,11.0,0,0,1,1,34287.169,30077.419,39898.618,3.008596528443677e-07
0,46.0,11.0,0,0,1,1,34287.169,30077.419,39898.618,3.008596528443677e-07
0,31.0,11.0,0,0,1,1,34483.096,35806.452,36943.164,2.1544832814000405e-07
0,52.0,10.0,0,0,1,1,35266.802,17187.097,39159.754,4.699502476530177e-06
0,51.0,8.0,1,0,1,1,35266.802,25064.516,1182.1813,5.4092942347780574e-06
0,51.0,9.0,0,0,0,1,35266.802,32225.806,39898.618,4.882536587642267e-07
0,52.0,8.0,1,0,1,1,35266.802,33120.968,44147.081,6.085475646150762e-07
0,49.0,6.0,0,0,1,1,35266.802,33120.968,26894.624,7.889717155953801e-08
0,48.0,10.0,0,0,1,1,35266.802,34911.29,38568.664,6.270364623415398e-08
0,31.0,10.0,0,0,1,1,35266.802,35806.452,44331.797,1.9006386478216527e-07
0,42.0,11.0,0,0,1,1,35266.802,44758.065,38420.891,7.991947248214511e-09
0,50.0,11.0,0,0,1,1,36205.291,38563.548,31032.258,1.9358982532358142e-08
0,50.0,11.0,0,0,1,1,36205.291,38563.548,31032.258,1.9358982532358142e-08
0,37.0,10.0,0,0,1,1,36246.436,17545.161,17732.719,1.2576705811755607e-05
0,37.0,10.0,0,0,1,1,36246.436,17545.161,17732.719,1.2576705811755607e-05
0,55.0,11.0,0,0,1,1,36638.289,37417.742,32177.496,1.6783651822938597e-08
0,50.0,11.0,0,0,1,1,36677.475,46548.387,47287.25,2.280788763290155e-09
0,41.0,8.0,1,0,1,1,36691.189,32888.226,42262.98,1.3199722514953284e-06
0,49.0,8.0,0,0,1,1,37226.069,14322.581,23643.625,9.390245130471082e-06
0,48.0,8.0,1,0,1,1,37226.069,26854.839,30569.73,3.4669276801530663e-06
0,48.0,8.0,1,0,1,1,37226.069,26854.839,30569.73,3.4669276801530663e-06
0,48.0,6.0,0,1,1,1,38670.049,42967.742,36943.164,3.345975369005089e-08
0,48.0,6.0,0,1,1,1,38670.049,42967.742,36943.164,3.345975369005089e-08
0,46.0,11.0,0,0,1,1,39185.336,39387.097,35465.438,1.5464784496033777e-08
0,29.0,10.0,0,0,1,1,41144.603,8951.6129,31032.258,0.00013099843346562606
0,55.0,8.0,0,0,1,1,43025.499,37972.742,51580.046,6.415150267573966e-09
0,32.0,10.0,0,0,1,1,43103.87,39387.097,36943.164,2.9280742032204887e-08
0,47.0,8.0,0,0,1,1,44667.365,33837.097,38568.664,2.973647931370785e-08
0,32.0,8.0,0,0,1,1,47022.403,67137.097,59109.063,1.2478007005873882e-11
0,47.0,10.0,0,0,1,1,48197.963,47968.113,55710.292,5.449796926586739e-10
0,54.0,0.0,0,1,1,1,49228.538,44220.968,20540.399,3.733505788788798e-09
0,40.0,8.0,0,0,1,1,50940.937,55500.0,53198.157,9.055600361443679e-11
